return_id,order_id,order_item_id,customer_id,product_id,return_date,return_quantity,return_reason,refund_amount,return_status
1,6,18,2903,972,2025-05-23,1,Damaged Product,30308.67,Completed
2,9,28,9600,956,2025-09-21,1,Late Delivery,39326.14,Completed
3,19,57,231,483,2023-11-29,4,Size/Fit Issue,325780.24,Completed
4,35,105,7982,726,2023-10-04,2,Wrong Product,98255.66,Completed
5,52,160,1012,316,2024-09-28,1,Wrong Product,62772.3,Completed
6,66,205,5878,694,2023-09-27,2,Wrong Product,151313.54,Completed
7,76,236,6261,462,2024-10-30,1,Damaged Product,42608.45,Completed
8,79,244,3088,878,2024-11-07,1,Wrong Product,81467.72,Completed
9,82,252,290,901,2023-05-06,2,Late Delivery,98129.56,Completed
10,83,261,1593,754,2023-10-02,1,Damaged Product,10158.79,Completed
11,85,267,4813,652,2025-05-10,1,Wrong Product,44850.32,Completed
12,88,276,1257,188,2024-08-02,2,Late Delivery,102071.26,Completed
13,90,285,7992,132,2024-07-29,2,Wrong Product,109873.0,Completed
14,90,287,7992,395,2024-07-29,1,Changed Mind,32399.17,Completed
15,93,299,7070,933,2025-03-28,3,Wrong Product,101575.26,Completed
16,95,304,6659,555,2023-12-28,1,Product Not as Expected,39589.69,Completed
17,99,318,3812,216,2025-01-29,1,Size/Fit Issue,2917.11,Completed
18,100,322,9750,466,2025-05-27,1,Product Not as Expected,39504.07,Completed
19,106,337,4959,133,2024-01-11,1,Changed Mind,12468.39,Completed
20,111,353,2677,202,2023-07-04,1,Product Not as Expected,32355.55,Completed
21,113,359,6954,739,2024-03-03,1,Size/Fit Issue,49616.69,Completed
22,126,398,2551,46,2024-03-03,1,Wrong Product,46849.91,Completed
23,130,407,6804,869,2023-04-27,2,Wrong Product,55199.48,Completed
24,131,409,2185,75,2025-04-09,2,Changed Mind,18632.18,Completed
25,132,411,7793,684,2023-01-26,1,Product Not as Expected,24811.38,Completed
26,133,412,3668,352,2024-10-01,1,Size/Fit Issue,3351.05,Completed
27,144,440,5259,388,2024-12-20,1,Wrong Product,31725.59,Completed
28,149,455,8988,383,2024-05-09,1,Product Not as Expected,37571.74,Completed
29,160,489,2770,64,2024-02-10,1,Quality Issue,12866.2,Completed
30,167,503,8009,77,2025-04-25,1,Damaged Product,55961.89,Completed
31,175,519,7615,544,2024-09-21,1,Changed Mind,60516.54,Completed
32,181,540,2972,719,2024-09-24,4,Quality Issue,310931.0,Completed
33,182,543,2242,773,2023-01-10,1,Damaged Product,10661.83,Completed
34,188,565,3216,862,2023-11-23,1,Size/Fit Issue,57732.85,Completed
35,219,661,5607,470,2024-11-15,3,Product Not as Expected,108151.83,Completed
36,227,677,2436,359,2023-05-28,1,Damaged Product,33738.98,Completed
37,227,678,2436,189,2023-05-28,1,Product Not as Expected,20527.13,Completed
38,255,754,7500,950,2025-11-20,1,Product Not as Expected,4878.32,Completed
39,256,758,2877,758,2025-05-04,2,Size/Fit Issue,141369.24,Completed
40,257,763,5033,308,2023-09-07,1,Late Delivery,11798.26,Completed
41,268,794,2261,187,2024-04-15,1,Size/Fit Issue,11139.84,Completed
42,273,807,8435,373,2025-08-23,1,Product Not as Expected,34142.24,Completed
43,290,864,4173,439,2025-04-18,1,Wrong Product,45327.89,Completed
44,301,902,9096,946,2023-12-30,1,Quality Issue,10079.07,Completed
45,302,905,9972,619,2024-06-29,2,Product Not as Expected,73559.9,Completed
46,321,965,475,381,2024-06-22,3,Size/Fit Issue,25848.81,Completed
47,326,979,534,314,2025-01-12,1,Quality Issue,18663.84,Completed
48,339,1008,4574,41,2023-09-20,2,Product Not as Expected,94351.28,Completed
49,342,1019,2427,226,2024-03-07,1,Late Delivery,3033.14,Completed
50,347,1033,2322,97,2025-02-22,1,Product Not as Expected,6899.98,Completed
51,357,1059,4908,34,2025-06-29,1,Product Not as Expected,54888.32,Completed
52,363,1078,9137,35,2024-11-30,3,Quality Issue,83863.89,Completed
53,367,1089,5342,480,2025-10-04,1,Quality Issue,4003.79,Completed
54,368,1090,1805,555,2025-02-14,1,Wrong Product,39589.69,Completed
55,372,1107,650,721,2023-11-08,1,Late Delivery,56611.31,Completed
56,388,1144,9035,523,2024-10-20,1,Size/Fit Issue,19573.08,Completed
57,390,1146,8007,542,2024-02-29,1,Late Delivery,71946.34,Completed
58,401,1181,5932,53,2023-03-01,1,Quality Issue,69627.87,Completed
59,412,1209,7460,509,2025-08-03,2,Changed Mind,38496.32,Completed
60,413,1213,7835,740,2025-09-12,1,Changed Mind,38333.46,Completed
61,414,1215,410,447,2025-10-23,1,Changed Mind,2781.28,Completed
62,415,1218,7007,101,2025-01-27,2,Wrong Product,149393.32,Completed
63,417,1223,8897,904,2024-08-29,1,Size/Fit Issue,59389.18,Completed
64,433,1275,1839,147,2024-09-27,1,Damaged Product,18186.11,Completed
65,436,1280,114,108,2024-05-28,1,Wrong Product,18525.05,Completed
66,439,1286,8838,993,2024-08-02,3,Changed Mind,165373.29,Completed
67,441,1293,87,526,2025-07-02,2,Late Delivery,19031.44,Completed
68,443,1298,876,306,2023-06-29,2,Late Delivery,87705.76,Completed
69,447,1305,7532,443,2025-07-20,3,Changed Mind,64871.97,Completed
70,447,1307,7532,28,2025-07-20,1,Quality Issue,16204.3,Completed
71,449,1312,1100,781,2025-11-13,2,Damaged Product,61375.94,Completed
72,451,1318,9765,634,2024-05-02,1,Size/Fit Issue,39143.06,Completed
73,456,1338,7339,453,2023-03-02,1,Product Not as Expected,16365.34,Completed
74,458,1341,1107,17,2025-05-14,2,Damaged Product,9930.04,Completed
75,459,1342,2836,214,2025-07-25,1,Size/Fit Issue,17174.56,Completed
76,466,1368,7607,517,2025-07-14,1,Size/Fit Issue,27837.58,Completed
77,481,1415,9445,845,2025-12-15,1,Product Not as Expected,16357.94,Completed
78,483,1418,7730,573,2024-10-30,2,Wrong Product,34422.62,Completed
79,484,1423,163,434,2023-06-14,1,Quality Issue,9458.96,Completed
80,485,1425,194,555,2023-08-11,1,Wrong Product,39589.69,Completed
81,489,1433,4183,777,2025-10-03,2,Damaged Product,71900.14,Completed
82,501,1464,5816,239,2025-01-03,1,Size/Fit Issue,2561.84,Completed
83,502,1466,2637,716,2024-03-07,1,Size/Fit Issue,37907.5,Completed
84,509,1495,6878,798,2024-12-18,1,Quality Issue,52611.13,Completed
85,516,1513,1131,320,2024-01-10,1,Wrong Product,28226.5,Completed
86,561,1636,3917,2,2025-08-28,2,Damaged Product,152789.86,Completed
87,567,1655,8864,953,2025-12-15,2,Damaged Product,24141.18,Completed
88,568,1661,8772,990,2024-04-12,1,Wrong Product,16191.64,Completed
89,575,1680,6906,776,2024-06-10,1,Size/Fit Issue,26241.11,Completed
90,577,1683,8140,306,2024-03-09,1,Late Delivery,43852.88,Completed
91,595,1736,1616,31,2025-02-20,2,Quality Issue,10556.4,Completed
92,598,1751,8556,603,2024-11-25,1,Quality Issue,3198.92,Completed
93,600,1756,6444,21,2024-12-27,1,Late Delivery,16665.28,Completed
94,610,1786,3749,528,2025-05-02,1,Changed Mind,48686.63,Completed
95,610,1787,3749,808,2025-05-02,1,Product Not as Expected,14621.63,Completed
96,612,1798,363,20,2024-02-26,1,Changed Mind,4130.41,Completed
97,621,1818,4287,462,2024-03-16,1,Damaged Product,42608.45,Completed
98,621,1820,4287,712,2024-03-16,2,Wrong Product,14077.4,Completed
99,622,1824,728,589,2024-04-05,1,Late Delivery,60461.14,Completed
100,632,1853,4778,978,2023-02-03,1,Changed Mind,70358.3,Completed
101,633,1857,1804,922,2025-09-20,4,Quality Issue,51947.52,Completed
102,635,1864,8141,535,2023-04-11,1,Size/Fit Issue,41797.84,Completed
103,636,1869,1210,603,2025-10-24,1,Late Delivery,3198.92,Completed
104,637,1870,9082,818,2023-01-28,1,Changed Mind,2517.2,Completed
105,645,1897,1648,694,2023-03-11,2,Late Delivery,151313.54,Completed
106,648,1906,3198,273,2023-07-18,1,Size/Fit Issue,58733.95,Completed
107,681,2009,4367,975,2025-04-04,2,Quality Issue,105625.86,Completed
108,689,2028,2894,804,2024-01-11,1,Quality Issue,65569.03,Completed
109,697,2051,1022,488,2024-03-15,1,Size/Fit Issue,10814.51,Completed
110,702,2073,4426,675,2024-07-07,1,Late Delivery,37207.72,Completed
111,708,2085,1340,833,2023-10-01,1,Late Delivery,49984.05,Completed
112,708,2087,1340,776,2023-10-01,2,Wrong Product,52482.22,Completed
113,717,2102,9447,43,2023-11-08,2,Product Not as Expected,89854.86,Completed
114,717,2103,9447,123,2023-11-08,1,Size/Fit Issue,12737.25,Completed
115,721,2120,3942,759,2023-09-08,1,Product Not as Expected,78235.66,Completed
116,723,2123,4308,638,2025-02-22,1,Late Delivery,48836.11,Completed
117,723,2126,4308,137,2025-02-22,1,Changed Mind,55784.74,Completed
118,731,2149,3992,353,2025-05-07,2,Quality Issue,89216.54,Completed
119,738,2174,7665,651,2023-10-08,1,Wrong Product,58787.12,Completed
120,747,2197,2202,522,2023-10-05,1,Wrong Product,7220.86,Completed
121,751,2203,9635,156,2024-07-20,1,Wrong Product,25532.83,Completed
122,772,2263,3674,268,2025-09-17,1,Quality Issue,76721.52,Completed
123,774,2267,9560,732,2025-10-21,3,Damaged Product,183460.41,Completed
124,776,2270,6598,512,2024-10-08,2,Damaged Product,16256.04,Completed
125,777,2273,5227,932,2023-05-21,2,Quality Issue,107357.38,Completed
126,780,2286,8560,83,2025-11-27,1,Damaged Product,37264.04,Completed
127,788,2310,3978,57,2023-04-10,2,Changed Mind,109431.3,Completed
128,789,2311,1915,901,2024-06-21,2,Damaged Product,98129.56,Completed
129,791,2319,6125,626,2025-07-03,1,Changed Mind,59305.86,Completed
130,798,2339,1400,92,2023-03-29,1,Product Not as Expected,20472.41,Completed
131,801,2346,3613,641,2023-12-19,4,Late Delivery,49663.36,Completed
132,807,2367,2471,835,2025-02-01,1,Wrong Product,33595.66,Completed
133,823,2409,5681,63,2025-10-30,1,Changed Mind,19746.23,Completed
134,826,2412,2385,20,2023-06-13,1,Quality Issue,4130.41,Completed
135,829,2421,8388,201,2024-06-12,1,Late Delivery,26322.63,Completed
136,830,2424,8468,300,2025-05-18,3,Size/Fit Issue,127434.75,Completed
137,835,2434,8480,292,2024-09-14,1,Changed Mind,55597.58,Completed
138,842,2461,8433,972,2023-11-15,1,Product Not as Expected,30308.67,Completed
139,843,2464,408,441,2023-08-12,1,Damaged Product,7558.87,Completed
140,862,2510,4149,773,2025-11-28,1,Product Not as Expected,10661.83,Completed
141,867,2525,4348,526,2025-07-03,2,Damaged Product,19031.44,Completed
142,893,2598,6509,712,2025-02-25,2,Damaged Product,14077.4,Completed
143,901,2627,7249,648,2024-11-08,1,Quality Issue,7799.17,Completed
144,906,2645,6743,495,2023-04-17,1,Quality Issue,36707.82,Completed
145,913,2663,411,1000,2024-06-01,2,Changed Mind,70587.52,Completed
146,922,2684,818,297,2025-11-20,2,Changed Mind,18968.46,Completed
147,925,2688,5255,106,2023-12-30,1,Product Not as Expected,46627.58,Completed
148,925,2689,5255,641,2023-12-30,1,Size/Fit Issue,12415.84,Completed
149,927,2696,487,92,2023-08-13,1,Quality Issue,20472.41,Completed
150,933,2717,87,904,2023-07-03,1,Wrong Product,59389.18,Completed
151,941,2743,6356,389,2023-01-01,1,Late Delivery,28890.02,Completed
152,943,2750,8779,205,2023-09-22,4,Quality Issue,175743.12,Completed
153,944,2752,4121,910,2025-10-04,1,Late Delivery,46134.06,Completed
154,945,2756,9324,104,2024-06-24,1,Late Delivery,6636.56,Completed
155,948,2766,5444,893,2025-06-06,1,Quality Issue,24158.85,Completed
156,963,2818,8650,3,2025-05-03,1,Late Delivery,43470.0,Completed
157,966,2830,4312,882,2025-08-02,1,Damaged Product,8514.18,Completed
158,967,2833,2532,630,2024-11-01,2,Changed Mind,81594.52,Completed
159,968,2835,7145,245,2025-01-14,1,Wrong Product,22158.81,Completed
160,984,2885,6543,22,2025-06-22,1,Late Delivery,18377.28,Completed
161,988,2901,6778,24,2024-05-18,1,Late Delivery,34565.44,Completed
162,992,2911,7697,785,2025-11-09,2,Late Delivery,32581.22,Completed
163,995,2918,5276,237,2024-04-02,1,Quality Issue,17431.72,Completed
164,1002,2948,6359,406,2024-09-07,2,Damaged Product,111033.68,Completed
165,1003,2951,8999,422,2024-07-28,1,Damaged Product,36577.78,Completed
166,1005,2959,3856,385,2024-01-23,2,Product Not as Expected,102391.02,Completed
167,1010,2978,8621,628,2024-10-18,1,Size/Fit Issue,71460.85,Completed
168,1013,2992,5867,321,2024-02-21,1,Quality Issue,64212.74,Completed
169,1021,3007,8919,603,2025-01-25,1,Size/Fit Issue,3198.92,Completed
170,1039,3060,8098,41,2024-07-29,1,Damaged Product,47175.64,Completed
171,1044,3076,9333,261,2025-05-12,1,Quality Issue,56424.61,Completed
172,1045,3079,5647,422,2025-05-18,1,Changed Mind,36577.78,Completed
173,1047,3082,5633,69,2025-11-27,1,Wrong Product,32929.62,Completed
174,1050,3089,3868,532,2024-05-31,1,Changed Mind,60027.29,Completed
175,1050,3092,3868,328,2024-05-31,1,Late Delivery,71127.26,Completed
176,1054,3102,1661,266,2024-01-29,3,Late Delivery,29670.72,Completed
177,1060,3123,2916,552,2023-05-01,1,Late Delivery,36436.81,Completed
178,1063,3137,2048,207,2023-08-05,1,Wrong Product,83983.48,Completed
179,1068,3152,6614,383,2025-07-05,1,Quality Issue,37571.74,Completed
180,1070,3155,8005,283,2023-08-19,1,Wrong Product,68428.94,Completed
181,1075,3177,2089,164,2024-07-02,1,Product Not as Expected,9622.11,Completed
182,1076,3183,3582,857,2023-03-05,2,Size/Fit Issue,6064.78,Completed
183,1080,3196,6700,384,2025-12-14,1,Wrong Product,63602.85,Completed
184,1103,3254,5945,155,2025-03-31,1,Quality Issue,75355.28,Completed
185,1108,3274,2839,503,2024-02-18,1,Late Delivery,59379.17,Completed
186,1111,3284,1955,208,2025-08-14,1,Quality Issue,53391.84,Completed
187,1113,3294,7987,119,2024-11-06,3,Size/Fit Issue,187382.4,Completed
188,1119,3322,2861,78,2023-08-23,1,Quality Issue,40031.47,Completed
189,1121,3327,4010,503,2025-09-24,1,Late Delivery,59379.17,Completed
190,1122,3333,3339,566,2023-04-17,2,Wrong Product,107970.48,Completed
191,1130,3359,3713,440,2025-04-22,1,Quality Issue,53089.24,Completed
192,1139,3384,7820,879,2025-01-06,2,Size/Fit Issue,4934.38,Completed
193,1139,3385,7820,268,2025-01-06,1,Quality Issue,76721.52,Completed
194,1143,3394,1722,185,2024-11-15,1,Changed Mind,48632.58,Completed
195,1148,3409,2467,886,2024-03-15,3,Wrong Product,148005.54,Completed
196,1163,3454,6777,501,2025-12-15,1,Damaged Product,7509.52,Completed
197,1182,3506,6206,573,2024-02-20,1,Changed Mind,17211.31,Completed
198,1185,3513,1819,800,2023-04-15,1,Quality Issue,11619.45,Completed
199,1188,3524,9586,994,2025-11-04,2,Changed Mind,110937.2,Completed
200,1196,3558,344,361,2024-07-14,1,Quality Issue,39557.35,Completed
201,1202,3572,4358,784,2023-08-09,3,Size/Fit Issue,198841.35,Completed
202,1205,3580,4986,135,2023-04-15,1,Damaged Product,54446.43,Completed
203,1223,3628,4830,77,2025-03-21,1,Product Not as Expected,55961.89,Completed
204,1231,3656,3569,150,2025-06-06,4,Size/Fit Issue,91849.32,Completed
205,1259,3739,1479,176,2024-08-29,1,Product Not as Expected,4905.76,Completed
206,1271,3781,3281,102,2023-02-16,1,Size/Fit Issue,41669.88,Completed
207,1272,3782,7183,92,2023-10-03,1,Product Not as Expected,20472.41,Completed
208,1279,3806,5000,202,2023-10-29,1,Damaged Product,32355.55,Completed
209,1281,3813,6727,396,2024-11-15,1,Size/Fit Issue,49585.04,Completed
210,1286,3828,7706,81,2024-09-15,1,Changed Mind,9114.31,Completed
211,1290,3838,5012,390,2025-10-21,3,Damaged Product,176978.97,Completed
212,1297,3869,6203,116,2025-08-03,2,Product Not as Expected,169288.5,Completed
213,1298,3873,5368,462,2025-11-04,1,Quality Issue,42608.45,Completed
214,1300,3876,3212,97,2023-02-05,1,Quality Issue,6899.98,Completed
215,1302,3883,4520,418,2025-12-22,1,Product Not as Expected,6259.15,Completed
216,1305,3895,6239,992,2024-09-12,1,Damaged Product,26378.31,Completed
217,1320,3943,6520,2,2025-08-20,1,Late Delivery,76394.93,Completed
218,1326,3957,9346,572,2025-07-02,1,Product Not as Expected,16804.56,Completed
219,1327,3965,1874,732,2023-09-01,1,Late Delivery,61153.47,Completed
220,1330,3971,7738,359,2024-03-31,2,Wrong Product,67477.96,Completed
221,1348,4010,5940,328,2025-10-14,1,Product Not as Expected,71127.26,Completed
222,1350,4017,138,273,2023-05-21,1,Wrong Product,58733.95,Completed
223,1378,4087,4765,909,2025-09-28,4,Product Not as Expected,225681.88,Completed
224,1382,4103,3108,328,2024-04-28,1,Changed Mind,71127.26,Completed
225,1384,4112,407,766,2024-09-12,1,Late Delivery,48070.39,Completed
226,1392,4135,3012,839,2024-03-12,1,Quality Issue,27297.72,Completed
227,1399,4158,9771,477,2023-10-16,1,Size/Fit Issue,35861.59,Completed
228,1409,4190,5599,907,2025-11-29,1,Quality Issue,22748.66,Completed
229,1413,4206,6315,35,2024-02-09,1,Late Delivery,27954.63,Completed
230,1414,4211,4563,728,2023-10-06,1,Late Delivery,72056.51,Completed
231,1416,4216,7255,587,2024-09-23,2,Quality Issue,77371.46,Completed
232,1421,4237,1723,757,2023-12-09,1,Late Delivery,24510.12,Completed
233,1422,4238,2227,641,2025-09-30,2,Damaged Product,24831.68,Completed
234,1432,4263,6768,222,2024-12-09,1,Wrong Product,5223.93,Completed
235,1438,4283,118,25,2023-10-27,3,Product Not as Expected,90808.44,Completed
236,1438,4285,118,679,2023-10-27,1,Wrong Product,5822.9,Completed
237,1440,4293,1439,244,2023-11-18,1,Quality Issue,28864.17,Completed
238,1442,4300,8183,60,2024-09-30,2,Quality Issue,142126.28,Completed
239,1453,4325,4080,461,2025-05-27,1,Product Not as Expected,57237.0,Completed
240,1453,4327,4080,934,2025-05-27,1,Size/Fit Issue,13975.94,Completed
241,1464,4357,359,649,2023-03-06,1,Size/Fit Issue,52465.73,Completed
242,1477,4401,6979,350,2024-05-10,1,Damaged Product,35700.73,Completed
243,1483,4420,427,10,2023-09-21,1,Wrong Product,2841.22,Completed
244,1487,4441,1128,214,2023-09-21,1,Changed Mind,17174.56,Completed
245,1488,4442,6847,245,2024-03-27,2,Wrong Product,44317.62,Completed
246,1494,4464,1714,712,2025-10-16,1,Quality Issue,7038.7,Completed
247,1505,4497,6830,302,2024-05-04,3,Wrong Product,37746.9,Completed
248,1521,4535,9583,991,2024-03-22,3,Size/Fit Issue,48945.36,Completed
249,1527,4550,3037,619,2024-03-29,2,Wrong Product,73559.9,Completed
250,1534,4569,7853,55,2024-01-26,1,Product Not as Expected,49310.63,Completed
251,1534,4571,7853,555,2024-01-26,1,Damaged Product,39589.69,Completed
252,1541,4596,236,855,2023-10-11,1,Product Not as Expected,50092.69,Completed
253,1541,4599,236,248,2023-10-11,3,Wrong Product,4116.63,Completed
254,1557,4649,8197,48,2023-12-06,3,Damaged Product,72647.97,Completed
255,1565,4673,5741,684,2023-01-14,1,Quality Issue,24811.38,Completed
256,1567,4676,6551,243,2023-07-10,1,Wrong Product,19599.65,Completed
257,1582,4716,1409,907,2023-03-01,1,Damaged Product,22748.66,Completed
258,1584,4722,2757,176,2024-02-20,1,Wrong Product,4905.76,Completed
259,1591,4734,510,544,2025-02-09,1,Quality Issue,60516.54,Completed
260,1596,4744,8844,445,2024-09-03,1,Late Delivery,56192.08,Completed
261,1604,4771,89,445,2025-01-24,1,Damaged Product,56192.08,Completed
262,1607,4783,5382,732,2024-06-07,1,Size/Fit Issue,61153.47,Completed
263,1609,4790,8014,473,2025-02-26,1,Damaged Product,21534.86,Completed
264,1613,4801,950,537,2025-12-29,1,Quality Issue,53194.66,Completed
265,1615,4807,9732,512,2024-04-30,3,Late Delivery,24384.06,Completed
266,1617,4815,9010,160,2024-09-26,2,Damaged Product,119053.52,Completed
267,1617,4817,9010,708,2024-09-26,1,Damaged Product,27271.15,Completed
268,1619,4822,1617,539,2024-03-29,4,Size/Fit Issue,236774.36,Completed
269,1620,4827,3346,831,2025-10-16,1,Late Delivery,72426.36,Completed
270,1620,4829,3346,160,2025-10-16,1,Wrong Product,59526.76,Completed
271,1625,4848,1560,286,2025-01-21,2,Changed Mind,140236.32,Completed
272,1628,4856,4190,116,2023-08-19,1,Changed Mind,84644.25,Completed
273,1641,4894,2335,31,2024-08-23,1,Wrong Product,5278.2,Completed
274,1641,4896,2335,488,2024-08-23,1,Wrong Product,10814.51,Completed
275,1642,4897,5543,922,2024-05-03,1,Product Not as Expected,12986.88,Completed
276,1643,4899,4666,926,2023-11-09,1,Quality Issue,1457.04,Completed
277,1645,4909,5859,479,2025-12-18,1,Product Not as Expected,1432.07,Completed
278,1648,4921,2492,278,2024-01-10,1,Late Delivery,32103.08,Completed
279,1650,4925,1451,110,2025-06-22,1,Wrong Product,61600.35,Completed
280,1658,4951,9404,655,2023-11-19,1,Changed Mind,43388.81,Completed
281,1664,4969,5270,506,2025-01-29,1,Damaged Product,48220.73,Completed
282,1664,4972,5270,566,2025-01-29,1,Quality Issue,53985.24,Completed
283,1670,4986,1685,206,2023-11-14,1,Size/Fit Issue,9861.1,Completed
284,1670,4988,1685,661,2023-11-14,1,Size/Fit Issue,6801.17,Completed
285,1673,4994,9206,655,2025-10-13,1,Wrong Product,43388.81,Completed
286,1680,5017,9968,266,2024-04-29,2,Wrong Product,19780.48,Completed
287,1681,5020,3084,698,2023-05-18,2,Changed Mind,72753.2,Completed
288,1683,5031,9412,205,2024-11-25,1,Wrong Product,43935.78,Completed
289,1688,5048,3494,461,2023-09-04,1,Quality Issue,57237.0,Completed
290,1696,5076,2478,273,2024-08-08,3,Damaged Product,176201.85,Completed
291,1698,5086,4718,966,2024-09-20,1,Late Delivery,45203.42,Completed
292,1714,5138,4149,523,2024-11-20,1,Changed Mind,19573.08,Completed
293,1720,5157,3762,658,2024-12-17,1,Product Not as Expected,17062.2,Completed
294,1730,5187,8929,387,2023-06-11,1,Size/Fit Issue,52394.46,Completed
295,1732,5196,4411,509,2023-11-10,1,Quality Issue,19248.16,Completed
296,1741,5222,1579,484,2024-11-08,1,Late Delivery,62844.55,Completed
297,1755,5265,9408,679,2025-02-05,1,Damaged Product,5822.9,Completed
298,1768,5304,6183,960,2023-08-04,1,Damaged Product,63180.8,Completed
299,1779,5328,2996,668,2023-08-06,1,Wrong Product,68374.32,Completed
300,1779,5330,2996,422,2023-08-06,2,Product Not as Expected,73155.56,Completed
301,1781,5335,1383,970,2023-04-13,1,Size/Fit Issue,22703.56,Completed
302,1790,5368,518,871,2024-12-23,1,Size/Fit Issue,12164.93,Completed
303,1793,5375,4987,193,2025-10-27,2,Product Not as Expected,175970.1,Completed
304,1795,5384,3610,2,2024-01-07,2,Size/Fit Issue,152789.86,Completed
305,1803,5412,458,396,2024-06-10,1,Late Delivery,49585.04,Completed
306,1831,5496,6338,959,2023-08-12,1,Damaged Product,70639.35,Completed
307,1840,5521,5341,972,2023-10-15,4,Size/Fit Issue,121234.68,Completed
308,1842,5527,8152,427,2023-01-10,2,Changed Mind,86277.32,Completed
309,1849,5547,150,462,2023-06-03,3,Late Delivery,127825.35,Completed
310,1851,5550,3214,755,2025-08-13,1,Size/Fit Issue,18693.1,Completed
311,1854,5558,7256,833,2023-12-10,1,Product Not as Expected,49984.05,Completed
312,1862,5579,9229,115,2025-03-25,1,Late Delivery,15951.35,Completed
313,1865,5585,8350,143,2024-11-22,1,Quality Issue,57065.25,Completed
314,1866,5590,4731,596,2023-05-12,1,Late Delivery,18491.15,Completed
315,1868,5594,9058,674,2023-11-12,2,Wrong Product,88416.38,Completed
316,1870,5602,8351,509,2025-08-03,1,Wrong Product,19248.16,Completed
317,1887,5652,6139,713,2023-09-23,2,Product Not as Expected,78326.64,Completed
318,1889,5655,2691,61,2025-12-06,1,Late Delivery,55328.05,Completed
319,1893,5664,6044,341,2025-01-11,1,Product Not as Expected,11306.84,Completed
320,1899,5684,6096,658,2025-06-14,1,Late Delivery,17062.2,Completed
321,1916,5735,7701,508,2025-12-11,1,Changed Mind,66003.7,Completed
322,1917,5737,339,589,2025-12-26,1,Changed Mind,60461.14,Completed
323,1919,5743,5683,266,2025-11-14,2,Changed Mind,19780.48,Completed
324,1925,5765,6307,660,2023-01-27,1,Quality Issue,24698.97,Completed
325,1925,5766,6307,49,2023-01-27,2,Late Delivery,104638.42,Completed
326,1929,5780,826,773,2025-01-14,1,Changed Mind,10661.83,Completed
327,1931,5787,3813,688,2024-05-25,1,Quality Issue,57528.79,Completed
328,1946,5828,4401,913,2025-09-24,1,Changed Mind,29739.74,Completed
329,1947,5832,1329,706,2025-10-05,1,Size/Fit Issue,39123.19,Completed
330,1956,5863,1845,206,2024-06-16,2,Late Delivery,19722.2,Completed
331,1956,5866,1845,684,2024-06-16,3,Quality Issue,74434.14,Completed
332,1961,5879,1954,920,2025-11-15,1,Wrong Product,34221.06,Completed
333,1969,5904,5565,332,2024-11-19,1,Wrong Product,48366.16,Completed
334,1989,5959,6600,64,2023-07-04,1,Quality Issue,12866.2,Completed
335,2006,6013,9274,293,2025-11-15,1,Size/Fit Issue,14013.61,Completed
336,2013,6030,2847,394,2023-08-03,1,Late Delivery,42580.81,Completed
337,2014,6034,7640,883,2024-10-27,3,Late Delivery,212738.22,Completed
338,2024,6065,7494,566,2023-03-16,1,Quality Issue,53985.24,Completed
339,2026,6074,459,833,2025-04-05,1,Product Not as Expected,49984.05,Completed
340,2027,6076,2607,193,2023-05-27,1,Product Not as Expected,87985.05,Completed
341,2033,6090,7821,665,2024-10-29,3,Size/Fit Issue,31774.47,Completed
342,2086,6245,7239,614,2025-01-09,1,Product Not as Expected,54167.99,Completed
343,2087,6247,3393,621,2025-07-12,2,Product Not as Expected,19870.22,Completed
344,2087,6249,3393,224,2025-07-12,1,Damaged Product,29142.1,Completed
345,2096,6276,9844,555,2023-02-14,1,Late Delivery,39589.69,Completed
346,2098,6284,3221,297,2024-01-13,1,Product Not as Expected,9484.23,Completed
347,2101,6292,8393,344,2023-12-06,1,Changed Mind,4082.01,Completed
348,2102,6296,1163,248,2024-01-15,1,Quality Issue,1372.21,Completed
349,2110,6318,7675,743,2024-11-02,1,Late Delivery,22075.79,Completed
350,2112,6321,4809,728,2024-07-28,1,Size/Fit Issue,72056.51,Completed
351,2131,6366,3031,451,2023-01-12,1,Damaged Product,17488.8,Completed
352,2134,6373,6335,590,2025-05-29,1,Wrong Product,32485.63,Completed
353,2134,6374,6335,779,2025-05-29,3,Product Not as Expected,156001.98,Completed
354,2141,6396,3354,429,2024-12-21,2,Late Delivery,26986.84,Completed
355,2141,6398,3354,135,2024-12-21,1,Damaged Product,54446.43,Completed
356,2145,6408,8118,877,2023-04-25,1,Damaged Product,30569.83,Completed
357,2148,6417,8622,462,2023-02-23,1,Wrong Product,42608.45,Completed
358,2148,6419,8622,502,2023-02-23,4,Damaged Product,199724.08,Completed
359,2159,6456,9822,292,2023-03-07,2,Product Not as Expected,111195.16,Completed
360,2164,6470,9955,385,2024-02-13,1,Product Not as Expected,51195.51,Completed
361,2165,6474,8328,124,2024-11-16,2,Changed Mind,64506.2,Completed
362,2170,6486,7063,240,2024-11-22,2,Quality Issue,28998.1,Completed
363,2171,6490,4210,938,2025-09-10,1,Size/Fit Issue,41472.77,Completed
364,2175,6500,380,7,2025-04-04,1,Late Delivery,35843.35,Completed
365,2180,6520,7526,561,2024-01-19,1,Late Delivery,17547.13,Completed
366,2192,6553,4115,67,2023-06-23,1,Quality Issue,27469.03,Completed
367,2213,6614,7573,580,2024-09-13,3,Wrong Product,8310.75,Completed
368,2215,6623,5471,964,2023-09-02,1,Quality Issue,38062.26,Completed
369,2226,6665,2254,991,2025-10-14,1,Product Not as Expected,16315.12,Completed
370,2230,6677,6962,916,2025-09-18,1,Product Not as Expected,48367.88,Completed
371,2234,6688,9832,9,2024-11-06,1,Product Not as Expected,61804.18,Completed
372,2238,6702,2733,227,2023-07-30,1,Wrong Product,15855.11,Completed
373,2239,6706,2502,912,2023-12-06,1,Changed Mind,12513.25,Completed
374,2243,6722,6208,869,2025-05-01,1,Product Not as Expected,27599.74,Completed
375,2244,6724,7440,877,2023-07-20,1,Late Delivery,30569.83,Completed
376,2251,6743,1329,426,2024-07-15,1,Wrong Product,13381.73,Completed
377,2253,6751,8826,517,2023-09-12,1,Quality Issue,27837.58,Completed
378,2259,6771,5434,390,2024-09-01,1,Changed Mind,58992.99,Completed
379,2266,6786,7305,160,2024-07-05,1,Quality Issue,59526.76,Completed
380,2274,6809,9342,532,2025-06-28,1,Wrong Product,60027.29,Completed
381,2275,6812,192,575,2024-06-08,3,Size/Fit Issue,141379.05,Completed
382,2275,6814,192,186,2024-06-08,3,Late Delivery,189087.27,Completed
383,2282,6834,8120,518,2023-01-14,2,Wrong Product,13146.12,Completed
384,2288,6848,2758,447,2024-10-24,2,Product Not as Expected,5562.56,Completed
385,2295,6869,4272,470,2024-08-06,1,Wrong Product,36050.61,Completed
386,2297,6878,160,84,2023-10-01,1,Quality Issue,12692.83,Completed
387,2298,6881,5896,433,2025-05-07,2,Damaged Product,94860.1,Completed
388,2298,6882,5896,56,2025-05-07,1,Late Delivery,9324.88,Completed
389,2321,6954,913,817,2023-08-05,1,Late Delivery,57746.72,Completed
390,2322,6959,1742,596,2024-06-26,1,Damaged Product,18491.15,Completed
391,2323,6963,1315,545,2025-10-06,1,Wrong Product,6106.17,Completed
392,2325,6974,7681,225,2023-07-28,1,Wrong Product,42762.46,Completed
393,2338,7015,5477,468,2023-03-18,1,Wrong Product,31010.39,Completed
394,2341,7026,273,403,2025-11-02,1,Size/Fit Issue,13616.52,Completed
395,2346,7045,9507,193,2024-08-21,2,Size/Fit Issue,175970.1,Completed
396,2375,7129,497,319,2023-03-11,2,Size/Fit Issue,2539.38,Completed
397,2378,7139,9412,310,2023-02-01,3,Size/Fit Issue,168926.52,Completed
398,2381,7151,4614,835,2025-01-03,1,Late Delivery,33595.66,Completed
399,2383,7158,8830,131,2023-12-09,1,Quality Issue,72766.86,Completed
400,2384,7160,7961,954,2025-11-19,2,Wrong Product,72291.46,Completed
401,2390,7179,9776,995,2025-03-10,2,Late Delivery,44173.58,Completed
402,2392,7184,9565,659,2023-09-25,1,Wrong Product,41906.8,Completed
403,2392,7185,9565,517,2023-09-25,1,Size/Fit Issue,27837.58,Completed
404,2393,7189,1908,833,2024-04-11,2,Damaged Product,99968.1,Completed
405,2394,7194,8197,342,2024-09-17,1,Damaged Product,15005.18,Completed
406,2402,7221,7621,109,2025-12-19,1,Changed Mind,18503.86,Completed
407,2408,7232,1773,483,2023-10-05,1,Late Delivery,81445.06,Completed
408,2412,7241,2566,173,2023-08-17,1,Size/Fit Issue,83103.03,Completed
409,2425,7284,2496,836,2024-12-26,1,Wrong Product,41004.0,Completed
410,2429,7296,6985,929,2025-09-01,1,Product Not as Expected,38049.95,Completed
411,2429,7299,6985,822,2025-09-01,3,Damaged Product,38640.33,Completed
412,2438,7324,2228,910,2024-05-20,1,Late Delivery,46134.06,Completed
413,2442,7337,6981,79,2025-11-11,4,Damaged Product,86981.56,Completed
414,2450,7366,4122,419,2023-10-13,3,Damaged Product,165142.02,Completed
415,2453,7370,1769,97,2023-04-22,2,Late Delivery,13799.96,Completed
416,2467,7417,3756,577,2024-12-13,1,Late Delivery,28640.16,Completed
417,2468,7419,7555,717,2023-08-15,1,Quality Issue,79658.52,Completed
418,2469,7426,8228,440,2025-11-11,1,Damaged Product,53089.24,Completed
419,2471,7434,3655,509,2024-10-10,1,Quality Issue,19248.16,Completed
420,2482,7467,8945,192,2024-01-08,2,Product Not as Expected,104673.3,Completed
421,2483,7471,5854,887,2023-06-21,1,Wrong Product,31901.21,Completed
422,2484,7474,9952,716,2024-12-07,1,Changed Mind,37907.5,Completed
423,2496,7505,7414,747,2023-08-13,1,Quality Issue,29958.97,Completed
424,2506,7540,1586,839,2023-04-17,1,Changed Mind,27297.72,Completed
425,2511,7558,6132,69,2023-01-08,1,Changed Mind,32929.62,Completed
426,2517,7578,9827,303,2024-08-20,1,Damaged Product,30281.73,Completed
427,2518,7579,2551,587,2023-03-18,1,Wrong Product,38685.73,Completed
428,2519,7585,7603,31,2024-03-29,1,Late Delivery,5278.2,Completed
429,2523,7597,2242,102,2023-08-21,1,Size/Fit Issue,41669.88,Completed
430,2526,7602,2607,410,2025-10-22,3,Quality Issue,55575.06,Completed
431,2528,7608,7411,883,2025-12-09,1,Late Delivery,70912.74,Completed
432,2536,7630,4646,168,2023-10-30,1,Quality Issue,28085.21,Completed
433,2541,7647,2633,97,2023-06-18,1,Size/Fit Issue,6899.98,Completed
434,2541,7648,2633,274,2023-06-18,2,Damaged Product,90987.06,Completed
435,2548,7667,8365,549,2025-12-15,1,Late Delivery,51380.02,Completed
436,2550,7670,1424,160,2024-08-30,2,Quality Issue,119053.52,Completed
437,2553,7681,6539,878,2025-07-21,2,Damaged Product,162935.44,Completed
438,2557,7693,9611,248,2023-09-10,1,Wrong Product,1372.21,Completed
439,2565,7710,7319,331,2025-12-23,1,Damaged Product,20733.41,Completed
440,2566,7715,3788,721,2025-04-11,4,Product Not as Expected,226445.24,Completed
441,2570,7723,7247,35,2023-03-17,1,Late Delivery,27954.63,Completed
442,2572,7726,8966,450,2024-10-08,1,Product Not as Expected,21499.43,Completed
443,2573,7731,4207,897,2025-01-27,4,Wrong Product,214885.24,Completed
444,2575,7735,615,730,2023-02-16,1,Damaged Product,6687.12,Completed
445,2581,7753,2420,444,2025-10-10,1,Damaged Product,12023.01,Completed
446,2596,7789,706,147,2023-05-28,2,Product Not as Expected,36372.22,Completed
447,2604,7812,3710,14,2023-11-03,2,Quality Issue,50372.34,Completed
448,2636,7892,1767,831,2023-01-03,1,Size/Fit Issue,72426.36,Completed
449,2637,7895,2925,47,2024-03-20,1,Late Delivery,33493.63,Completed
450,2643,7912,8719,470,2023-08-11,1,Size/Fit Issue,36050.61,Completed
451,2646,7923,589,766,2024-12-27,1,Wrong Product,48070.39,Completed
452,2662,7967,7432,353,2025-01-22,2,Damaged Product,89216.54,Completed
453,2667,7978,743,231,2023-05-24,1,Size/Fit Issue,21715.73,Completed
454,2669,7982,1939,294,2023-05-02,4,Product Not as Expected,167599.48,Completed
455,2676,8003,4088,695,2024-07-18,1,Damaged Product,36339.69,Completed
456,2687,8043,4692,920,2024-03-26,1,Quality Issue,34221.06,Completed
457,2691,8051,9293,934,2025-03-24,3,Size/Fit Issue,41927.82,Completed
458,2699,8074,3719,604,2025-05-14,1,Size/Fit Issue,36921.48,Completed
459,2702,8088,3568,713,2024-06-17,1,Product Not as Expected,39163.32,Completed
460,2705,8096,4033,248,2025-11-24,1,Size/Fit Issue,1372.21,Completed
461,2716,8135,3600,831,2025-03-20,1,Damaged Product,72426.36,Completed
462,2723,8160,56,348,2025-01-02,1,Size/Fit Issue,67157.47,Completed
463,2725,8163,6000,395,2024-06-13,1,Wrong Product,32399.17,Completed
464,2729,8173,7637,712,2025-01-27,1,Damaged Product,7038.7,Completed
465,2745,8224,8627,833,2025-02-28,3,Damaged Product,149952.15,Completed
466,2751,8243,863,9,2023-04-15,1,Wrong Product,61804.18,Completed
467,2755,8253,8352,107,2023-11-03,2,Size/Fit Issue,126852.2,Completed
468,2756,8258,648,872,2024-07-22,1,Changed Mind,57660.72,Completed
469,2761,8274,6773,996,2025-03-25,1,Late Delivery,43007.78,Completed
470,2765,8284,9629,541,2024-09-17,1,Product Not as Expected,38960.03,Completed
471,2766,8289,410,356,2023-03-10,1,Size/Fit Issue,27519.26,Completed
472,2780,8329,3108,82,2024-06-01,1,Changed Mind,40379.87,Completed
473,2784,8341,9878,552,2025-08-21,1,Size/Fit Issue,36436.81,Completed
474,2785,8346,7939,133,2025-09-16,3,Changed Mind,37405.17,Completed
475,2787,8353,3348,879,2023-02-27,2,Changed Mind,4934.38,Completed
476,2796,8381,1154,887,2024-06-16,1,Quality Issue,31901.21,Completed
477,2812,8425,3787,784,2024-02-03,1,Quality Issue,66280.45,Completed
478,2815,8435,1635,248,2024-05-23,1,Late Delivery,1372.21,Completed
479,2816,8438,9349,980,2023-01-12,1,Size/Fit Issue,29796.15,Completed
480,2825,8462,7095,933,2025-04-04,1,Changed Mind,33858.42,Completed
481,2829,8475,9400,449,2024-04-11,1,Size/Fit Issue,51653.16,Completed
482,2836,8497,6565,751,2025-11-24,1,Size/Fit Issue,67959.34,Completed
483,2841,8510,3188,348,2025-04-21,1,Late Delivery,67157.47,Completed
484,2851,8539,6458,669,2025-10-27,1,Changed Mind,52366.39,Completed
485,2860,8569,6482,592,2023-06-12,3,Changed Mind,24621.69,Completed
486,2862,8574,533,870,2024-10-10,1,Quality Issue,11548.78,Completed
487,2876,8618,7324,723,2024-10-28,1,Damaged Product,17748.2,Completed
488,2879,8626,965,226,2024-03-23,1,Product Not as Expected,3033.14,Completed
489,2881,8635,8531,220,2023-12-18,1,Product Not as Expected,22042.27,Completed
490,2886,8650,8655,517,2024-08-20,1,Size/Fit Issue,27837.58,Completed
491,2888,8655,2150,14,2024-06-07,1,Late Delivery,25186.17,Completed
492,2891,8662,8103,388,2025-05-14,1,Size/Fit Issue,31725.59,Completed
493,2903,8693,2105,357,2024-07-02,2,Size/Fit Issue,77900.3,Completed
494,2904,8697,968,86,2024-07-15,1,Late Delivery,55528.31,Completed
495,2908,8707,7552,92,2024-04-06,1,Damaged Product,20472.41,Completed
496,2917,8731,5902,846,2025-05-18,2,Product Not as Expected,43773.58,Completed
497,2917,8733,5902,739,2025-05-18,1,Damaged Product,49616.69,Completed
498,2928,8763,8637,732,2025-10-24,1,Wrong Product,61153.47,Completed
499,2938,8795,42,974,2023-12-19,2,Product Not as Expected,44876.88,Completed
500,2942,8806,2451,328,2024-09-27,2,Quality Issue,142254.52,Completed
501,2946,8819,972,372,2025-09-11,1,Damaged Product,67163.33,Completed
502,2950,8833,6034,777,2024-04-02,2,Product Not as Expected,71900.14,Completed
503,2957,8846,1614,155,2025-02-26,1,Changed Mind,75355.28,Completed
504,2960,8858,8432,713,2023-07-28,1,Damaged Product,39163.32,Completed
505,2970,8883,7661,582,2023-08-26,1,Size/Fit Issue,53679.83,Completed
506,2973,8900,1773,717,2025-04-09,3,Wrong Product,238975.56,Completed
507,2978,8913,1251,65,2024-05-17,1,Size/Fit Issue,31994.43,Completed
508,2987,8942,7104,41,2025-02-24,1,Changed Mind,47175.64,Completed
509,3001,8986,7124,956,2024-07-02,1,Size/Fit Issue,39326.14,Completed
510,3002,8987,7584,923,2024-08-28,1,Size/Fit Issue,3340.47,Completed
511,3003,8989,3665,948,2025-12-03,1,Damaged Product,22542.75,Completed
512,3013,9012,9036,413,2025-08-15,1,Late Delivery,17353.98,Completed
513,3013,9013,9036,573,2025-08-15,1,Damaged Product,17211.31,Completed
514,3016,9018,7380,936,2023-12-03,1,Wrong Product,23282.26,Completed
515,3019,9028,2138,878,2025-06-01,1,Wrong Product,81467.72,Completed
516,3020,9032,9472,429,2025-09-06,1,Wrong Product,13493.42,Completed
517,3029,9060,9540,691,2024-03-11,1,Size/Fit Issue,58470.91,Completed
518,3034,9081,2131,928,2025-10-14,1,Changed Mind,87525.69,Completed
519,3036,9088,4436,572,2023-08-10,1,Damaged Product,16804.56,Completed
520,3038,9092,9248,732,2024-06-10,1,Product Not as Expected,61153.47,Completed
521,3045,9115,9727,909,2023-04-17,3,Quality Issue,169261.41,Completed
522,3045,9116,9727,72,2023-04-17,3,Quality Issue,41184.99,Completed
523,3046,9120,6806,506,2025-09-27,1,Product Not as Expected,48220.73,Completed
524,3048,9128,1261,197,2024-12-27,1,Changed Mind,18177.19,Completed
525,3064,9176,3250,966,2024-01-04,1,Size/Fit Issue,45203.42,Completed
526,3064,9177,3250,532,2024-01-04,2,Changed Mind,120054.58,Completed
527,3064,9179,3250,508,2024-01-04,1,Damaged Product,66003.7,Completed
528,3066,9188,4075,49,2024-10-10,3,Quality Issue,156957.63,Completed
529,3069,9196,3335,535,2023-03-09,1,Late Delivery,41797.84,Completed
530,3082,9235,2824,969,2023-11-30,1,Size/Fit Issue,28325.37,Completed
531,3100,9296,9326,641,2024-04-27,1,Size/Fit Issue,12415.84,Completed
532,3102,9300,8981,273,2023-06-04,1,Damaged Product,58733.95,Completed
533,3102,9304,8981,328,2023-06-04,2,Damaged Product,142254.52,Completed
534,3108,9321,4176,695,2025-02-21,2,Late Delivery,72679.38,Completed
535,3116,9344,6094,574,2023-01-22,1,Damaged Product,8147.88,Completed
536,3122,9362,3724,862,2025-07-13,1,Size/Fit Issue,57732.85,Completed
537,3138,9413,2344,815,2024-07-24,1,Changed Mind,36440.07,Completed
538,3154,9449,8455,730,2024-11-25,1,Product Not as Expected,6687.12,Completed
539,3158,9462,8056,821,2024-06-23,1,Wrong Product,38888.0,Completed
540,3159,9465,7096,636,2023-09-21,1,Changed Mind,27784.14,Completed
541,3160,9470,7186,353,2023-10-25,1,Size/Fit Issue,44608.27,Completed
542,3160,9471,7186,480,2023-10-25,1,Quality Issue,4003.79,Completed
543,3161,9475,8130,27,2023-03-05,1,Damaged Product,29873.78,Completed
544,3171,9503,2854,221,2023-11-12,1,Size/Fit Issue,9501.02,Completed
545,3196,9575,6056,870,2023-10-05,1,Size/Fit Issue,11548.78,Completed
546,3212,9626,928,933,2025-09-15,1,Changed Mind,33858.42,Completed
547,3215,9635,9796,871,2025-08-29,1,Quality Issue,12164.93,Completed
548,3220,9649,2900,641,2023-05-05,3,Quality Issue,37247.52,Completed
549,3229,9677,6082,31,2023-07-19,1,Wrong Product,5278.2,Completed
550,3233,9689,9747,425,2024-01-31,1,Quality Issue,7653.31,Completed
551,3238,9703,5722,231,2024-03-15,1,Wrong Product,21715.73,Completed
552,3240,9705,4504,739,2023-04-19,3,Product Not as Expected,148850.07,Completed
553,3246,9723,5870,239,2025-04-10,1,Quality Issue,2561.84,Completed
554,3262,9763,8922,357,2024-07-17,2,Wrong Product,77900.3,Completed
555,3263,9767,2306,62,2023-06-30,1,Quality Issue,64455.04,Completed
556,3267,9778,8419,651,2023-10-17,1,Late Delivery,58787.12,Completed
557,3272,9794,597,53,2023-10-11,2,Damaged Product,139255.74,Completed
558,3275,9803,555,10,2023-07-18,1,Late Delivery,2841.22,Completed
559,3286,9829,8746,369,2025-01-13,1,Late Delivery,2821.27,Completed
560,3287,9832,2457,591,2024-06-20,1,Damaged Product,23915.96,Completed
561,3291,9849,1153,3,2025-11-29,2,Damaged Product,86940.0,Completed
562,3291,9850,1153,537,2025-11-29,3,Damaged Product,159583.98,Completed
563,3303,9884,42,362,2023-05-18,1,Quality Issue,32081.22,Completed
564,3303,9885,42,730,2023-05-18,1,Changed Mind,6687.12,Completed
565,3306,9893,3414,472,2024-11-03,1,Wrong Product,18311.33,Completed
566,3311,9910,4446,68,2025-09-07,1,Changed Mind,60685.6,Completed
567,3314,9918,6415,716,2024-11-28,4,Changed Mind,151630.0,Completed
568,3315,9922,6236,205,2024-01-20,1,Late Delivery,43935.78,Completed
569,3318,9929,4995,687,2025-03-21,2,Changed Mind,11466.58,Completed
570,3324,9957,4224,883,2024-02-10,1,Size/Fit Issue,70912.74,Completed
571,3326,9964,3114,900,2023-06-15,2,Damaged Product,21528.18,Completed
572,3327,9969,5672,445,2024-12-28,1,Wrong Product,56192.08,Completed
573,3328,9973,8039,840,2023-03-14,1,Late Delivery,75935.96,Completed
574,3332,9988,310,779,2025-12-03,1,Size/Fit Issue,52000.66,Completed
575,3333,9989,3585,605,2025-06-24,1,Product Not as Expected,28301.75,Completed
576,3335,10000,2756,990,2025-12-10,2,Size/Fit Issue,32383.28,Completed
577,3339,10014,4516,353,2025-03-01,1,Damaged Product,44608.27,Completed
578,3342,10030,9497,930,2024-04-23,1,Late Delivery,39320.83,Completed
579,3347,10042,493,177,2024-04-25,2,Quality Issue,110465.04,Completed
580,3353,10056,3663,376,2024-07-24,1,Late Delivery,63521.81,Completed
581,3355,10064,8201,951,2024-05-01,1,Product Not as Expected,71761.83,Completed
582,3357,10070,856,577,2023-02-27,3,Damaged Product,85920.48,Completed
583,3362,10085,4853,51,2025-11-28,1,Wrong Product,6891.96,Completed
584,3364,10093,3762,981,2024-05-12,1,Wrong Product,48465.68,Completed
585,3372,10120,6125,203,2025-07-05,1,Product Not as Expected,20625.03,Completed
586,3377,10143,7511,869,2023-10-29,2,Changed Mind,55199.48,Completed
587,3385,10169,2456,824,2024-05-26,1,Wrong Product,26487.37,Completed
588,3388,10180,608,590,2023-08-20,1,Late Delivery,32485.63,Completed
589,3398,10219,8017,641,2023-04-15,1,Product Not as Expected,12415.84,Completed
590,3398,10220,8017,440,2023-04-15,1,Changed Mind,53089.24,Completed
591,3403,10233,4130,518,2025-11-03,1,Quality Issue,6573.06,Completed
592,3405,10241,1711,542,2023-08-06,1,Product Not as Expected,71946.34,Completed
593,3411,10259,4563,239,2025-12-11,1,Product Not as Expected,2561.84,Completed
594,3412,10262,9027,453,2025-12-06,1,Quality Issue,16365.34,Completed
595,3436,10335,7613,577,2023-01-11,1,Product Not as Expected,28640.16,Completed
596,3444,10362,1473,842,2025-02-09,1,Wrong Product,9424.2,Completed
597,3461,10413,7396,25,2023-07-12,2,Late Delivery,60538.96,Completed
598,3465,10426,7350,255,2025-12-18,1,Late Delivery,58340.7,Completed
599,3467,10428,9675,929,2025-12-07,2,Quality Issue,76099.9,Completed
600,3467,10431,9675,16,2025-12-07,1,Changed Mind,74350.75,Completed
601,3470,10438,1926,367,2025-07-14,1,Late Delivery,58161.69,Completed
602,3471,10440,6316,412,2023-08-28,1,Quality Issue,30381.43,Completed
603,3475,10448,8783,433,2024-02-28,1,Size/Fit Issue,47430.05,Completed
604,3476,10450,7752,382,2023-04-28,2,Size/Fit Issue,127502.54,Completed
605,3482,10465,5965,72,2023-07-25,1,Quality Issue,13728.33,Completed
606,3483,10467,68,590,2023-07-25,1,Changed Mind,32485.63,Completed
607,3483,10469,68,712,2023-07-25,1,Size/Fit Issue,7038.7,Completed
608,3484,10470,3056,358,2025-04-30,1,Quality Issue,43775.04,Completed
609,3486,10481,597,160,2025-06-24,1,Product Not as Expected,59526.76,Completed
610,3487,10487,5010,440,2025-02-12,1,Product Not as Expected,53089.24,Completed
611,3496,10511,7560,641,2025-11-07,1,Changed Mind,12415.84,Completed
612,3499,10527,9996,91,2023-09-29,1,Quality Issue,35131.7,Completed
613,3500,10531,1480,2,2024-11-21,2,Size/Fit Issue,152789.86,Completed
614,3514,10581,9360,846,2023-01-24,3,Changed Mind,65660.37,Completed
615,3520,10597,9026,826,2024-02-03,2,Damaged Product,67191.5,Completed
616,3533,10641,3986,766,2024-12-26,1,Product Not as Expected,48070.39,Completed
617,3536,10648,2148,368,2024-12-02,1,Late Delivery,54568.01,Completed
618,3537,10654,1683,695,2023-12-15,1,Product Not as Expected,36339.69,Completed
619,3540,10665,8239,560,2023-11-13,1,Changed Mind,84295.23,Completed
620,3542,10675,4523,488,2025-03-24,1,Size/Fit Issue,10814.51,Completed
621,3543,10677,8312,424,2024-07-09,1,Size/Fit Issue,71955.06,Completed
622,3543,10679,8312,1000,2024-07-09,3,Product Not as Expected,105881.28,Completed
623,3554,10710,9892,48,2024-09-17,3,Changed Mind,72647.97,Completed
624,3564,10741,9613,329,2023-07-09,2,Wrong Product,107037.32,Completed
625,3565,10744,5973,573,2025-09-22,2,Late Delivery,34422.62,Completed
626,3571,10764,9541,564,2025-03-10,1,Wrong Product,75701.18,Completed
627,3574,10772,6508,508,2023-12-04,2,Quality Issue,132007.4,Completed
628,3585,10800,1874,596,2023-11-30,2,Wrong Product,36982.3,Completed
629,3597,10840,6154,43,2023-01-11,2,Product Not as Expected,89854.86,Completed
630,3599,10847,8272,897,2025-02-08,1,Damaged Product,53721.31,Completed
631,3604,10860,2750,268,2025-08-20,1,Quality Issue,76721.52,Completed
632,3608,10878,7865,635,2024-11-14,1,Product Not as Expected,61072.54,Completed
633,3609,10879,8572,354,2023-03-07,1,Product Not as Expected,24299.68,Completed
634,3611,10881,906,441,2023-11-20,1,Product Not as Expected,7558.87,Completed
635,3616,10889,4569,591,2024-02-11,1,Product Not as Expected,23915.96,Completed
636,3616,10890,4569,651,2024-02-11,1,Damaged Product,58787.12,Completed
637,3618,10894,2489,641,2025-02-23,1,Product Not as Expected,12415.84,Completed
638,3625,10912,7023,558,2024-07-06,1,Quality Issue,75889.41,Completed
639,3626,10915,6739,147,2025-08-31,1,Late Delivery,18186.11,Completed
640,3629,10922,9253,763,2024-03-20,1,Product Not as Expected,54370.13,Completed
641,3630,10925,7963,882,2023-06-08,1,Wrong Product,8514.18,Completed
642,3637,10941,2846,203,2024-01-15,1,Size/Fit Issue,20625.03,Completed
643,3641,10955,2347,995,2024-05-07,3,Damaged Product,66260.37,Completed
644,3641,10957,2347,649,2024-05-07,1,Product Not as Expected,52465.73,Completed
645,3645,10970,1491,678,2024-06-15,1,Size/Fit Issue,49387.32,Completed
646,3656,11006,2169,732,2024-05-02,1,Late Delivery,61153.47,Completed
647,3659,11014,3883,478,2025-12-02,1,Wrong Product,61269.06,Completed
648,3672,11053,4449,342,2023-05-24,4,Damaged Product,60020.72,Completed
649,3673,11055,4269,830,2024-04-05,4,Wrong Product,8725.2,Completed
650,3680,11078,8726,53,2023-07-03,1,Late Delivery,69627.87,Completed
651,3685,11096,9304,729,2024-05-15,1,Size/Fit Issue,50404.4,Completed
652,3689,11108,7441,996,2025-06-12,1,Changed Mind,43007.78,Completed
653,3698,11133,220,524,2025-10-11,1,Quality Issue,34964.18,Completed
654,3701,11145,7756,835,2024-06-07,2,Wrong Product,67191.32,Completed
655,3703,11155,2173,133,2025-08-31,1,Late Delivery,12468.39,Completed
656,3709,11170,5078,123,2025-04-13,1,Wrong Product,12737.25,Completed
657,3717,11193,8550,472,2024-01-16,3,Wrong Product,54933.99,Completed
658,3717,11195,8550,560,2024-01-16,1,Late Delivery,84295.23,Completed
659,3730,11235,9279,907,2023-06-20,1,Changed Mind,22748.66,Completed
660,3733,11243,721,925,2023-05-28,3,Wrong Product,99944.16,Completed
661,3747,11282,3182,225,2024-11-04,1,Quality Issue,42762.46,Completed
662,3749,11286,1802,157,2023-11-19,1,Quality Issue,13213.71,Completed
663,3759,11318,7982,663,2023-05-03,1,Wrong Product,57881.87,Completed
664,3762,11329,8532,578,2025-07-31,1,Size/Fit Issue,39704.69,Completed
665,3764,11336,8245,520,2023-07-12,1,Changed Mind,49223.86,Completed
666,3772,11364,1438,821,2025-05-27,1,Wrong Product,38888.0,Completed
667,3774,11366,3944,996,2023-08-06,1,Changed Mind,43007.78,Completed
668,3776,11371,8826,413,2023-04-16,1,Product Not as Expected,17353.98,Completed
669,3780,11383,9264,2,2025-06-01,2,Changed Mind,152789.86,Completed
670,3784,11396,9703,106,2023-07-27,2,Product Not as Expected,93255.16,Completed
671,3791,11412,2542,651,2025-10-12,1,Wrong Product,58787.12,Completed
672,3793,11418,4369,937,2025-06-26,2,Changed Mind,150574.96,Completed
673,3794,11422,3519,64,2024-11-20,1,Changed Mind,12866.2,Completed
674,3797,11430,455,528,2024-07-20,1,Changed Mind,48686.63,Completed
675,3818,11489,9748,698,2024-05-29,1,Quality Issue,36376.6,Completed
676,3822,11500,6778,507,2023-12-12,1,Quality Issue,60624.2,Completed
677,3830,11523,1538,665,2025-04-28,1,Quality Issue,10591.49,Completed
678,3839,11548,6454,576,2025-12-14,2,Quality Issue,124837.28,Completed
679,3843,11554,2924,116,2024-05-06,1,Wrong Product,84644.25,Completed
680,3844,11558,60,728,2023-08-02,1,Wrong Product,72056.51,Completed
681,3848,11572,4222,387,2024-06-04,1,Product Not as Expected,52394.46,Completed
682,3854,11590,504,957,2023-03-31,1,Size/Fit Issue,58003.08,Completed
683,3856,11595,1521,35,2024-10-24,1,Changed Mind,27954.63,Completed
684,3872,11646,4609,868,2025-04-29,3,Changed Mind,91683.63,Completed
685,3881,11676,118,243,2024-03-08,1,Wrong Product,19599.65,Completed
686,3885,11689,2916,869,2024-07-06,2,Changed Mind,55199.48,Completed
687,3887,11696,4192,192,2023-11-02,1,Quality Issue,52336.65,Completed
688,3903,11744,3485,313,2023-07-20,1,Late Delivery,14796.08,Completed
689,3904,11749,3988,197,2024-03-29,1,Wrong Product,18177.19,Completed
690,3911,11765,5279,636,2023-05-23,3,Product Not as Expected,83352.42,Completed
691,3914,11772,7622,193,2024-01-02,1,Damaged Product,87985.05,Completed
692,3917,11780,6527,854,2024-06-28,1,Size/Fit Issue,32541.32,Completed
693,3919,11786,4618,649,2025-06-24,1,Late Delivery,52465.73,Completed
694,3920,11788,1229,438,2025-12-07,1,Changed Mind,62279.76,Completed
695,3921,11789,6629,783,2023-01-22,1,Changed Mind,37236.78,Completed
696,3922,11794,9591,31,2024-08-15,2,Late Delivery,10556.4,Completed
697,3923,11800,6189,853,2023-11-02,1,Late Delivery,36149.24,Completed
698,3930,11826,4460,35,2023-08-06,1,Quality Issue,27954.63,Completed
699,3934,11841,2097,88,2024-04-30,1,Late Delivery,47049.95,Completed
700,3950,11890,3702,832,2023-09-30,1,Quality Issue,54279.29,Completed
701,3958,11918,5798,577,2023-03-08,1,Size/Fit Issue,28640.16,Completed
702,3960,11929,2478,711,2024-02-21,2,Quality Issue,143667.06,Completed
703,3964,11941,3007,47,2023-11-02,2,Size/Fit Issue,66987.26,Completed
704,3974,11975,9671,928,2024-08-12,1,Late Delivery,87525.69,Completed
705,3980,11997,2754,193,2023-12-18,1,Quality Issue,87985.05,Completed
706,3983,12001,9959,716,2024-07-24,1,Changed Mind,37907.5,Completed
707,3989,12019,6733,9,2023-06-14,1,Wrong Product,61804.18,Completed
708,3994,12033,3803,988,2024-04-11,1,Wrong Product,39079.27,Completed
709,4016,12100,2704,673,2024-03-10,1,Product Not as Expected,46606.91,Completed
710,4019,12110,8149,105,2023-01-29,1,Wrong Product,13824.31,Completed
711,4033,12148,6860,871,2023-08-23,1,Changed Mind,12164.93,Completed
712,4034,12151,1409,799,2023-12-05,1,Damaged Product,8251.88,Completed
713,4042,12172,3096,419,2025-05-25,3,Late Delivery,165142.02,Completed
714,4043,12174,7119,913,2023-08-10,1,Late Delivery,29739.74,Completed
715,4050,12190,5280,39,2025-01-14,1,Size/Fit Issue,34579.22,Completed
716,4070,12250,6827,462,2023-02-10,1,Damaged Product,42608.45,Completed
717,4079,12277,426,622,2024-07-02,1,Late Delivery,69524.11,Completed
718,4088,12307,5925,397,2024-11-27,1,Late Delivery,1130.09,Completed
719,4089,12313,4066,69,2025-10-04,1,Changed Mind,32929.62,Completed
720,4097,12336,7608,573,2023-10-17,2,Quality Issue,34422.62,Completed
721,4108,12371,7512,2,2025-03-20,1,Product Not as Expected,76394.93,Completed
722,4114,12387,7879,198,2025-01-14,1,Wrong Product,21166.03,Completed
723,4125,12415,8661,427,2023-01-14,2,Product Not as Expected,86277.32,Completed
724,4130,12432,1075,649,2025-01-16,1,Changed Mind,52465.73,Completed
725,4132,12437,4677,201,2024-06-08,1,Quality Issue,26322.63,Completed
726,4142,12471,8827,730,2025-05-02,1,Wrong Product,6687.12,Completed
727,4156,12515,7940,69,2024-05-29,1,Changed Mind,32929.62,Completed
728,4165,12550,4748,359,2025-10-01,1,Wrong Product,33738.98,Completed
729,4181,12602,1537,332,2023-05-23,1,Late Delivery,48366.16,Completed
730,4185,12618,1201,541,2023-11-15,1,Damaged Product,38960.03,Completed
731,4190,12631,9278,614,2024-10-13,1,Wrong Product,54167.99,Completed
732,4196,12642,9569,797,2023-06-11,1,Wrong Product,59017.62,Completed
733,4200,12655,7569,219,2023-08-09,2,Quality Issue,107353.4,Completed
734,4201,12658,1830,200,2025-12-05,1,Damaged Product,26990.4,Completed
735,4201,12659,1830,819,2025-12-05,1,Product Not as Expected,46497.58,Completed
736,4205,12669,119,888,2024-08-25,1,Wrong Product,28122.2,Completed
737,4206,12675,2607,558,2023-08-14,1,Changed Mind,75889.41,Completed
738,4215,12705,4641,848,2023-03-06,2,Size/Fit Issue,98509.18,Completed
739,4216,12706,797,541,2024-12-28,2,Changed Mind,77920.06,Completed
740,4216,12707,797,373,2024-12-28,1,Product Not as Expected,34142.24,Completed
741,4217,12710,8548,197,2025-06-15,1,Size/Fit Issue,18177.19,Completed
742,4226,12741,4380,231,2024-10-12,2,Product Not as Expected,43431.46,Completed
743,4227,12747,5194,102,2024-04-01,1,Size/Fit Issue,41669.88,Completed
744,4229,12753,9426,75,2025-04-12,1,Wrong Product,9316.09,Completed
745,4229,12754,9426,797,2025-04-12,1,Size/Fit Issue,59017.62,Completed
746,4234,12766,2376,641,2025-10-09,2,Size/Fit Issue,24831.68,Completed
747,4236,12775,8779,80,2025-06-06,1,Damaged Product,55075.52,Completed
748,4247,12803,2749,773,2023-05-13,3,Product Not as Expected,31985.49,Completed
749,4252,12822,811,694,2025-09-14,1,Quality Issue,75656.77,Completed
750,4258,12837,6663,648,2024-09-04,1,Late Delivery,7799.17,Completed
751,4260,12847,1530,327,2023-02-12,1,Late Delivery,63558.11,Completed
752,4260,12849,1530,733,2023-02-12,3,Changed Mind,8393.97,Completed
753,4264,12862,3821,158,2023-09-08,1,Product Not as Expected,34543.04,Completed
754,4267,12873,3377,353,2025-08-21,1,Changed Mind,44608.27,Completed
755,4279,12901,4704,93,2025-12-16,1,Product Not as Expected,20754.97,Completed
756,4282,12913,9897,571,2024-10-05,1,Changed Mind,7669.53,Completed
757,4283,12916,9002,973,2025-07-02,5,Damaged Product,244424.5,Completed
758,4287,12927,2342,792,2023-06-11,1,Product Not as Expected,41133.39,Completed
759,4291,12942,6800,879,2025-03-02,1,Damaged Product,2467.19,Completed
760,4311,12996,8222,821,2025-07-13,1,Late Delivery,38888.0,Completed
761,4322,13027,9468,484,2023-11-10,1,Damaged Product,62844.55,Completed
762,4324,13032,2082,731,2025-05-15,1,Changed Mind,63563.73,Completed
763,4338,13071,990,468,2024-02-16,1,Changed Mind,31010.39,Completed
764,4341,13084,6166,344,2023-08-26,2,Changed Mind,8164.02,Completed
765,4345,13094,8909,541,2024-09-11,1,Size/Fit Issue,38960.03,Completed
766,4364,13137,6181,529,2025-07-28,1,Damaged Product,8667.74,Completed
767,4382,13194,4452,636,2024-06-19,5,Quality Issue,138920.7,Completed
768,4387,13202,7435,357,2024-11-16,1,Changed Mind,38950.15,Completed
769,4388,13208,9570,31,2024-03-07,1,Quality Issue,5278.2,Completed
770,4399,13239,989,89,2025-10-27,1,Quality Issue,61030.45,Completed
771,4399,13240,989,142,2025-10-27,1,Product Not as Expected,2987.74,Completed
772,4400,13241,7710,862,2023-10-17,1,Product Not as Expected,57732.85,Completed
773,4407,13267,9276,771,2024-07-08,1,Product Not as Expected,61602.81,Completed
774,4413,13287,3173,716,2024-05-28,2,Late Delivery,75815.0,Completed
775,4416,13295,7183,822,2025-01-12,1,Quality Issue,12880.11,Completed
776,4418,13303,6361,879,2024-01-30,1,Damaged Product,2467.19,Completed
777,4423,13319,5123,439,2023-10-18,1,Late Delivery,45327.89,Completed
778,4431,13340,5063,211,2025-10-22,2,Product Not as Expected,15559.64,Completed
779,4432,13347,2079,774,2023-02-21,2,Size/Fit Issue,87959.32,Completed
780,4432,13348,2079,871,2023-02-21,1,Product Not as Expected,12164.93,Completed
781,4441,13380,8983,442,2024-03-13,5,Quality Issue,317322.0,Completed
782,4453,13418,3329,506,2025-05-17,1,Late Delivery,48220.73,Completed
783,4460,13437,8948,294,2024-10-25,1,Quality Issue,41899.87,Completed
784,4467,13462,6614,713,2023-08-07,2,Quality Issue,78326.64,Completed
785,4469,13469,4976,883,2024-11-02,3,Size/Fit Issue,212738.22,Completed
786,4470,13471,8232,190,2025-01-05,1,Product Not as Expected,31464.71,Completed
787,4473,13482,1229,792,2023-11-28,1,Changed Mind,41133.39,Completed
788,4474,13484,7603,192,2023-07-08,1,Changed Mind,52336.65,Completed
789,4475,13488,6586,773,2023-02-05,1,Damaged Product,10661.83,Completed
790,4477,13495,6766,116,2025-08-06,1,Late Delivery,84644.25,Completed
791,4478,13498,1016,10,2024-09-19,1,Quality Issue,2841.22,Completed
792,4493,13539,1172,818,2025-02-19,2,Changed Mind,5034.4,Completed
793,4504,13571,5341,688,2023-09-17,2,Quality Issue,115057.58,Completed
794,4505,13575,2024,293,2024-07-01,1,Size/Fit Issue,14013.61,Completed
795,4505,13578,2024,778,2024-07-01,3,Late Delivery,254128.77,Completed
796,4514,13604,1975,661,2024-12-01,2,Damaged Product,13602.34,Completed
797,4517,13612,8757,498,2023-06-04,2,Wrong Product,119170.78,Completed
798,4518,13615,8880,678,2025-10-06,1,Damaged Product,49387.32,Completed
799,4536,13670,899,255,2023-02-07,1,Quality Issue,58340.7,Completed
800,4539,13680,3764,898,2025-10-21,1,Wrong Product,31657.0,Completed
801,4541,13688,2408,528,2025-12-16,1,Damaged Product,48686.63,Completed
802,4542,13690,3953,273,2024-07-20,1,Product Not as Expected,58733.95,Completed
803,4547,13705,1194,48,2024-08-26,1,Changed Mind,24215.99,Completed
804,4556,13727,2792,900,2023-01-03,4,Wrong Product,43056.36,Completed
805,4560,13742,8856,596,2023-02-25,1,Damaged Product,18491.15,Completed
806,4562,13745,3516,841,2025-08-25,1,Late Delivery,64497.16,Completed
807,4568,13761,6262,662,2024-02-14,3,Changed Mind,129686.94,Completed
808,4578,13785,6642,483,2024-11-09,1,Late Delivery,81445.06,Completed
809,4579,13790,1552,820,2024-11-22,1,Quality Issue,41957.83,Completed
810,4591,13826,315,410,2023-10-15,1,Quality Issue,18525.02,Completed
811,4597,13844,2973,166,2023-10-05,1,Wrong Product,33798.55,Completed
812,4608,13875,2001,842,2023-02-17,1,Product Not as Expected,9424.2,Completed
813,4616,13903,4708,68,2023-09-16,2,Late Delivery,121371.2,Completed
814,4624,13917,968,193,2025-01-03,1,Wrong Product,87985.05,Completed
815,4635,13945,3775,518,2023-03-28,1,Changed Mind,6573.06,Completed
816,4636,13948,4970,844,2024-02-05,1,Damaged Product,31509.16,Completed
817,4640,13960,2366,831,2024-04-06,1,Late Delivery,72426.36,Completed
818,4641,13964,5073,503,2024-06-18,1,Changed Mind,59379.17,Completed
819,4647,13986,999,144,2024-12-26,1,Size/Fit Issue,40469.54,Completed
820,4648,13988,9872,665,2023-06-13,4,Late Delivery,42365.96,Completed
821,4653,14001,5454,478,2023-05-26,1,Product Not as Expected,61269.06,Completed
822,4659,14019,9745,604,2025-04-11,2,Damaged Product,73842.96,Completed
823,4666,14035,7628,447,2025-07-24,3,Quality Issue,8343.84,Completed
824,4675,14060,4779,754,2025-04-14,1,Changed Mind,10158.79,Completed
825,4680,14070,9953,677,2025-11-17,1,Changed Mind,37302.54,Completed
826,4689,14101,740,978,2023-01-20,1,Size/Fit Issue,70358.3,Completed
827,4693,14114,6314,310,2023-06-14,3,Product Not as Expected,168926.52,Completed
828,4696,14125,2126,461,2023-06-15,1,Quality Issue,57237.0,Completed
829,4709,14168,9294,855,2023-02-12,1,Product Not as Expected,50092.69,Completed
830,4710,14170,7708,984,2024-02-16,1,Late Delivery,37563.24,Completed
831,4710,14171,7708,382,2024-02-16,1,Quality Issue,63751.27,Completed
832,4719,14198,5387,936,2024-02-14,3,Size/Fit Issue,69846.78,Completed
833,4723,14211,113,898,2025-09-23,1,Damaged Product,31657.0,Completed
834,4725,14221,6025,368,2023-11-18,2,Damaged Product,109136.02,Completed
835,4732,14239,3095,694,2024-08-28,1,Late Delivery,75656.77,Completed
836,4735,14253,3931,544,2023-07-05,2,Product Not as Expected,121033.08,Completed
837,4737,14259,8498,581,2023-09-01,1,Late Delivery,43359.64,Completed
838,4738,14265,7939,981,2025-07-02,2,Wrong Product,96931.36,Completed
839,4738,14267,7939,994,2025-07-02,2,Product Not as Expected,110937.2,Completed
840,4751,14310,9565,532,2025-10-16,1,Changed Mind,60027.29,Completed
841,4757,14327,5255,139,2023-03-06,2,Damaged Product,70682.66,Completed
842,4768,14354,1643,116,2023-03-25,1,Quality Issue,84644.25,Completed
843,4787,14416,938,382,2024-12-30,1,Product Not as Expected,63751.27,Completed
844,4792,14431,6670,248,2025-07-23,1,Quality Issue,1372.21,Completed
845,4798,14448,2256,92,2023-12-09,1,Quality Issue,20472.41,Completed
846,4812,14485,3226,982,2024-05-20,2,Product Not as Expected,79332.56,Completed
847,4816,14498,2697,577,2023-11-29,1,Changed Mind,28640.16,Completed
848,4829,14536,3630,256,2023-10-03,1,Wrong Product,8390.62,Completed
849,4847,14595,9760,556,2024-01-16,2,Size/Fit Issue,138206.42,Completed
850,4850,14599,1860,42,2023-05-15,1,Changed Mind,17773.65,Completed
851,4856,14616,8941,628,2024-09-13,1,Damaged Product,71460.85,Completed
852,4861,14628,1691,680,2025-10-23,1,Wrong Product,66428.17,Completed
853,4864,14638,3122,517,2025-08-22,1,Changed Mind,27837.58,Completed
854,4868,14648,556,214,2024-12-05,3,Damaged Product,51523.68,Completed
855,4872,14659,4268,320,2024-05-30,1,Size/Fit Issue,28226.5,Completed
856,4877,14671,1356,49,2024-07-28,1,Damaged Product,52319.21,Completed
857,4902,14739,9862,280,2023-11-05,1,Damaged Product,18409.59,Completed
858,4905,14743,799,862,2024-06-15,1,Quality Issue,57732.85,Completed
859,4905,14744,799,427,2024-06-15,1,Quality Issue,43138.66,Completed
860,4906,14746,3929,608,2023-06-27,1,Changed Mind,20610.16,Completed
861,4907,14750,9891,313,2024-11-09,1,Size/Fit Issue,14796.08,Completed
862,4910,14757,3353,665,2024-07-24,1,Late Delivery,10591.49,Completed
863,4912,14766,1223,394,2025-03-10,2,Damaged Product,85161.62,Completed
864,4912,14767,1223,592,2025-03-10,1,Damaged Product,8207.23,Completed
865,4913,14769,7555,176,2024-04-13,1,Late Delivery,4905.76,Completed
866,4913,14770,7555,941,2024-04-13,4,Changed Mind,10345.08,Completed
867,4914,14772,8681,950,2024-01-06,1,Quality Issue,4878.32,Completed
868,4923,14797,8083,176,2023-04-27,1,Wrong Product,4905.76,Completed
869,4949,14873,1853,849,2025-03-27,1,Product Not as Expected,69886.49,Completed
870,4957,14887,6791,607,2025-05-09,2,Changed Mind,8803.26,Completed
871,4959,14898,8584,739,2023-03-06,1,Quality Issue,49616.69,Completed
872,4992,14996,3256,260,2023-02-14,2,Quality Issue,5879.38,Completed
873,5003,15029,1791,840,2025-12-01,1,Damaged Product,75935.96,Completed
874,5006,15038,3876,862,2024-01-10,1,Quality Issue,57732.85,Completed
875,5007,15039,8108,94,2025-01-18,1,Damaged Product,17477.85,Completed
876,5012,15056,495,623,2024-07-21,1,Changed Mind,71271.12,Completed
877,5033,15105,942,820,2025-06-26,1,Product Not as Expected,41957.83,Completed
878,5039,15122,1432,663,2023-02-17,3,Damaged Product,173645.61,Completed
879,5042,15132,1432,30,2023-08-03,1,Quality Issue,71072.0,Completed
880,5053,15166,8125,633,2025-08-28,1,Size/Fit Issue,16271.17,Completed
881,5060,15188,6194,848,2025-05-18,1,Late Delivery,49254.59,Completed
882,5078,15245,2386,998,2023-03-02,2,Late Delivery,31187.8,Completed
883,5081,15255,7852,657,2023-05-11,3,Quality Issue,105857.73,Completed
884,5087,15272,8178,453,2023-05-06,4,Damaged Product,65461.36,Completed
885,5090,15289,4142,549,2024-06-21,1,Damaged Product,51380.02,Completed
886,5099,15320,3231,1000,2023-07-29,1,Wrong Product,35293.76,Completed
887,5103,15330,9674,950,2023-06-14,2,Damaged Product,9756.64,Completed
888,5103,15332,9674,383,2023-06-14,1,Product Not as Expected,37571.74,Completed
889,5111,15356,1567,934,2024-11-24,1,Product Not as Expected,13975.94,Completed
890,5113,15362,3919,649,2025-01-10,1,Product Not as Expected,52465.73,Completed
891,5121,15392,9917,484,2023-11-29,1,Quality Issue,62844.55,Completed
892,5122,15394,10000,581,2025-11-12,1,Size/Fit Issue,43359.64,Completed
893,5125,15404,4516,959,2023-01-26,2,Product Not as Expected,141278.7,Completed
894,5136,15433,4448,503,2024-06-16,1,Damaged Product,59379.17,Completed
895,5146,15469,9380,721,2025-07-05,1,Damaged Product,56611.31,Completed
896,5148,15480,9359,660,2024-05-12,1,Size/Fit Issue,24698.97,Completed
897,5155,15501,5305,715,2025-09-17,1,Changed Mind,47169.08,Completed
898,5156,15506,555,362,2025-11-08,1,Product Not as Expected,32081.22,Completed
899,5164,15532,3368,302,2024-08-09,1,Changed Mind,12582.3,Completed
900,5168,15542,5137,882,2025-06-02,1,Size/Fit Issue,8514.18,Completed
901,5172,15552,5638,558,2023-02-14,1,Damaged Product,75889.41,Completed
902,5195,15620,4892,359,2024-07-02,1,Size/Fit Issue,33738.98,Completed
903,5198,15635,3205,878,2025-02-03,1,Damaged Product,81467.72,Completed
904,5202,15647,7198,47,2025-06-21,1,Size/Fit Issue,33493.63,Completed
905,5204,15652,917,870,2024-03-28,1,Quality Issue,11548.78,Completed
906,5205,15655,463,479,2025-11-23,1,Wrong Product,1432.07,Completed
907,5209,15667,188,435,2025-05-15,2,Changed Mind,92702.08,Completed
908,5221,15711,2941,104,2023-02-20,1,Wrong Product,6636.56,Completed
909,5225,15723,1682,426,2025-02-04,2,Product Not as Expected,26763.46,Completed
910,5229,15736,1336,839,2023-11-07,1,Quality Issue,27297.72,Completed
911,5231,15739,5106,893,2023-01-19,1,Quality Issue,24158.85,Completed
912,5239,15758,8454,808,2025-01-30,2,Late Delivery,29243.26,Completed
913,5249,15783,1402,743,2024-05-21,1,Late Delivery,22075.79,Completed
914,5252,15792,6240,993,2024-09-01,1,Changed Mind,55124.43,Completed
915,5257,15804,4826,771,2023-01-05,1,Size/Fit Issue,61602.81,Completed
916,5262,15818,2197,69,2023-10-10,1,Size/Fit Issue,32929.62,Completed
917,5263,15821,6926,933,2023-07-28,3,Damaged Product,101575.26,Completed
918,5264,15823,5570,382,2023-01-22,2,Late Delivery,127502.54,Completed
919,5266,15828,7087,786,2024-06-13,1,Product Not as Expected,56688.37,Completed
920,5272,15847,3825,62,2025-04-14,2,Wrong Product,128910.08,Completed
921,5284,15890,3295,403,2024-04-12,2,Changed Mind,27233.04,Completed
922,5299,15931,3136,233,2024-08-29,2,Damaged Product,23062.78,Completed
923,5317,15990,1202,760,2024-04-11,2,Wrong Product,29446.22,Completed
924,5321,16008,3257,294,2024-09-22,1,Quality Issue,41899.87,Completed
925,5325,16023,9149,220,2025-11-23,1,Late Delivery,22042.27,Completed
926,5326,16025,6469,41,2025-08-28,1,Product Not as Expected,47175.64,Completed
927,5327,16032,9515,550,2025-11-23,1,Damaged Product,8198.61,Completed
928,5333,16043,4244,775,2023-09-19,1,Product Not as Expected,19621.3,Completed
929,5337,16058,2252,909,2023-06-07,2,Quality Issue,112840.94,Completed
930,5344,16087,9799,304,2023-02-24,1,Changed Mind,55996.86,Completed
931,5355,16120,8658,957,2024-08-04,1,Damaged Product,58003.08,Completed
932,5360,16136,3317,773,2025-02-07,2,Product Not as Expected,21323.66,Completed
933,5364,16154,9511,513,2024-08-03,1,Late Delivery,282.11,Completed
934,5373,16185,5603,318,2024-04-12,1,Damaged Product,38068.36,Completed
935,5381,16212,1269,258,2024-08-29,2,Damaged Product,61824.5,Completed
936,5395,16258,8184,539,2025-02-28,1,Wrong Product,59193.59,Completed
937,5396,16263,3160,298,2025-09-12,1,Damaged Product,64159.18,Completed
938,5398,16271,8058,145,2025-10-17,1,Product Not as Expected,1006.29,Completed
939,5399,16275,6370,560,2024-01-31,2,Damaged Product,168590.46,Completed
940,5412,16310,8454,985,2025-08-30,1,Quality Issue,59739.18,Completed
941,5417,16324,5878,836,2024-03-06,2,Size/Fit Issue,82008.0,Completed
942,5425,16356,9575,819,2024-07-03,1,Quality Issue,46497.58,Completed
943,5426,16360,7096,838,2023-11-16,1,Changed Mind,67576.45,Completed
944,5427,16364,4820,427,2025-10-08,1,Changed Mind,43138.66,Completed
945,5438,16397,7635,678,2025-09-09,1,Size/Fit Issue,49387.32,Completed
946,5449,16425,343,989,2025-12-10,2,Quality Issue,40420.58,Completed
947,5455,16440,967,649,2023-05-12,1,Changed Mind,52465.73,Completed
948,5466,16472,3908,455,2023-02-01,1,Damaged Product,27450.46,Completed
949,5466,16474,3908,650,2023-02-01,1,Product Not as Expected,42833.78,Completed
950,5473,16497,9983,249,2023-06-13,2,Quality Issue,98657.24,Completed
951,5474,16505,2107,561,2024-10-02,1,Changed Mind,17547.13,Completed
952,5481,16528,2562,429,2024-10-06,1,Product Not as Expected,13493.42,Completed
953,5484,16539,8556,319,2025-04-23,1,Wrong Product,1269.69,Completed
954,5485,16546,284,923,2025-10-29,1,Size/Fit Issue,3340.47,Completed
955,5487,16555,3020,815,2024-06-07,3,Changed Mind,109320.21,Completed
956,5490,16567,6749,705,2024-09-25,1,Wrong Product,48444.42,Completed
957,5492,16572,7408,875,2025-12-14,2,Product Not as Expected,84808.62,Completed
958,5493,16576,407,227,2025-07-06,1,Size/Fit Issue,15855.11,Completed
959,5495,16582,6873,818,2023-09-01,2,Changed Mind,5034.4,Completed
960,5500,16601,5295,245,2025-08-30,3,Quality Issue,66476.43,Completed
961,5509,16618,6136,24,2024-10-04,3,Damaged Product,103696.32,Completed
962,5515,16640,4478,541,2024-03-16,2,Wrong Product,77920.06,Completed
963,5516,16641,8515,250,2023-10-22,1,Wrong Product,38589.27,Completed
964,5517,16644,5840,166,2025-02-11,1,Size/Fit Issue,33798.55,Completed
965,5521,16658,6894,385,2023-06-06,1,Product Not as Expected,51195.51,Completed
966,5530,16686,8725,114,2025-09-05,1,Damaged Product,12647.54,Completed
967,5548,16738,3604,535,2024-05-30,1,Size/Fit Issue,41797.84,Completed
968,5553,16751,2948,612,2024-11-23,1,Changed Mind,13494.67,Completed
969,5554,16756,6375,835,2024-11-01,1,Product Not as Expected,33595.66,Completed
970,5555,16757,8660,169,2024-11-18,1,Size/Fit Issue,48368.89,Completed
971,5561,16773,408,63,2024-03-26,2,Wrong Product,39492.46,Completed
972,5568,16797,4709,987,2023-09-10,1,Changed Mind,52051.56,Completed
973,5573,16808,4053,603,2025-12-22,1,Product Not as Expected,3198.92,Completed
974,5577,16826,9193,404,2024-10-14,1,Late Delivery,5281.85,Completed
975,5579,16832,1545,207,2024-12-31,1,Wrong Product,83983.48,Completed
976,5584,16848,9272,412,2024-05-11,3,Changed Mind,91144.29,Completed
977,5585,16851,6356,811,2025-06-30,1,Damaged Product,29935.48,Completed
978,5592,16870,7396,31,2023-07-06,1,Quality Issue,5278.2,Completed
979,5614,16932,8610,574,2024-07-10,1,Wrong Product,8147.88,Completed
980,5617,16939,5066,938,2024-06-19,4,Quality Issue,165891.08,Completed
981,5620,16951,3773,959,2025-05-08,1,Product Not as Expected,70639.35,Completed
982,5623,16958,9684,626,2023-06-25,1,Damaged Product,59305.86,Completed
983,5629,16980,3195,802,2024-09-03,1,Product Not as Expected,14817.63,Completed
984,5631,16986,3370,782,2025-03-31,1,Damaged Product,57282.77,Completed
985,5633,16993,7829,69,2024-07-14,1,Product Not as Expected,32929.62,Completed
986,5637,17003,9693,934,2024-06-01,1,Wrong Product,13975.94,Completed
987,5637,17004,9693,278,2024-06-01,1,Late Delivery,32103.08,Completed
988,5640,17013,9835,71,2023-05-12,1,Damaged Product,14353.02,Completed
989,5643,17019,47,924,2025-09-13,1,Changed Mind,35999.57,Completed
990,5647,17032,9142,201,2024-03-25,1,Size/Fit Issue,26322.63,Completed
991,5655,17050,9896,479,2024-12-08,2,Wrong Product,2864.14,Completed
992,5660,17063,6441,69,2024-11-17,1,Quality Issue,32929.62,Completed
993,5664,17079,4596,124,2024-01-11,4,Wrong Product,129012.4,Completed
994,5669,17095,5226,838,2025-04-26,2,Wrong Product,135152.9,Completed
995,5670,17099,7905,97,2023-11-22,3,Wrong Product,20699.94,Completed
996,5677,17115,832,349,2024-02-06,1,Changed Mind,65581.32,Completed
997,5683,17131,8639,907,2023-01-24,4,Quality Issue,90994.64,Completed
998,5687,17148,4046,7,2025-08-02,1,Product Not as Expected,35843.35,Completed
999,5693,17164,3185,547,2025-05-18,1,Size/Fit Issue,12707.2,Completed
1000,5703,17200,3414,566,2023-06-17,1,Quality Issue,53985.24,Completed
1001,5707,17214,2270,877,2024-09-12,2,Changed Mind,61139.66,Completed
1002,5711,17224,9894,550,2025-01-12,1,Size/Fit Issue,8198.61,Completed
1003,5715,17239,7984,920,2025-06-14,1,Size/Fit Issue,34221.06,Completed
1004,5716,17241,962,193,2023-09-27,1,Changed Mind,87985.05,Completed
1005,5723,17268,2500,376,2025-08-12,1,Quality Issue,63521.81,Completed
1006,5727,17276,8189,69,2025-03-25,2,Wrong Product,65859.24,Completed
1007,5728,17280,82,779,2024-12-24,1,Damaged Product,52000.66,Completed
1008,5735,17295,6737,344,2023-07-23,1,Wrong Product,4082.01,Completed
1009,5739,17304,1988,930,2024-03-20,1,Wrong Product,39320.83,Completed
1010,5742,17311,4264,255,2025-06-15,1,Quality Issue,58340.7,Completed
1011,5752,17346,4044,669,2024-10-10,1,Product Not as Expected,52366.39,Completed
1012,5760,17368,8512,517,2025-04-14,1,Product Not as Expected,27837.58,Completed
1013,5761,17370,2819,959,2025-05-05,1,Quality Issue,70639.35,Completed
1014,5761,17371,2819,893,2025-05-05,1,Quality Issue,24158.85,Completed
1015,5761,17373,2819,847,2025-05-05,1,Late Delivery,86269.16,Completed
1016,5769,17402,8494,144,2025-03-20,2,Changed Mind,80939.08,Completed
1017,5771,17412,1497,60,2023-12-06,2,Damaged Product,142126.28,Completed
1018,5772,17415,7136,564,2023-02-24,1,Damaged Product,75701.18,Completed
1019,5783,17448,420,47,2023-05-21,1,Damaged Product,33493.63,Completed
1020,5808,17521,1608,883,2024-12-17,3,Quality Issue,212738.22,Completed
1021,5809,17524,4528,283,2023-07-30,2,Changed Mind,136857.88,Completed
1022,5834,17610,4548,394,2023-01-31,1,Size/Fit Issue,42580.81,Completed
1023,5836,17613,7756,78,2025-07-13,3,Product Not as Expected,120094.41,Completed
1024,5850,17655,3953,451,2025-02-15,1,Quality Issue,17488.8,Completed
1025,5851,17660,6609,382,2024-12-23,1,Damaged Product,63751.27,Completed
1026,5875,17724,7390,509,2024-04-27,1,Product Not as Expected,19248.16,Completed
1027,5876,17727,6536,119,2024-05-08,1,Late Delivery,62460.8,Completed
1028,5882,17738,75,992,2025-12-09,1,Quality Issue,26378.31,Completed
1029,5891,17776,899,1000,2025-02-05,1,Changed Mind,35293.76,Completed
1030,5894,17788,1556,991,2024-09-24,1,Late Delivery,16315.12,Completed
1031,5905,17818,9758,978,2023-05-06,1,Wrong Product,70358.3,Completed
1032,5909,17832,7185,913,2024-03-07,1,Changed Mind,29739.74,Completed
1033,5909,17835,7185,441,2024-03-07,1,Changed Mind,7558.87,Completed
1034,5913,17849,8901,108,2024-04-16,1,Late Delivery,18525.05,Completed
1035,5916,17860,2413,173,2024-11-08,1,Wrong Product,83103.03,Completed
1036,5919,17870,9500,325,2024-08-31,1,Quality Issue,13778.84,Completed
1037,5921,17875,897,752,2025-02-16,1,Size/Fit Issue,41334.32,Completed
1038,5922,17877,8652,728,2024-08-27,1,Late Delivery,72056.51,Completed
1039,5924,17882,6953,296,2024-10-28,2,Changed Mind,69255.74,Completed
1040,5936,17915,4126,193,2025-12-11,1,Damaged Product,87985.05,Completed
1041,5941,17930,1351,209,2023-12-30,1,Size/Fit Issue,43254.59,Completed
1042,5943,17940,2314,458,2025-11-21,1,Size/Fit Issue,35705.95,Completed
1043,5946,17949,9067,822,2023-03-29,1,Size/Fit Issue,12880.11,Completed
1044,5953,17968,4969,202,2024-11-12,2,Damaged Product,64711.1,Completed
1045,5959,17991,874,166,2024-02-06,2,Late Delivery,67597.1,Completed
1046,5961,17998,4172,182,2024-01-03,1,Damaged Product,3021.26,Completed
1047,5965,18010,5567,520,2023-07-06,1,Quality Issue,49223.86,Completed
1048,5967,18017,1819,550,2024-05-19,1,Changed Mind,8198.61,Completed
1049,5967,18019,1819,457,2024-05-19,3,Product Not as Expected,24033.69,Completed
1050,5972,18032,3355,551,2024-08-28,1,Wrong Product,40569.11,Completed
1051,5980,18053,8507,445,2023-07-23,1,Changed Mind,56192.08,Completed
1052,5983,18063,8689,429,2025-01-18,3,Product Not as Expected,40480.26,Completed
1053,5996,18098,6252,275,2025-03-19,1,Changed Mind,53701.2,Completed
1054,5998,18103,7726,723,2025-06-11,1,Size/Fit Issue,17748.2,Completed
1055,5998,18104,7726,523,2025-06-11,3,Changed Mind,58719.24,Completed
1056,6004,18131,126,972,2023-05-05,4,Wrong Product,121234.68,Completed
1057,6013,18157,690,328,2023-03-30,1,Quality Issue,71127.26,Completed
1058,6017,18167,3252,314,2025-01-08,1,Wrong Product,18663.84,Completed
1059,6034,18225,2289,489,2025-01-19,1,Product Not as Expected,36153.44,Completed
1060,6043,18246,7035,934,2023-01-22,1,Damaged Product,13975.94,Completed
1061,6047,18257,8414,574,2023-04-15,1,Changed Mind,8147.88,Completed
1062,6054,18279,1724,218,2023-09-22,1,Size/Fit Issue,62214.43,Completed
1063,6059,18299,7858,886,2025-08-04,2,Changed Mind,98670.36,Completed
1064,6060,18300,7918,974,2023-12-23,1,Damaged Product,22438.44,Completed
1065,6065,18320,4020,626,2025-04-03,3,Product Not as Expected,177917.58,Completed
1066,6074,18352,6109,708,2023-02-06,1,Damaged Product,27271.15,Completed
1067,6088,18402,3908,565,2024-12-17,1,Changed Mind,52005.48,Completed
1068,6089,18404,3058,2,2023-04-23,1,Size/Fit Issue,76394.93,Completed
1069,6091,18417,9592,643,2024-07-24,1,Late Delivery,15747.23,Completed
1070,6091,18418,9592,429,2024-07-24,1,Late Delivery,13493.42,Completed
1071,6095,18430,5238,197,2023-05-26,1,Product Not as Expected,18177.19,Completed
1072,6096,18431,1280,410,2024-12-15,1,Size/Fit Issue,18525.02,Completed
1073,6098,18439,148,176,2023-06-06,1,Size/Fit Issue,4905.76,Completed
1074,6105,18457,6986,691,2025-10-23,2,Quality Issue,116941.82,Completed
1075,6106,18458,7230,274,2024-10-29,1,Late Delivery,45493.53,Completed
1076,6113,18479,7525,11,2025-11-15,1,Changed Mind,32813.85,Completed
1077,6115,18485,9138,83,2023-12-09,1,Late Delivery,37264.04,Completed
1078,6120,18498,5022,938,2024-03-25,1,Damaged Product,41472.77,Completed
1079,6135,18547,899,274,2023-06-08,1,Wrong Product,45493.53,Completed
1080,6141,18574,3526,549,2023-03-01,1,Quality Issue,51380.02,Completed
1081,6141,18575,3526,977,2023-03-01,1,Wrong Product,24474.24,Completed
1082,6142,18577,60,410,2024-02-04,1,Wrong Product,18525.02,Completed
1083,6143,18578,6588,996,2025-04-26,3,Late Delivery,129023.34,Completed
1084,6149,18596,3203,231,2025-09-29,4,Wrong Product,86862.92,Completed
1085,6164,18635,5011,784,2023-03-14,1,Size/Fit Issue,66280.45,Completed
1086,6167,18643,73,712,2023-06-08,3,Wrong Product,21116.1,Completed
1087,6171,18661,1010,660,2024-06-10,1,Quality Issue,24698.97,Completed
1088,6184,18701,4310,324,2025-02-03,1,Late Delivery,65084.11,Completed
1089,6187,18709,43,133,2023-05-02,1,Damaged Product,12468.39,Completed
1090,6191,18724,4709,442,2024-02-28,1,Wrong Product,63464.4,Completed
1091,6204,18760,1284,84,2025-03-30,2,Product Not as Expected,25385.66,Completed
1092,6206,18764,7169,899,2024-06-07,5,Wrong Product,249383.55,Completed
1093,6211,18782,9371,457,2024-06-02,1,Late Delivery,8011.23,Completed
1094,6214,18791,2739,558,2023-11-27,2,Wrong Product,151778.82,Completed
1095,6217,18795,7323,285,2023-04-25,1,Wrong Product,1335.75,Completed
1096,6218,18799,3149,594,2023-12-12,1,Product Not as Expected,26248.52,Completed
1097,6221,18809,5542,552,2025-11-13,1,Changed Mind,36436.81,Completed
1098,6240,18868,9333,247,2025-07-04,1,Wrong Product,54589.55,Completed
1099,6248,18887,1371,824,2023-02-14,1,Damaged Product,26487.37,Completed
1100,6251,18892,1228,513,2024-06-09,1,Damaged Product,282.11,Completed
1101,6258,18916,1881,433,2023-04-14,2,Changed Mind,94860.1,Completed
1102,6263,18935,4303,538,2025-02-26,3,Quality Issue,62052.42,Completed
1103,6272,18965,1103,683,2025-09-30,1,Damaged Product,8952.14,Completed
1104,6292,19021,2946,819,2024-06-19,2,Size/Fit Issue,92995.16,Completed
1105,6309,19064,7040,88,2023-02-03,1,Quality Issue,47049.95,Completed
1106,6313,19074,2437,506,2025-01-23,1,Late Delivery,48220.73,Completed
1107,6322,19098,7295,687,2024-07-06,1,Damaged Product,5733.29,Completed
1108,6331,19131,9799,810,2024-08-10,1,Changed Mind,46393.62,Completed
1109,6338,19151,468,468,2025-07-05,2,Wrong Product,62020.78,Completed
1110,6340,19158,5855,839,2024-12-07,2,Damaged Product,54595.44,Completed
1111,6340,19161,5855,47,2024-12-07,1,Late Delivery,33493.63,Completed
1112,6345,19169,4947,994,2024-03-09,1,Changed Mind,55468.6,Completed
1113,6355,19196,977,732,2023-10-26,1,Changed Mind,61153.47,Completed
1114,6360,19215,5397,836,2023-06-11,1,Product Not as Expected,41004.0,Completed
1115,6364,19229,9941,231,2023-10-28,1,Damaged Product,21715.73,Completed
1116,6368,19239,9975,453,2025-09-13,1,Damaged Product,16365.34,Completed
1117,6372,19246,4300,216,2023-02-19,1,Damaged Product,2917.11,Completed
1118,6379,19274,9001,537,2024-05-10,1,Size/Fit Issue,53194.66,Completed
1119,6380,19280,3819,159,2023-12-14,1,Wrong Product,47345.28,Completed
1120,6383,19289,2425,693,2024-01-29,1,Late Delivery,19806.14,Completed
1121,6397,19335,3547,439,2025-06-09,3,Damaged Product,135983.67,Completed
1122,6401,19345,695,650,2025-02-24,1,Damaged Product,42833.78,Completed
1123,6412,19375,1351,252,2023-11-26,1,Product Not as Expected,14289.54,Completed
1124,6440,19462,5660,106,2024-01-24,1,Product Not as Expected,46627.58,Completed
1125,6455,19514,1444,717,2024-12-16,2,Changed Mind,159317.04,Completed
1126,6462,19528,4577,869,2024-07-23,1,Product Not as Expected,27599.74,Completed
1127,6462,19529,4577,462,2024-07-23,1,Size/Fit Issue,42608.45,Completed
1128,6468,19548,3873,258,2025-03-20,1,Product Not as Expected,30912.25,Completed
1129,6469,19552,7821,250,2024-03-15,1,Wrong Product,38589.27,Completed
1130,6474,19568,9901,532,2025-04-04,1,Quality Issue,60027.29,Completed
1131,6480,19587,4972,532,2024-07-30,2,Changed Mind,120054.58,Completed
1132,6483,19599,3454,677,2025-08-14,1,Wrong Product,37302.54,Completed
1133,6485,19606,4998,149,2025-01-09,2,Changed Mind,56320.14,Completed
1134,6490,19623,2132,790,2024-04-16,2,Product Not as Expected,120245.22,Completed
1135,6493,19630,5950,520,2025-01-20,2,Wrong Product,98447.72,Completed
1136,6497,19640,1361,186,2024-04-22,4,Wrong Product,252116.36,Completed
1137,6498,19644,639,534,2023-02-16,2,Quality Issue,7925.3,Completed
1138,6527,19722,2898,230,2025-08-22,2,Late Delivery,30849.86,Completed
1139,6535,19738,8575,660,2023-11-05,2,Late Delivery,49397.94,Completed
1140,6536,19741,1871,888,2023-02-10,1,Quality Issue,28122.2,Completed
1141,6537,19747,9324,634,2024-08-20,1,Changed Mind,39143.06,Completed
1142,6538,19749,384,224,2024-02-24,1,Damaged Product,29142.1,Completed
1143,6538,19751,384,799,2024-02-24,1,Product Not as Expected,8251.88,Completed
1144,6558,19820,7370,410,2023-05-03,2,Late Delivery,37050.04,Completed
1145,6562,19832,115,816,2025-09-09,1,Wrong Product,45705.64,Completed
1146,6574,19858,6741,483,2023-05-06,1,Changed Mind,81445.06,Completed
1147,6578,19866,1833,581,2023-02-02,1,Size/Fit Issue,43359.64,Completed
1148,6584,19881,6639,278,2025-06-02,1,Quality Issue,32103.08,Completed
1149,6587,19890,8824,160,2023-03-04,1,Size/Fit Issue,59526.76,Completed
1150,6590,19897,8776,843,2023-10-21,1,Damaged Product,11862.94,Completed
1151,6594,19911,9115,940,2023-06-09,1,Product Not as Expected,1483.18,Completed
1152,6601,19938,4069,698,2024-03-12,1,Damaged Product,36376.6,Completed
1153,6606,19959,5445,740,2024-01-03,1,Late Delivery,38333.46,Completed
1154,6609,19965,9978,870,2023-09-03,1,Product Not as Expected,11548.78,Completed
1155,6617,19994,6834,155,2023-01-13,1,Product Not as Expected,75355.28,Completed
1156,6636,20059,8243,405,2025-04-20,1,Wrong Product,48873.34,Completed
1157,6642,20080,2313,747,2024-05-22,1,Product Not as Expected,29958.97,Completed
1158,6654,20121,1171,653,2023-06-12,1,Late Delivery,36919.84,Completed
1159,6656,20130,6785,694,2025-11-01,1,Late Delivery,75656.77,Completed
1160,6661,20146,6172,410,2023-09-15,1,Damaged Product,18525.02,Completed
1161,6667,20163,499,433,2025-10-31,1,Wrong Product,47430.05,Completed
1162,6673,20180,1862,528,2024-09-06,2,Wrong Product,97373.26,Completed
1163,6677,20192,2896,979,2025-01-11,1,Changed Mind,43889.02,Completed
1164,6683,20214,2356,506,2023-05-14,2,Product Not as Expected,96441.46,Completed
1165,6690,20234,5585,56,2024-02-07,1,Late Delivery,9324.88,Completed
1166,6694,20243,4959,104,2024-02-24,1,Changed Mind,6636.56,Completed
1167,6697,20254,1674,712,2024-01-21,1,Late Delivery,7038.7,Completed
1168,6699,20261,4467,762,2025-06-20,1,Quality Issue,4852.55,Completed
1169,6713,20305,1838,785,2023-02-09,1,Size/Fit Issue,16290.61,Completed
1170,6717,20317,2799,35,2024-08-01,1,Changed Mind,27954.63,Completed
1171,6718,20321,4177,534,2023-02-23,1,Size/Fit Issue,3962.65,Completed
1172,6719,20325,6638,394,2025-07-18,1,Quality Issue,42580.81,Completed
1173,6721,20331,8396,74,2025-10-09,1,Damaged Product,25500.32,Completed
1174,6727,20349,5186,815,2023-09-22,2,Wrong Product,72880.14,Completed
1175,6730,20360,2644,119,2025-04-28,1,Late Delivery,62460.8,Completed
1176,6731,20363,1635,51,2023-06-18,1,Product Not as Expected,6891.96,Completed
1177,6737,20381,1918,255,2025-08-20,1,Damaged Product,58340.7,Completed
1178,6741,20394,8424,427,2023-07-26,1,Changed Mind,43138.66,Completed
1179,6744,20403,23,86,2024-04-08,1,Wrong Product,55528.31,Completed
1180,6748,20415,9079,119,2024-10-03,1,Quality Issue,62460.8,Completed
1181,6752,20430,4979,517,2023-04-24,2,Late Delivery,55675.16,Completed
1182,6755,20437,8160,118,2023-12-14,1,Late Delivery,40481.81,Completed
1183,6766,20464,4119,782,2024-04-07,1,Quality Issue,57282.77,Completed
1184,6785,20511,2723,966,2025-07-31,1,Wrong Product,45203.42,Completed
1185,6787,20519,4348,855,2023-03-15,2,Product Not as Expected,100185.38,Completed
1186,6802,20565,8115,830,2024-11-26,1,Product Not as Expected,2181.3,Completed
1187,6808,20585,8753,298,2023-10-18,1,Late Delivery,64159.18,Completed
1188,6811,20593,6929,913,2023-09-19,4,Size/Fit Issue,118958.96,Completed
1189,6815,20607,5116,395,2023-02-01,1,Late Delivery,32399.17,Completed
1190,6816,20613,3740,798,2023-12-09,1,Product Not as Expected,52611.13,Completed
1191,6820,20624,6367,982,2025-09-30,1,Changed Mind,39666.28,Completed
1192,6823,20635,5743,273,2023-11-27,1,Changed Mind,58733.95,Completed
1193,6824,20636,5366,14,2024-07-06,2,Size/Fit Issue,50372.34,Completed
1194,6825,20638,2328,152,2024-11-12,1,Changed Mind,86230.84,Completed
1195,6827,20642,623,69,2024-05-03,2,Damaged Product,65859.24,Completed
1196,6837,20681,1468,403,2023-04-04,1,Late Delivery,13616.52,Completed
1197,6838,20688,8578,388,2024-03-31,1,Wrong Product,31725.59,Completed
1198,6841,20696,3650,125,2024-01-01,5,Late Delivery,350152.15,Completed
1199,6848,20715,1239,387,2025-12-17,3,Damaged Product,157183.38,Completed
1200,6852,20730,548,774,2025-02-15,2,Changed Mind,87959.32,Completed
1201,6856,20739,6014,176,2024-05-21,1,Wrong Product,4905.76,Completed
1202,6859,20748,8845,353,2024-12-13,2,Damaged Product,89216.54,Completed
1203,6860,20752,725,462,2025-04-04,1,Changed Mind,42608.45,Completed
1204,6868,20777,7967,649,2023-04-01,1,Damaged Product,52465.73,Completed
1205,6884,20820,7871,661,2023-08-31,1,Quality Issue,6801.17,Completed
1206,6885,20822,6513,479,2025-10-21,1,Size/Fit Issue,1432.07,Completed
1207,6894,20843,8356,638,2024-08-31,1,Quality Issue,48836.11,Completed
1208,6909,20881,2662,758,2023-10-06,1,Product Not as Expected,70684.62,Completed
1209,6920,20908,5107,218,2023-03-18,1,Product Not as Expected,62214.43,Completed
1210,6927,20933,6171,998,2025-08-18,2,Wrong Product,31187.8,Completed
1211,6932,20949,3544,484,2023-05-18,1,Wrong Product,62844.55,Completed
1212,6935,20959,3511,795,2023-01-02,1,Size/Fit Issue,316.29,Completed
1213,6963,21046,3108,328,2023-04-16,2,Product Not as Expected,142254.52,Completed
1214,6964,21049,1762,278,2024-12-31,1,Product Not as Expected,32103.08,Completed
1215,6968,21061,8666,678,2025-10-02,1,Damaged Product,49387.32,Completed
1216,6969,21066,5199,836,2023-07-25,1,Late Delivery,41004.0,Completed
1217,6972,21078,1203,731,2024-09-14,1,Damaged Product,63563.73,Completed
1218,6974,21085,8455,462,2024-03-15,1,Product Not as Expected,42608.45,Completed
1219,6985,21117,4019,984,2024-08-08,3,Wrong Product,112689.72,Completed
1220,6990,21132,9309,43,2024-04-06,1,Size/Fit Issue,44927.43,Completed
1221,6999,21158,5304,67,2023-03-27,1,Damaged Product,27469.03,Completed
1222,7003,21166,8045,186,2025-04-11,1,Wrong Product,63029.09,Completed
1223,7004,21174,9536,780,2025-01-26,1,Late Delivery,39870.93,Completed
1224,7021,21223,2833,526,2024-07-01,2,Wrong Product,19031.44,Completed
1225,7023,21232,9948,64,2025-12-05,1,Size/Fit Issue,12866.2,Completed
1226,7036,21267,5149,302,2025-08-26,1,Quality Issue,12582.3,Completed
1227,7037,21268,1456,818,2025-12-13,2,Size/Fit Issue,5034.4,Completed
1228,7040,21277,7127,274,2023-01-28,1,Size/Fit Issue,45493.53,Completed
1229,7043,21290,3034,76,2023-06-08,1,Damaged Product,24691.22,Completed
1230,7062,21333,6842,972,2023-03-28,3,Product Not as Expected,90926.01,Completed
1231,7073,21362,551,308,2023-01-31,1,Wrong Product,11798.26,Completed
1232,7087,21392,9121,84,2025-07-12,1,Late Delivery,12692.83,Completed
1233,7091,21407,8670,68,2023-08-10,1,Changed Mind,60685.6,Completed
1234,7098,21422,5628,239,2025-02-17,1,Damaged Product,2561.84,Completed
1235,7105,21439,5117,605,2025-10-15,1,Damaged Product,28301.75,Completed
1236,7105,21440,5117,328,2025-10-15,2,Wrong Product,142254.52,Completed
1237,7110,21459,4855,311,2023-10-22,1,Damaged Product,27646.1,Completed
1238,7113,21467,8090,688,2023-06-27,1,Damaged Product,57528.79,Completed
1239,7115,21471,7506,408,2024-08-15,1,Late Delivery,49372.6,Completed
1240,7123,21496,9240,160,2024-06-10,1,Late Delivery,59526.76,Completed
1241,7123,21497,9240,229,2024-06-10,1,Size/Fit Issue,63465.56,Completed
1242,7123,21499,9240,517,2024-06-10,3,Late Delivery,83512.74,Completed
1243,7131,21521,7920,541,2024-05-08,2,Changed Mind,77920.06,Completed
1244,7147,21573,4021,886,2023-06-23,1,Quality Issue,49335.18,Completed
1245,7166,21635,8317,573,2024-01-12,1,Changed Mind,17211.31,Completed
1246,7168,21640,1657,100,2024-03-08,2,Wrong Product,60301.32,Completed
1247,7180,21682,165,566,2023-02-10,2,Changed Mind,107970.48,Completed
1248,7181,21683,9618,855,2024-10-28,2,Size/Fit Issue,100185.38,Completed
1249,7189,21711,3201,463,2025-11-02,5,Wrong Product,80230.8,Completed
1250,7194,21732,1860,906,2025-01-25,3,Changed Mind,65203.56,Completed
1251,7201,21754,3481,103,2025-07-01,1,Damaged Product,1932.01,Completed
1252,7214,21788,9896,784,2024-08-22,1,Wrong Product,66280.45,Completed
1253,7226,21826,2928,145,2023-11-13,1,Wrong Product,1006.29,Completed
1254,7227,21827,3570,869,2023-11-03,3,Product Not as Expected,82799.22,Completed
1255,7235,21855,5506,883,2024-08-09,1,Changed Mind,70912.74,Completed
1256,7243,21874,4684,643,2024-09-21,1,Changed Mind,15747.23,Completed
1257,7249,21887,6140,682,2024-10-13,1,Damaged Product,88961.65,Completed
1258,7252,21897,4071,184,2025-01-02,1,Quality Issue,30008.52,Completed
1259,7267,21935,9839,799,2023-06-27,1,Product Not as Expected,8251.88,Completed
1260,7271,21950,7866,346,2023-12-03,2,Product Not as Expected,125015.18,Completed
1261,7272,21954,1050,717,2023-04-12,1,Quality Issue,79658.52,Completed
1262,7278,21974,130,273,2023-07-08,2,Changed Mind,117467.9,Completed
1263,7286,21999,5454,93,2024-12-09,1,Product Not as Expected,20754.97,Completed
1264,7287,22001,764,534,2023-05-11,1,Damaged Product,3962.65,Completed
1265,7289,22006,1110,137,2025-09-12,1,Wrong Product,55784.74,Completed
1266,7291,22011,1206,383,2025-08-25,1,Quality Issue,37571.74,Completed
1267,7297,22028,7580,460,2023-09-18,2,Damaged Product,38251.02,Completed
1268,7297,22029,7580,452,2023-09-18,1,Product Not as Expected,28114.61,Completed
1269,7307,22066,2177,708,2024-03-27,3,Wrong Product,81813.45,Completed
1270,7308,22068,688,91,2024-12-15,1,Damaged Product,35131.7,Completed
1271,7310,22072,9816,767,2025-01-10,1,Product Not as Expected,50379.24,Completed
1272,7312,22078,5010,368,2024-11-02,1,Late Delivery,54568.01,Completed
1273,7312,22080,5010,718,2024-11-02,1,Quality Issue,74041.38,Completed
1274,7314,22085,9836,453,2023-08-31,1,Wrong Product,16365.34,Completed
1275,7318,22092,7155,463,2024-07-11,2,Quality Issue,32092.32,Completed
1276,7318,22094,7155,465,2024-07-11,1,Damaged Product,54474.14,Completed
1277,7345,22167,6935,193,2024-08-25,1,Product Not as Expected,87985.05,Completed
1278,7347,22173,3951,573,2025-08-16,1,Wrong Product,17211.31,Completed
1279,7349,22178,9205,396,2025-05-11,1,Wrong Product,49585.04,Completed
1280,7354,22189,2625,549,2025-09-10,1,Late Delivery,51380.02,Completed
1281,7365,22216,9341,86,2024-07-19,1,Size/Fit Issue,55528.31,Completed
1282,7374,22250,7875,376,2024-04-24,1,Late Delivery,63521.81,Completed
1283,7377,22261,5913,956,2023-06-05,1,Wrong Product,39326.14,Completed
1284,7390,22302,1814,193,2023-12-03,1,Wrong Product,87985.05,Completed
1285,7392,22314,3527,150,2025-09-29,1,Size/Fit Issue,22962.33,Completed
1286,7394,22321,978,683,2024-07-03,1,Product Not as Expected,8952.14,Completed
1287,7407,22364,5969,441,2025-08-17,1,Wrong Product,7558.87,Completed
1288,7408,22368,6252,102,2024-04-18,1,Changed Mind,41669.88,Completed
1289,7413,22383,5171,435,2024-11-08,1,Changed Mind,46351.04,Completed
1290,7420,22403,7906,901,2024-09-03,2,Damaged Product,98129.56,Completed
1291,7433,22446,3336,231,2024-10-31,2,Size/Fit Issue,43431.46,Completed
1292,7447,22484,4068,294,2024-02-01,3,Product Not as Expected,125699.61,Completed
1293,7449,22491,4672,900,2024-08-30,1,Changed Mind,10764.09,Completed
1294,7454,22504,6977,928,2025-01-03,1,Quality Issue,87525.69,Completed
1295,7456,22514,98,557,2025-12-28,1,Damaged Product,66632.37,Completed
1296,7459,22525,3452,537,2023-05-26,2,Size/Fit Issue,106389.32,Completed
1297,7462,22534,450,795,2024-09-03,1,Wrong Product,316.29,Completed
1298,7467,22550,1741,59,2023-07-28,1,Product Not as Expected,35723.48,Completed
1299,7468,22551,8097,31,2024-08-17,2,Changed Mind,10556.4,Completed
1300,7471,22560,3766,816,2025-10-15,1,Late Delivery,45705.64,Completed
1301,7471,22561,3766,920,2025-10-15,1,Damaged Product,34221.06,Completed
1302,7472,22565,2443,197,2023-09-20,1,Quality Issue,18177.19,Completed
1303,7474,22572,6667,262,2024-07-20,2,Quality Issue,48305.82,Completed
1304,7477,22578,8100,803,2024-06-12,2,Damaged Product,82677.14,Completed
1305,7480,22587,3693,336,2025-08-08,1,Quality Issue,7191.8,Completed
1306,7483,22595,2069,370,2025-12-26,1,Changed Mind,42652.44,Completed
1307,7511,22674,4470,187,2024-01-23,1,Wrong Product,11139.84,Completed
1308,7514,22685,2978,198,2023-07-22,1,Wrong Product,21166.03,Completed
1309,7523,22710,6193,651,2024-04-12,1,Changed Mind,58787.12,Completed
1310,7543,22769,5817,882,2023-11-18,2,Quality Issue,17028.36,Completed
1311,7547,22778,775,990,2025-10-23,1,Changed Mind,16191.64,Completed
1312,7547,22781,775,886,2025-10-23,1,Late Delivery,49335.18,Completed
1313,7548,22782,8448,389,2025-05-20,1,Late Delivery,28890.02,Completed
1314,7549,22784,3317,907,2024-05-04,1,Changed Mind,22748.66,Completed
1315,7554,22798,4113,755,2024-06-07,1,Damaged Product,18693.1,Completed
1316,7556,22806,7523,987,2024-11-06,1,Product Not as Expected,52051.56,Completed
1317,7562,22833,5137,422,2024-06-01,1,Size/Fit Issue,36577.78,Completed
1318,7569,22857,971,232,2024-02-19,1,Size/Fit Issue,5776.45,Completed
1319,7576,22874,5703,31,2023-12-19,1,Late Delivery,5278.2,Completed
1320,7582,22888,1879,285,2023-12-28,2,Damaged Product,2671.5,Completed
1321,7582,22890,1879,191,2023-12-28,1,Late Delivery,45798.67,Completed
1322,7584,22898,368,468,2025-07-06,1,Late Delivery,31010.39,Completed
1323,7588,22908,2298,532,2024-03-04,1,Product Not as Expected,60027.29,Completed
1324,7592,22921,6371,251,2024-12-04,1,Damaged Product,27200.0,Completed
1325,7610,22965,5121,227,2023-07-29,2,Quality Issue,31710.22,Completed
1326,7611,22971,5430,48,2025-11-27,1,Changed Mind,24215.99,Completed
1327,7617,22993,7910,848,2024-03-15,4,Quality Issue,197018.36,Completed
1328,7628,23019,9011,354,2023-06-09,1,Size/Fit Issue,24299.68,Completed
1329,7633,23038,3701,498,2024-05-20,1,Damaged Product,59585.39,Completed
1330,7640,23053,2990,762,2023-10-13,3,Changed Mind,14557.65,Completed
1331,7642,23059,784,131,2023-04-09,1,Wrong Product,72766.86,Completed
1332,7643,23064,4008,272,2023-01-27,1,Changed Mind,45080.96,Completed
1333,7651,23086,551,684,2025-05-21,4,Quality Issue,99245.52,Completed
1334,7652,23090,6027,847,2024-09-25,1,Damaged Product,86269.16,Completed
1335,7660,23108,8155,456,2023-03-09,3,Wrong Product,118411.29,Completed
1336,7660,23110,8155,41,2023-03-09,1,Size/Fit Issue,47175.64,Completed
1337,7668,23128,1121,728,2023-12-05,1,Damaged Product,72056.51,Completed
1338,7675,23142,8743,64,2023-06-03,1,Damaged Product,12866.2,Completed
1339,7680,23153,2082,394,2025-12-16,1,Size/Fit Issue,42580.81,Completed
1340,7684,23165,3755,805,2023-02-01,1,Changed Mind,29663.21,Completed
1341,7685,23169,4729,982,2023-08-28,1,Wrong Product,39666.28,Completed
1342,7689,23182,5687,358,2023-10-04,1,Changed Mind,43775.04,Completed
1343,7690,23184,8035,526,2025-05-09,1,Late Delivery,9515.72,Completed
1344,7692,23190,319,535,2025-11-02,1,Late Delivery,41797.84,Completed
1345,7693,23195,9726,763,2025-06-05,1,Changed Mind,54370.13,Completed
1346,7702,23226,1114,61,2024-05-02,2,Size/Fit Issue,110656.1,Completed
1347,7713,23256,6206,258,2024-05-25,1,Damaged Product,30912.25,Completed
1348,7717,23273,2126,508,2025-03-31,1,Product Not as Expected,66003.7,Completed
1349,7721,23287,5896,214,2025-10-20,4,Wrong Product,68698.24,Completed
1350,7735,23324,9859,343,2024-07-25,2,Product Not as Expected,5042.44,Completed
1351,7738,23335,1750,702,2023-03-22,1,Product Not as Expected,47715.26,Completed
1352,7739,23341,5264,924,2024-08-11,1,Changed Mind,35999.57,Completed
1353,7745,23356,5563,853,2023-11-12,1,Product Not as Expected,36149.24,Completed
1354,7747,23361,671,72,2024-10-17,1,Damaged Product,13728.33,Completed
1355,7752,23372,9390,505,2024-12-15,1,Size/Fit Issue,19424.05,Completed
1356,7752,23376,9390,323,2024-12-15,1,Late Delivery,10234.87,Completed
1357,7753,23378,7599,214,2025-06-01,1,Changed Mind,17174.56,Completed
1358,7754,23385,4638,507,2025-02-11,1,Damaged Product,60624.2,Completed
1359,7756,23392,7492,91,2025-04-11,2,Late Delivery,70263.4,Completed
1360,7763,23413,3255,717,2025-05-19,1,Changed Mind,79658.52,Completed
1361,7765,23422,473,451,2023-08-06,2,Wrong Product,34977.6,Completed
1362,7765,23425,473,859,2023-08-06,1,Wrong Product,51841.08,Completed
1363,7767,23429,8638,235,2023-02-06,1,Product Not as Expected,18706.23,Completed
1364,7768,23432,4790,124,2023-06-22,1,Late Delivery,32253.1,Completed
1365,7781,23476,8826,687,2025-07-27,1,Late Delivery,5733.29,Completed
1366,7789,23506,3625,980,2023-11-13,1,Product Not as Expected,29796.15,Completed
1367,7795,23529,1980,692,2025-01-23,2,Size/Fit Issue,60228.52,Completed
1368,7809,23567,8804,525,2025-12-15,1,Wrong Product,64720.45,Completed
1369,7816,23597,7623,868,2025-04-06,1,Quality Issue,30561.21,Completed
1370,7823,23618,8242,604,2023-04-02,1,Damaged Product,36921.48,Completed
1371,7833,23646,1116,662,2023-10-22,1,Size/Fit Issue,43228.98,Completed
1372,7834,23650,1720,453,2025-11-22,1,Damaged Product,16365.34,Completed
1373,7837,23657,8405,734,2024-11-21,1,Product Not as Expected,4017.31,Completed
1374,7848,23689,312,273,2025-09-30,1,Size/Fit Issue,58733.95,Completed
1375,7854,23706,5782,607,2025-03-10,1,Wrong Product,4401.63,Completed
1376,7856,23716,4205,532,2024-10-24,2,Size/Fit Issue,120054.58,Completed
1377,7863,23744,5409,176,2025-12-18,1,Wrong Product,4905.76,Completed
1378,7863,23745,5409,815,2025-12-18,1,Damaged Product,36440.07,Completed
1379,7877,23779,3308,978,2024-08-23,3,Damaged Product,211074.9,Completed
1380,7878,23780,1951,491,2024-07-05,1,Changed Mind,51840.67,Completed
1381,7880,23788,6105,207,2025-05-18,2,Wrong Product,167966.96,Completed
1382,7880,23792,6105,296,2025-05-18,1,Quality Issue,34627.87,Completed
1383,7882,23796,5676,603,2025-07-13,1,Product Not as Expected,3198.92,Completed
1384,7882,23797,5676,385,2025-07-13,1,Quality Issue,51195.51,Completed
1385,7882,23799,5676,2,2025-07-13,1,Late Delivery,76394.93,Completed
1386,7894,23840,5924,931,2023-05-17,3,Changed Mind,179212.83,Completed
1387,7901,23871,6494,484,2024-10-08,1,Product Not as Expected,62844.55,Completed
1388,7907,23893,3751,592,2025-02-26,1,Late Delivery,8207.23,Completed
1389,7909,23895,8293,605,2023-02-03,1,Wrong Product,28301.75,Completed
1390,7919,23930,4145,202,2023-04-25,2,Product Not as Expected,64711.1,Completed
1391,7919,23931,4145,292,2023-04-25,1,Late Delivery,55597.58,Completed
1392,7924,23948,6669,630,2025-08-16,2,Quality Issue,81594.52,Completed
1393,7929,23964,7680,938,2025-08-14,1,Late Delivery,41472.77,Completed
1394,7938,23993,9979,966,2024-07-17,1,Damaged Product,45203.42,Completed
1395,7942,24004,5637,544,2024-06-11,1,Damaged Product,60516.54,Completed
1396,7947,24021,7526,938,2025-04-21,1,Quality Issue,41472.77,Completed
1397,7949,24026,7360,600,2023-08-12,1,Size/Fit Issue,10564.52,Completed
1398,7950,24031,7516,641,2024-09-18,1,Late Delivery,12415.84,Completed
1399,7953,24040,8295,572,2023-04-16,2,Product Not as Expected,33609.12,Completed
1400,7956,24050,9580,638,2023-01-08,2,Damaged Product,97672.22,Completed
1401,7964,24074,5125,306,2023-11-28,2,Quality Issue,87705.76,Completed
1402,7966,24076,2242,439,2025-09-12,1,Changed Mind,45327.89,Completed
1403,7980,24129,6420,678,2024-06-09,1,Quality Issue,49387.32,Completed
1404,7983,24137,2036,717,2023-03-21,2,Quality Issue,159317.04,Completed
1405,7984,24141,5654,498,2024-11-06,1,Quality Issue,59585.39,Completed
1406,8003,24200,9364,328,2024-05-07,2,Wrong Product,142254.52,Completed
1407,8013,24234,7688,324,2024-08-21,1,Damaged Product,65084.11,Completed
1408,8015,24237,2469,956,2023-03-07,3,Quality Issue,117978.42,Completed
1409,8016,24244,8293,429,2023-04-12,1,Late Delivery,13493.42,Completed
1410,8022,24259,2988,733,2024-06-04,1,Product Not as Expected,2797.99,Completed
1411,8024,24270,4070,254,2025-03-13,3,Late Delivery,243763.08,Completed
1412,8029,24285,1426,937,2025-11-07,1,Wrong Product,75287.48,Completed
1413,8032,24292,1762,387,2023-10-14,1,Size/Fit Issue,52394.46,Completed
1414,8033,24293,6080,994,2023-04-28,1,Changed Mind,55468.6,Completed
1415,8033,24296,6080,590,2023-04-28,3,Size/Fit Issue,97456.89,Completed
1416,8039,24310,1593,649,2023-12-10,1,Wrong Product,52465.73,Completed
1417,8044,24331,5261,719,2025-02-01,1,Changed Mind,77732.75,Completed
1418,8051,24350,6958,418,2024-12-03,1,Changed Mind,6259.15,Completed
1419,8053,24355,9658,63,2023-10-19,1,Wrong Product,19746.23,Completed
1420,8055,24360,9421,821,2025-05-13,2,Quality Issue,77776.0,Completed
1421,8058,24365,1523,92,2023-12-26,2,Damaged Product,40944.82,Completed
1422,8067,24394,1898,633,2024-12-27,3,Product Not as Expected,48813.51,Completed
1423,8071,24410,1381,498,2024-01-21,1,Damaged Product,59585.39,Completed
1424,8072,24415,1002,144,2024-09-21,1,Product Not as Expected,40469.54,Completed
1425,8075,24430,8572,751,2025-12-21,1,Damaged Product,67959.34,Completed
1426,8076,24432,7210,64,2025-05-23,2,Late Delivery,25732.4,Completed
1427,8076,24436,7210,678,2025-05-23,1,Damaged Product,49387.32,Completed
1428,8083,24454,1499,705,2025-04-28,1,Damaged Product,48444.42,Completed
1429,8084,24459,6106,834,2023-06-26,1,Changed Mind,10608.23,Completed
1430,8106,24504,7701,535,2023-09-13,1,Size/Fit Issue,41797.84,Completed
1431,8120,24542,1115,247,2023-10-02,1,Size/Fit Issue,54589.55,Completed
1432,8120,24544,1115,69,2023-10-02,1,Late Delivery,32929.62,Completed
1433,8124,24558,1703,716,2023-06-15,1,Late Delivery,37907.5,Completed
1434,8129,24579,403,574,2023-08-13,1,Quality Issue,8147.88,Completed
1435,8130,24582,7063,990,2023-05-12,1,Damaged Product,16191.64,Completed
1436,8132,24588,266,525,2025-06-14,1,Late Delivery,64720.45,Completed
1437,8157,24663,9027,631,2024-02-19,1,Late Delivery,16754.77,Completed
1438,8164,24678,2339,2,2023-04-16,1,Size/Fit Issue,76394.93,Completed
1439,8168,24690,9674,3,2024-08-28,1,Quality Issue,43470.0,Completed
1440,8169,24695,4735,92,2025-09-18,2,Late Delivery,40944.82,Completed
1441,8169,24698,4735,776,2025-09-18,1,Late Delivery,26241.11,Completed
1442,8178,24727,7795,273,2024-02-13,1,Quality Issue,58733.95,Completed
1443,8196,24764,7880,990,2023-08-22,1,Wrong Product,16191.64,Completed
1444,8196,24767,7880,682,2023-08-22,1,Late Delivery,88961.65,Completed
1445,8210,24800,3471,831,2024-08-24,1,Wrong Product,72426.36,Completed
1446,8224,24847,6799,14,2023-06-03,3,Quality Issue,75558.51,Completed
1447,8230,24868,5010,727,2023-07-14,2,Product Not as Expected,90373.68,Completed
1448,8236,24887,6541,458,2025-06-01,1,Wrong Product,35705.95,Completed
1449,8236,24888,6541,231,2025-06-01,1,Wrong Product,21715.73,Completed
1450,8238,24894,5030,69,2024-04-27,1,Damaged Product,32929.62,Completed
1451,8239,24895,2627,343,2024-01-26,2,Wrong Product,5042.44,Completed
1452,8240,24900,2532,115,2024-12-09,1,Changed Mind,15951.35,Completed
1453,8242,24906,4322,818,2024-06-24,1,Late Delivery,2517.2,Completed
1454,8249,24931,3444,543,2023-07-26,1,Changed Mind,44593.0,Completed
1455,8259,24961,2080,680,2024-03-29,1,Damaged Product,66428.17,Completed
1456,8262,24970,9436,776,2024-12-17,1,Changed Mind,26241.11,Completed
1457,8271,24993,4879,138,2025-12-28,1,Size/Fit Issue,30140.42,Completed
1458,8289,25041,4376,717,2025-01-29,1,Product Not as Expected,79658.52,Completed
1459,8295,25060,7479,106,2023-01-05,1,Late Delivery,46627.58,Completed
1460,8301,25080,6946,923,2025-01-26,2,Size/Fit Issue,6680.94,Completed
1461,8303,25089,5762,712,2024-01-11,1,Size/Fit Issue,7038.7,Completed
1462,8309,25107,1788,221,2025-07-16,2,Damaged Product,19002.04,Completed
1463,8310,25109,1806,202,2025-05-15,2,Size/Fit Issue,64711.1,Completed
1464,8312,25112,3415,439,2024-01-05,1,Product Not as Expected,45327.89,Completed
1465,8312,25114,3415,990,2024-01-05,2,Damaged Product,32383.28,Completed
1466,8314,25119,8042,681,2023-02-03,1,Size/Fit Issue,68806.9,Completed
1467,8316,25131,4921,576,2023-03-30,3,Size/Fit Issue,187255.92,Completed
1468,8323,25153,2053,821,2025-05-21,1,Late Delivery,38888.0,Completed
1469,8323,25155,2053,573,2025-05-21,1,Product Not as Expected,17211.31,Completed
1470,8323,25156,2053,102,2025-05-21,2,Late Delivery,83339.76,Completed
1471,8324,25157,5914,460,2025-07-02,1,Wrong Product,19125.51,Completed
1472,8345,25211,8695,919,2025-01-01,1,Damaged Product,36511.72,Completed
1473,8347,25216,1257,258,2024-06-01,4,Size/Fit Issue,123649.0,Completed
1474,8347,25217,1257,591,2024-06-01,1,Quality Issue,23915.96,Completed
1475,8350,25223,5304,197,2025-09-12,1,Size/Fit Issue,18177.19,Completed
1476,8364,25256,7337,216,2023-07-26,1,Quality Issue,2917.11,Completed
1477,8366,25263,8118,303,2025-08-28,1,Product Not as Expected,30281.73,Completed
1478,8367,25264,3645,814,2025-04-04,2,Late Delivery,58358.72,Completed
1479,8372,25273,5479,441,2025-10-28,3,Late Delivery,22676.61,Completed
1480,8374,25280,6267,23,2024-11-05,2,Late Delivery,8379.54,Completed
1481,8381,25301,6386,535,2023-04-14,1,Changed Mind,41797.84,Completed
1482,8388,25321,9189,528,2024-11-14,1,Wrong Product,48686.63,Completed
1483,8398,25351,6946,883,2024-03-26,1,Size/Fit Issue,70912.74,Completed
1484,8409,25385,9102,403,2024-01-29,2,Product Not as Expected,27233.04,Completed
1485,8420,25416,2026,502,2024-03-31,1,Wrong Product,49931.02,Completed
1486,8421,25422,5533,676,2024-09-24,1,Size/Fit Issue,9536.35,Completed
1487,8423,25429,7140,67,2025-07-25,1,Quality Issue,27469.03,Completed
1488,8429,25440,5725,975,2025-12-25,3,Size/Fit Issue,158438.79,Completed
1489,8444,25480,6788,241,2024-07-17,1,Product Not as Expected,34918.52,Completed
1490,8450,25494,3793,273,2024-08-20,1,Changed Mind,58733.95,Completed
1491,8450,25496,3793,544,2024-08-20,1,Changed Mind,60516.54,Completed
1492,8452,25503,4004,331,2024-11-25,1,Quality Issue,20733.41,Completed
1493,8457,25511,7657,550,2025-01-28,2,Wrong Product,16397.22,Completed
1494,8464,25540,7758,25,2025-05-15,1,Wrong Product,30269.48,Completed
1495,8470,25554,6260,410,2023-08-23,1,Size/Fit Issue,18525.02,Completed
1496,8470,25555,6260,990,2023-08-23,1,Damaged Product,16191.64,Completed
1497,8485,25602,2528,684,2025-03-21,1,Changed Mind,24811.38,Completed
1498,8495,25639,7496,41,2024-07-13,1,Damaged Product,47175.64,Completed
1499,8506,25681,1184,895,2025-06-06,2,Product Not as Expected,100734.0,Completed
1500,8509,25687,3285,186,2025-05-26,2,Damaged Product,126058.18,Completed
1501,8509,25688,3285,988,2025-05-26,1,Late Delivery,39079.27,Completed
1502,8510,25690,7362,479,2025-01-18,2,Changed Mind,2864.14,Completed
1503,8521,25728,4648,208,2024-02-02,1,Quality Issue,53391.84,Completed
1504,8524,25739,7092,156,2025-05-31,2,Quality Issue,51065.66,Completed
1505,8525,25740,606,294,2023-01-29,1,Late Delivery,41899.87,Completed
1506,8526,25745,1328,227,2024-01-07,1,Size/Fit Issue,15855.11,Completed
1507,8530,25758,1719,244,2025-07-30,2,Size/Fit Issue,57728.34,Completed
1508,8530,25759,1719,323,2025-07-30,1,Product Not as Expected,10234.87,Completed
1509,8533,25771,4761,427,2025-10-23,2,Size/Fit Issue,86277.32,Completed
1510,8538,25785,9882,674,2023-04-05,1,Size/Fit Issue,44208.19,Completed
1511,8540,25793,9054,836,2023-01-12,1,Late Delivery,41004.0,Completed
1512,8551,25826,5509,147,2024-03-15,1,Size/Fit Issue,18186.11,Completed
1513,8556,25841,4921,872,2024-05-30,1,Quality Issue,57660.72,Completed
1514,8558,25845,3557,735,2025-07-17,1,Product Not as Expected,18078.27,Completed
1515,8566,25870,467,498,2025-01-21,1,Quality Issue,59585.39,Completed
1516,8583,25917,9958,38,2025-11-07,1,Size/Fit Issue,76521.62,Completed
1517,8585,25924,9489,883,2024-07-12,1,Wrong Product,70912.74,Completed
1518,8601,25973,8614,947,2025-03-24,1,Late Delivery,9686.7,Completed
1519,8608,25996,4559,1000,2025-11-13,1,Product Not as Expected,35293.76,Completed
1520,8614,26015,4530,867,2024-04-30,2,Quality Issue,127944.06,Completed
1521,8624,26049,9701,324,2025-08-27,1,Size/Fit Issue,65084.11,Completed
1522,8645,26096,3136,123,2023-03-16,1,Wrong Product,12737.25,Completed
1523,8645,26099,3136,987,2023-03-16,1,Late Delivery,52051.56,Completed
1524,8680,26198,9827,439,2025-02-25,1,Quality Issue,45327.89,Completed
1525,8698,26249,4222,936,2023-12-24,1,Damaged Product,23282.26,Completed
1526,8698,26250,4222,661,2023-12-24,2,Changed Mind,13602.34,Completed
1527,8701,26258,4285,511,2023-05-07,1,Size/Fit Issue,9011.88,Completed
1528,8708,26281,6790,833,2023-11-01,2,Wrong Product,99968.1,Completed
1529,8708,26282,6790,771,2023-11-01,2,Quality Issue,123205.62,Completed
1530,8711,26290,6319,670,2025-09-05,1,Size/Fit Issue,52206.68,Completed
1531,8722,26318,7521,768,2025-01-19,1,Size/Fit Issue,22429.73,Completed
1532,8730,26342,383,342,2024-08-14,1,Changed Mind,15005.18,Completed
1533,8731,26344,272,603,2025-01-23,3,Size/Fit Issue,9596.76,Completed
1534,8734,26355,5806,462,2025-07-10,3,Quality Issue,127825.35,Completed
1535,8737,26363,6443,552,2023-01-20,1,Quality Issue,36436.81,Completed
1536,8741,26381,4038,31,2023-05-21,1,Late Delivery,5278.2,Completed
1537,8743,26387,1678,483,2024-12-03,1,Wrong Product,81445.06,Completed
1538,8744,26391,5460,935,2023-01-28,1,Quality Issue,58706.7,Completed
1539,8752,26410,5518,786,2025-09-30,1,Product Not as Expected,56688.37,Completed
1540,8753,26412,7798,819,2024-12-19,1,Late Delivery,46497.58,Completed
1541,8765,26443,1063,534,2025-07-21,1,Wrong Product,3962.65,Completed
1542,8782,26489,3132,864,2024-10-04,2,Damaged Product,20881.98,Completed
1543,8789,26512,2742,464,2025-12-07,1,Changed Mind,66431.66,Completed
1544,8793,26524,4475,918,2023-11-06,1,Late Delivery,12904.52,Completed
1545,8804,26556,5516,31,2025-01-22,1,Quality Issue,5278.2,Completed
1546,8811,26581,238,296,2023-11-10,1,Quality Issue,34627.87,Completed
1547,8818,26606,1672,52,2023-02-11,1,Quality Issue,25266.25,Completed
1548,8823,26622,7222,792,2023-06-12,1,Late Delivery,41133.39,Completed
1549,8832,26641,4986,376,2025-02-10,1,Size/Fit Issue,63521.81,Completed
1550,8842,26673,3506,609,2025-11-23,2,Product Not as Expected,4916.62,Completed
1551,8844,26680,1431,923,2023-02-23,1,Damaged Product,3340.47,Completed
1552,8845,26684,2080,395,2025-12-20,2,Quality Issue,64798.34,Completed
1553,8857,26711,8532,814,2024-09-03,1,Size/Fit Issue,29179.36,Completed
1554,8857,26715,8532,403,2024-09-03,1,Wrong Product,13616.52,Completed
1555,8883,26781,3024,135,2025-05-15,1,Quality Issue,54446.43,Completed
1556,8886,26790,5733,53,2024-09-16,2,Product Not as Expected,139255.74,Completed
1557,8886,26792,5733,869,2024-09-16,1,Quality Issue,27599.74,Completed
1558,8895,26817,4673,773,2025-06-20,1,Wrong Product,10661.83,Completed
1559,8902,26840,8053,91,2025-08-25,1,Product Not as Expected,35131.7,Completed
1560,8911,26874,9227,122,2024-05-17,3,Product Not as Expected,184398.81,Completed
1561,8923,26907,40,107,2023-11-03,1,Quality Issue,63426.1,Completed
1562,8928,26926,5819,10,2024-01-17,1,Damaged Product,2841.22,Completed
1563,8944,26971,3660,656,2023-08-22,1,Wrong Product,36160.85,Completed
1564,8957,27000,3895,278,2024-01-14,2,Damaged Product,64206.16,Completed
1565,8963,27018,9331,528,2024-09-19,1,Wrong Product,48686.63,Completed
1566,8966,27026,4294,186,2023-12-01,1,Size/Fit Issue,63029.09,Completed
1567,8996,27114,9026,901,2024-08-19,1,Damaged Product,49064.78,Completed
1568,8999,27124,5700,591,2024-07-07,2,Quality Issue,47831.92,Completed
1569,9002,27130,5646,726,2025-03-02,2,Size/Fit Issue,98255.66,Completed
1570,9005,27142,8096,966,2024-04-30,1,Changed Mind,45203.42,Completed
1571,9007,27149,9655,155,2024-07-04,1,Damaged Product,75355.28,Completed
1572,9009,27154,4604,170,2023-06-11,1,Changed Mind,52332.24,Completed
1573,9011,27157,1982,220,2024-04-06,1,Product Not as Expected,22042.27,Completed
1574,9029,27218,4466,868,2023-08-01,2,Damaged Product,61122.42,Completed
1575,9033,27228,6604,824,2025-10-16,1,Damaged Product,26487.37,Completed
1576,9035,27238,2119,727,2025-08-20,1,Changed Mind,45186.84,Completed
1577,9036,27241,4708,179,2024-07-05,1,Quality Issue,61354.94,Completed
1578,9053,27290,4545,888,2025-08-08,1,Quality Issue,28122.2,Completed
1579,9058,27307,2666,450,2023-11-11,3,Changed Mind,64498.29,Completed
1580,9062,27316,9949,416,2023-04-14,1,Damaged Product,13743.31,Completed
1581,9074,27348,9104,897,2024-08-03,1,Size/Fit Issue,53721.31,Completed
1582,9088,27390,4650,641,2024-09-23,2,Late Delivery,24831.68,Completed
1583,9090,27397,5185,577,2023-12-02,1,Product Not as Expected,28640.16,Completed
1584,9093,27409,5242,214,2023-11-28,1,Quality Issue,17174.56,Completed
1585,9097,27418,8410,297,2025-09-29,2,Late Delivery,18968.46,Completed
1586,9103,27437,1823,777,2024-01-18,1,Wrong Product,35950.07,Completed
1587,9104,27441,8445,225,2024-09-18,1,Product Not as Expected,42762.46,Completed
1588,9111,27467,8027,382,2024-09-20,1,Size/Fit Issue,63751.27,Completed
1589,9111,27469,8027,982,2024-09-20,1,Wrong Product,39666.28,Completed
1590,9117,27491,8411,818,2024-10-16,1,Quality Issue,2517.2,Completed
1591,9123,27510,6458,137,2024-11-27,1,Late Delivery,55784.74,Completed
1592,9123,27513,6458,596,2024-11-27,2,Changed Mind,36982.3,Completed
1593,9126,27522,4994,641,2024-11-25,1,Quality Issue,12415.84,Completed
1594,9127,27527,1503,239,2023-01-30,1,Damaged Product,2561.84,Completed
1595,9131,27535,4610,266,2024-05-26,4,Product Not as Expected,39560.96,Completed
1596,9134,27547,8385,566,2024-11-26,1,Product Not as Expected,53985.24,Completed
1597,9141,27567,452,143,2024-04-29,1,Damaged Product,57065.25,Completed
1598,9146,27580,1462,502,2025-04-24,1,Quality Issue,49931.02,Completed
1599,9153,27597,8410,310,2024-07-06,1,Wrong Product,56308.84,Completed
1600,9160,27620,778,41,2024-07-11,1,Damaged Product,47175.64,Completed
1601,9165,27640,6354,665,2025-01-29,2,Size/Fit Issue,21182.98,Completed
1602,9166,27646,7084,69,2024-01-05,1,Size/Fit Issue,32929.62,Completed
1603,9168,27648,8718,929,2023-08-19,2,Late Delivery,76099.9,Completed
1604,9170,27657,977,293,2023-09-02,1,Quality Issue,14013.61,Completed
1605,9177,27677,1626,124,2024-12-24,2,Quality Issue,64506.2,Completed
1606,9188,27713,5688,376,2025-05-11,2,Size/Fit Issue,127043.62,Completed
1607,9188,27714,5688,298,2025-05-11,4,Late Delivery,256636.72,Completed
1608,9193,27727,1729,520,2025-01-21,1,Changed Mind,49223.86,Completed
1609,9197,27745,6002,879,2025-12-30,1,Size/Fit Issue,2467.19,Completed
1610,9202,27753,4605,154,2023-10-19,1,Changed Mind,8484.39,Completed
1611,9213,27779,2466,641,2024-12-20,1,Quality Issue,12415.84,Completed
1612,9220,27799,6438,216,2024-08-28,1,Late Delivery,2917.11,Completed
1613,9222,27804,2241,35,2023-01-06,4,Quality Issue,111818.52,Completed
1614,9225,27813,6750,503,2023-02-28,3,Product Not as Expected,178137.51,Completed
1615,9235,27841,2468,684,2025-08-11,1,Wrong Product,24811.38,Completed
1616,9240,27863,9581,870,2023-12-03,1,Product Not as Expected,11548.78,Completed
1617,9243,27873,1178,134,2025-03-05,2,Damaged Product,103047.82,Completed
1618,9253,27893,7263,313,2024-02-12,2,Size/Fit Issue,29592.16,Completed
1619,9253,27896,7263,541,2024-02-12,1,Product Not as Expected,38960.03,Completed
1620,9260,27910,3052,990,2024-10-19,1,Wrong Product,16191.64,Completed
1621,9263,27915,5426,357,2024-03-10,1,Damaged Product,38950.15,Completed
1622,9263,27916,5426,626,2024-03-10,1,Quality Issue,59305.86,Completed
1623,9267,27926,2650,74,2024-10-03,1,Product Not as Expected,25500.32,Completed
1624,9274,27938,589,792,2023-04-09,2,Changed Mind,82266.78,Completed
1625,9279,27962,6963,729,2024-07-16,1,Wrong Product,50404.4,Completed
1626,9292,28003,1811,654,2025-05-05,1,Product Not as Expected,55499.06,Completed
1627,9294,28007,8732,552,2023-10-20,1,Quality Issue,36436.81,Completed
1628,9296,28018,6995,296,2023-02-09,1,Product Not as Expected,34627.87,Completed
1629,9298,28025,337,934,2024-06-22,2,Product Not as Expected,27951.88,Completed
1630,9299,28026,7515,91,2023-07-17,1,Product Not as Expected,35131.7,Completed
1631,9300,28029,8255,708,2025-09-02,1,Quality Issue,27271.15,Completed
1632,9309,28049,9914,7,2025-08-07,1,Damaged Product,35843.35,Completed
1633,9311,28055,9106,254,2023-01-27,1,Wrong Product,81254.36,Completed
1634,9313,28060,4036,67,2023-09-14,2,Size/Fit Issue,54938.06,Completed
1635,9314,28064,1134,872,2023-06-25,1,Size/Fit Issue,57660.72,Completed
1636,9319,28081,3556,568,2023-12-24,1,Size/Fit Issue,56955.44,Completed
1637,9320,28083,4642,928,2025-07-27,1,Changed Mind,87525.69,Completed
1638,9341,28135,3547,662,2023-01-22,1,Wrong Product,43228.98,Completed
1639,9343,28143,8953,383,2024-09-28,2,Product Not as Expected,75143.48,Completed
1640,9347,28149,3639,438,2023-09-14,2,Product Not as Expected,124559.52,Completed
1641,9350,28162,6628,868,2024-09-24,1,Wrong Product,30561.21,Completed
1642,9351,28166,6114,883,2024-02-24,1,Damaged Product,70912.74,Completed
1643,9355,28182,1301,166,2025-06-22,1,Late Delivery,33798.55,Completed
1644,9358,28190,745,297,2024-09-26,1,Changed Mind,9484.23,Completed
1645,9362,28208,3607,160,2025-11-25,2,Changed Mind,119053.52,Completed
1646,9365,28220,7728,664,2023-06-28,2,Wrong Product,67744.58,Completed
1647,9366,28223,4319,16,2023-07-28,1,Product Not as Expected,74350.75,Completed
1648,9369,28235,3033,890,2024-09-25,1,Damaged Product,38320.04,Completed
1649,9381,28271,8607,219,2025-08-11,1,Wrong Product,53676.7,Completed
1650,9390,28301,5150,532,2023-02-03,1,Product Not as Expected,60027.29,Completed
1651,9393,28310,6239,193,2024-12-04,1,Quality Issue,87985.05,Completed
1652,9401,28334,4541,434,2025-08-30,1,Changed Mind,9458.96,Completed
1653,9413,28372,1641,791,2025-12-05,1,Late Delivery,64416.91,Completed
1654,9413,28373,1641,185,2025-12-05,1,Changed Mind,48632.58,Completed
1655,9430,28427,2,716,2024-03-30,1,Quality Issue,37907.5,Completed
1656,9435,28442,158,299,2024-08-15,1,Wrong Product,40394.77,Completed
1657,9435,28445,158,869,2024-08-15,1,Size/Fit Issue,27599.74,Completed
1658,9436,28449,4993,487,2024-06-11,1,Damaged Product,86706.08,Completed
1659,9437,28452,6124,248,2025-04-03,3,Damaged Product,4116.63,Completed
1660,9442,28470,273,991,2025-09-01,1,Late Delivery,16315.12,Completed
1661,9444,28476,8549,550,2025-08-09,2,Quality Issue,16397.22,Completed
1662,9453,28506,4128,88,2024-08-07,1,Damaged Product,47049.95,Completed
1663,9456,28513,8345,831,2024-04-20,1,Changed Mind,72426.36,Completed
1664,9473,28574,4005,422,2023-01-10,2,Damaged Product,73155.56,Completed
1665,9477,28587,433,461,2024-12-26,1,Wrong Product,57237.0,Completed
1666,9480,28595,8240,886,2025-09-12,1,Quality Issue,49335.18,Completed
1667,9492,28632,993,679,2024-12-02,2,Product Not as Expected,11645.8,Completed
1668,9496,28641,2935,572,2024-09-02,2,Size/Fit Issue,33609.12,Completed
1669,9501,28654,1594,723,2023-01-24,1,Wrong Product,17748.2,Completed
1670,9518,28705,8362,514,2024-05-03,2,Size/Fit Issue,90885.46,Completed
1671,9521,28717,9145,920,2024-06-01,1,Wrong Product,34221.06,Completed
1672,9530,28743,2237,48,2025-01-25,4,Wrong Product,96863.96,Completed
1673,9532,28751,1965,712,2023-05-30,2,Size/Fit Issue,14077.4,Completed
1674,9533,28756,3644,76,2024-08-07,3,Product Not as Expected,74073.66,Completed
1675,9539,28771,2528,213,2024-05-29,1,Size/Fit Issue,66856.37,Completed
1676,9542,28780,5181,842,2023-10-06,1,Product Not as Expected,9424.2,Completed
1677,9543,28782,325,956,2023-10-15,1,Size/Fit Issue,39326.14,Completed
1678,9545,28787,5434,51,2024-03-01,1,Late Delivery,6891.96,Completed
1679,9547,28797,4706,418,2025-06-12,2,Quality Issue,12518.3,Completed
1680,9548,28800,2836,773,2025-10-12,1,Quality Issue,10661.83,Completed
1681,9553,28813,2823,474,2025-09-01,2,Size/Fit Issue,7685.64,Completed
1682,9554,28815,4821,994,2025-01-09,2,Late Delivery,110937.2,Completed
1683,9556,28824,5222,923,2024-09-12,1,Quality Issue,3340.47,Completed
1684,9560,28835,9989,966,2023-05-10,1,Quality Issue,45203.42,Completed
1685,9561,28840,7473,753,2024-10-29,3,Late Delivery,99718.32,Completed
1686,9565,28853,3701,468,2024-07-12,1,Changed Mind,31010.39,Completed
1687,9570,28868,8010,219,2024-08-16,3,Changed Mind,161030.1,Completed
1688,9576,28889,569,102,2023-01-20,4,Changed Mind,166679.52,Completed
1689,9582,28902,9390,627,2023-11-25,1,Damaged Product,38712.55,Completed
1690,9582,28903,9390,350,2023-11-25,2,Damaged Product,71401.46,Completed
1691,9583,28905,3312,779,2023-04-21,1,Late Delivery,52000.66,Completed
1692,9586,28915,4047,520,2025-07-15,1,Product Not as Expected,49223.86,Completed
1693,9595,28944,6541,403,2023-08-16,1,Late Delivery,13616.52,Completed
1694,9599,28959,3245,207,2025-02-12,1,Quality Issue,83983.48,Completed
1695,9607,28984,648,247,2023-02-07,1,Product Not as Expected,54589.55,Completed
1696,9610,28993,8302,794,2024-06-04,2,Quality Issue,2042.92,Completed
1697,9620,29023,813,534,2024-11-22,1,Changed Mind,3962.65,Completed
1698,9626,29045,3423,166,2025-08-23,1,Damaged Product,33798.55,Completed
1699,9626,29047,3423,784,2025-08-23,1,Damaged Product,66280.45,Completed
1700,9646,29106,856,200,2023-03-22,1,Product Not as Expected,26990.4,Completed
1701,9653,29130,4498,592,2024-11-04,1,Size/Fit Issue,8207.23,Completed
1702,9656,29146,9582,776,2025-05-13,1,Damaged Product,26241.11,Completed
1703,9661,29162,502,607,2025-08-20,2,Quality Issue,8803.26,Completed
1704,9661,29163,502,385,2025-08-20,2,Size/Fit Issue,102391.02,Completed
1705,9665,29178,688,916,2023-10-13,3,Late Delivery,145103.64,Completed
1706,9666,29184,4935,411,2023-07-01,1,Size/Fit Issue,7771.15,Completed
1707,9675,29201,5304,353,2024-08-26,1,Changed Mind,44608.27,Completed
1708,9685,29227,1690,541,2024-04-14,3,Damaged Product,116880.09,Completed
1709,9696,29253,7860,981,2025-02-27,2,Size/Fit Issue,96931.36,Completed
1710,9698,29259,6358,274,2024-01-10,1,Quality Issue,45493.53,Completed
1711,9704,29273,8572,188,2024-07-03,3,Changed Mind,153106.89,Completed
1712,9709,29285,4507,106,2025-01-04,1,Quality Issue,46627.58,Completed
1713,9716,29311,5267,981,2023-03-25,1,Size/Fit Issue,48465.68,Completed
1714,9716,29313,5267,410,2023-03-25,1,Product Not as Expected,18525.02,Completed
1715,9728,29346,5197,861,2025-03-03,4,Changed Mind,284830.56,Completed
1716,9732,29359,8695,649,2024-06-28,2,Size/Fit Issue,104931.46,Completed
1717,9751,29412,2130,637,2025-12-24,1,Late Delivery,16823.49,Completed
1718,9757,29434,3670,157,2023-05-25,1,Quality Issue,13213.71,Completed
1719,9766,29454,766,474,2025-03-08,2,Late Delivery,7685.64,Completed
1720,9768,29458,7533,769,2025-05-18,1,Changed Mind,34380.49,Completed
1721,9769,29461,1564,433,2024-08-29,2,Quality Issue,94860.1,Completed
1722,9773,29468,598,929,2023-06-13,1,Late Delivery,38049.95,Completed
1723,9777,29481,6120,302,2023-06-19,2,Size/Fit Issue,25164.6,Completed
1724,9783,29508,8876,47,2024-08-13,1,Quality Issue,33493.63,Completed
1725,9791,29530,6902,383,2025-11-07,1,Size/Fit Issue,37571.74,Completed
1726,9794,29540,791,528,2023-07-28,1,Late Delivery,48686.63,Completed
1727,9800,29563,8300,296,2025-06-23,2,Late Delivery,69255.74,Completed
1728,9801,29566,9424,574,2025-09-29,1,Changed Mind,8147.88,Completed
1729,9803,29578,7891,886,2025-08-22,1,Damaged Product,49335.18,Completed
1730,9806,29585,2129,390,2023-02-08,1,Late Delivery,58992.99,Completed
1731,9816,29618,5352,506,2025-09-14,1,Size/Fit Issue,48220.73,Completed
1732,9818,29622,1815,476,2024-06-05,2,Product Not as Expected,55118.88,Completed
1733,9833,29663,8846,56,2023-09-12,1,Size/Fit Issue,9324.88,Completed
1734,9847,29704,8247,520,2023-10-31,1,Quality Issue,49223.86,Completed
1735,9851,29714,6395,544,2025-08-03,1,Size/Fit Issue,60516.54,Completed
1736,9852,29715,8109,34,2023-03-19,2,Damaged Product,109776.64,Completed
1737,9870,29768,4555,445,2023-09-02,1,Quality Issue,56192.08,Completed
1738,9885,29805,2746,47,2023-10-01,1,Changed Mind,33493.63,Completed
1739,9891,29821,1173,268,2023-08-21,1,Quality Issue,76721.52,Completed
1740,9899,29842,5337,214,2024-06-05,3,Wrong Product,51523.68,Completed
1741,9899,29844,5337,824,2024-06-05,1,Changed Mind,26487.37,Completed
1742,9911,29869,3207,928,2024-10-04,1,Changed Mind,87525.69,Completed
1743,9911,29872,3207,244,2024-10-04,1,Damaged Product,28864.17,Completed
1744,9912,29873,244,353,2023-07-10,2,Quality Issue,89216.54,Completed
1745,9925,29911,2081,147,2025-01-20,2,Quality Issue,36372.22,Completed
1746,9933,29940,8661,535,2023-06-08,1,Product Not as Expected,41797.84,Completed
1747,9935,29942,5971,638,2023-09-23,1,Changed Mind,48836.11,Completed
1748,9935,29945,5971,89,2023-09-23,4,Late Delivery,244121.8,Completed
1749,9941,29963,7289,49,2025-06-05,1,Size/Fit Issue,52319.21,Completed
1750,9943,29967,8873,571,2023-03-13,3,Quality Issue,23008.59,Completed
1751,9961,30026,3751,889,2025-01-05,2,Late Delivery,30216.52,Completed
1752,9963,30036,9092,712,2023-03-25,1,Product Not as Expected,7038.7,Completed
1753,9964,30039,3947,937,2025-03-25,1,Quality Issue,75287.48,Completed
1754,9965,30043,741,591,2023-03-17,1,Size/Fit Issue,23915.96,Completed
1755,9971,30060,2586,439,2023-01-23,3,Wrong Product,135983.67,Completed
1756,9974,30070,1396,294,2024-09-30,1,Wrong Product,41899.87,Completed
1757,9978,30082,3974,990,2025-11-09,1,Product Not as Expected,16191.64,Completed
1758,9990,30113,6830,281,2023-11-04,1,Late Delivery,4708.56,Completed
1759,9995,30128,6440,766,2024-03-28,1,Wrong Product,48070.39,Completed
1760,9997,30133,3327,565,2023-06-28,2,Damaged Product,104010.96,Completed
1761,10002,30145,3838,160,2024-01-12,3,Damaged Product,178580.28,Completed
1762,10009,30167,9996,636,2025-08-10,1,Wrong Product,27784.14,Completed
1763,10012,30174,7312,651,2024-10-15,1,Changed Mind,58787.12,Completed
1764,10017,30189,8464,266,2023-09-26,1,Changed Mind,9890.24,Completed
1765,10023,30206,420,552,2024-06-03,1,Changed Mind,36436.81,Completed
1766,10033,30242,9528,565,2023-10-01,1,Wrong Product,52005.48,Completed
1767,10036,30248,1295,439,2025-10-18,1,Damaged Product,45327.89,Completed
1768,10043,30268,5851,500,2024-11-18,1,Size/Fit Issue,21346.73,Completed
1769,10045,30273,6301,86,2025-11-15,1,Late Delivery,55528.31,Completed
1770,10048,30284,9386,462,2025-06-01,1,Damaged Product,42608.45,Completed
1771,10049,30288,8980,604,2025-12-11,2,Late Delivery,73842.96,Completed
1772,10052,30299,207,878,2024-04-15,1,Damaged Product,81467.72,Completed
1773,10057,30315,5380,429,2025-01-02,1,Damaged Product,13493.42,Completed
1774,10059,30319,7603,192,2024-09-06,1,Damaged Product,52336.65,Completed
1775,10059,30320,7603,695,2024-09-06,1,Size/Fit Issue,36339.69,Completed
1776,10063,30331,7270,888,2024-03-21,1,Wrong Product,28122.2,Completed
1777,10067,30343,9398,988,2025-10-16,1,Changed Mind,39079.27,Completed
1778,10072,30362,6551,520,2025-10-30,1,Changed Mind,49223.86,Completed
1779,10084,30406,3000,417,2023-02-06,1,Damaged Product,64295.73,Completed
1780,10087,30417,7072,534,2025-10-03,1,Changed Mind,3962.65,Completed
1781,10092,30435,8929,847,2023-08-11,1,Quality Issue,86269.16,Completed
1782,10116,30507,6727,712,2025-12-11,1,Changed Mind,7038.7,Completed
1783,10117,30509,7252,173,2023-01-06,1,Product Not as Expected,83103.03,Completed
1784,10121,30522,4231,554,2025-07-02,3,Quality Issue,77096.61,Completed
1785,10125,30529,1608,1,2024-02-28,4,Changed Mind,14514.04,Completed
1786,10132,30559,1609,92,2025-02-08,1,Wrong Product,20472.41,Completed
1787,10134,30569,9267,390,2025-10-04,1,Product Not as Expected,58992.99,Completed
1788,10138,30575,5116,520,2023-12-06,1,Late Delivery,49223.86,Completed
1789,10140,30581,383,188,2023-01-13,1,Product Not as Expected,51035.63,Completed
1790,10146,30601,5676,349,2024-05-02,1,Product Not as Expected,65581.32,Completed
1791,10148,30608,7,733,2023-11-13,1,Size/Fit Issue,2797.99,Completed
1792,10153,30628,7629,528,2025-05-06,2,Quality Issue,97373.26,Completed
1793,10158,30648,8388,506,2023-08-21,1,Product Not as Expected,48220.73,Completed
1794,10167,30674,9590,900,2024-07-02,2,Late Delivery,21528.18,Completed
1795,10176,30698,9914,888,2024-08-07,1,Late Delivery,28122.2,Completed
1796,10178,30703,5481,677,2025-12-13,3,Damaged Product,111907.62,Completed
1797,10188,30730,8326,987,2023-07-10,2,Size/Fit Issue,104103.12,Completed
1798,10194,30753,7691,781,2023-04-23,1,Product Not as Expected,30687.97,Completed
1799,10204,30775,5242,35,2025-04-10,2,Changed Mind,55909.26,Completed
1800,10208,30789,4072,153,2024-02-24,3,Size/Fit Issue,92940.24,Completed
1801,10224,30841,2225,208,2023-01-25,4,Damaged Product,213567.36,Completed
1802,10225,30848,9644,505,2023-08-26,1,Quality Issue,19424.05,Completed
1803,10229,30859,1732,875,2024-05-02,1,Late Delivery,42404.31,Completed
1804,10230,30866,2217,572,2025-07-11,2,Product Not as Expected,33609.12,Completed
1805,10231,30869,7159,651,2025-07-22,1,Product Not as Expected,58787.12,Completed
1806,10245,30916,4387,634,2023-08-10,3,Late Delivery,117429.18,Completed
1807,10246,30918,5065,353,2025-01-05,1,Product Not as Expected,44608.27,Completed
1808,10249,30931,8924,888,2023-04-12,1,Damaged Product,28122.2,Completed
1809,10259,30966,1707,810,2025-03-23,1,Late Delivery,46393.62,Completed
1810,10262,30978,3057,900,2023-10-17,2,Product Not as Expected,21528.18,Completed
1811,10263,30980,3927,650,2024-06-20,1,Late Delivery,42833.78,Completed
1812,10266,30987,4426,572,2023-05-08,1,Wrong Product,16804.56,Completed
1813,10269,31000,9204,343,2023-02-28,1,Product Not as Expected,2521.22,Completed
1814,10272,31010,741,343,2024-07-14,1,Damaged Product,2521.22,Completed
1815,10289,31058,6645,254,2025-02-25,2,Late Delivery,162508.72,Completed
1816,10290,31062,4070,886,2024-03-17,1,Changed Mind,49335.18,Completed
1817,10299,31085,5994,714,2023-08-02,3,Size/Fit Issue,144289.68,Completed
1818,10312,31124,7685,480,2025-06-13,2,Changed Mind,8007.58,Completed
1819,10313,31131,526,508,2024-06-27,1,Damaged Product,66003.7,Completed
1820,10322,31155,2843,451,2024-10-23,2,Late Delivery,34977.6,Completed
1821,10327,31172,2111,538,2025-01-28,2,Size/Fit Issue,41368.28,Completed
1822,10328,31175,9343,383,2025-01-21,1,Changed Mind,37571.74,Completed
1823,10329,31178,1439,370,2024-03-13,2,Size/Fit Issue,85304.88,Completed
1824,10331,31183,3037,7,2023-12-07,1,Product Not as Expected,35843.35,Completed
1825,10347,31228,5450,370,2024-03-21,2,Damaged Product,85304.88,Completed
1826,10351,31237,4546,893,2024-08-20,1,Changed Mind,24158.85,Completed
1827,10359,31263,3172,43,2023-09-10,3,Quality Issue,134782.29,Completed
1828,10365,31274,2767,227,2023-03-08,1,Quality Issue,15855.11,Completed
1829,10367,31286,4952,576,2023-08-08,1,Damaged Product,62418.64,Completed
1830,10376,31307,8351,203,2024-10-06,1,Quality Issue,20625.03,Completed
1831,10389,31346,7732,828,2023-07-02,2,Late Delivery,93817.78,Completed
1832,10394,31359,8323,91,2023-10-10,1,Size/Fit Issue,35131.7,Completed
1833,10396,31367,5198,715,2025-11-15,1,Quality Issue,47169.08,Completed
1834,10397,31369,1541,233,2025-11-05,1,Damaged Product,11531.39,Completed
1835,10399,31374,5652,41,2023-05-31,3,Changed Mind,141526.92,Completed
1836,10400,31378,6865,654,2023-10-19,1,Product Not as Expected,55499.06,Completed
1837,10406,31395,1523,247,2024-07-16,2,Changed Mind,109179.1,Completed
1838,10415,31426,1655,705,2024-08-01,1,Size/Fit Issue,48444.42,Completed
1839,10419,31436,9143,607,2025-12-02,3,Size/Fit Issue,13204.89,Completed
1840,10430,31464,4030,344,2023-11-08,1,Quality Issue,4082.01,Completed
1841,10431,31466,8117,752,2025-02-23,1,Late Delivery,41334.32,Completed
1842,10433,31470,7677,847,2024-08-23,1,Product Not as Expected,86269.16,Completed
1843,10433,31472,7677,248,2024-08-23,1,Quality Issue,1372.21,Completed
1844,10435,31479,3242,891,2023-06-10,1,Product Not as Expected,31788.05,Completed
1845,10435,31480,3242,534,2023-06-10,2,Product Not as Expected,7925.3,Completed
1846,10438,31489,9679,266,2023-02-23,5,Quality Issue,49451.2,Completed
1847,10446,31509,4295,799,2025-02-18,1,Size/Fit Issue,8251.88,Completed
1848,10479,31611,5152,80,2023-04-26,1,Wrong Product,55075.52,Completed
1849,10489,31646,5546,544,2025-09-18,3,Changed Mind,181549.62,Completed
1850,10491,31653,6833,394,2025-03-23,2,Changed Mind,85161.62,Completed
1851,10510,31712,9565,61,2024-07-23,1,Size/Fit Issue,55328.05,Completed
1852,10514,31728,3993,137,2024-11-24,1,Quality Issue,55784.74,Completed
1853,10514,31729,3993,924,2024-11-24,1,Late Delivery,35999.57,Completed
1854,10523,31752,8854,226,2024-08-17,1,Product Not as Expected,3033.14,Completed
1855,10523,31753,8854,831,2024-08-17,1,Size/Fit Issue,72426.36,Completed
1856,10528,31773,7921,449,2024-07-27,4,Wrong Product,206612.64,Completed
1857,10529,31775,7157,53,2024-09-08,1,Product Not as Expected,69627.87,Completed
1858,10534,31789,9296,62,2025-01-30,2,Quality Issue,128910.08,Completed
1859,10543,31810,859,619,2023-11-05,1,Damaged Product,36779.95,Completed
1860,10544,31813,3665,51,2024-11-25,1,Wrong Product,6891.96,Completed
1861,10544,31814,3665,288,2024-11-25,1,Changed Mind,18856.85,Completed
1862,10549,31826,9248,801,2025-01-11,1,Quality Issue,72373.34,Completed
1863,10555,31841,117,684,2025-03-14,1,Wrong Product,24811.38,Completed
1864,10561,31860,8952,671,2024-01-14,1,Size/Fit Issue,65136.28,Completed
1865,10566,31873,2884,137,2023-07-19,2,Product Not as Expected,111569.48,Completed
1866,10567,31876,6978,900,2025-12-23,1,Wrong Product,10764.09,Completed
1867,10578,31903,2126,570,2023-01-30,2,Quality Issue,9868.94,Completed
1868,10585,31917,2179,862,2024-05-12,1,Damaged Product,57732.85,Completed
1869,10587,31919,2103,603,2023-01-29,2,Quality Issue,6397.84,Completed
1870,10602,31959,1453,429,2024-05-12,1,Damaged Product,13493.42,Completed
1871,10618,32002,1241,49,2025-05-31,1,Wrong Product,52319.21,Completed
1872,10629,32042,6195,650,2025-09-22,1,Wrong Product,42833.78,Completed
1873,10638,32078,426,443,2023-04-29,2,Damaged Product,43247.98,Completed
1874,10647,32105,2540,892,2023-09-23,1,Changed Mind,26907.95,Completed
1875,10653,32132,7526,991,2024-05-20,2,Damaged Product,32630.24,Completed
1876,10654,32134,6969,536,2023-01-29,1,Size/Fit Issue,64629.73,Completed
1877,10657,32147,9034,451,2025-01-30,1,Wrong Product,17488.8,Completed
1878,10664,32166,2818,224,2024-01-19,2,Product Not as Expected,58284.2,Completed
1879,10670,32186,1096,665,2023-12-04,1,Damaged Product,10591.49,Completed
1880,10670,32189,1096,792,2023-12-04,5,Quality Issue,205666.95,Completed
1881,10679,32216,1222,550,2025-02-06,2,Damaged Product,16397.22,Completed
1882,10693,32257,9257,716,2023-05-20,1,Quality Issue,37907.5,Completed
1883,10697,32271,700,75,2024-03-07,1,Quality Issue,9316.09,Completed
1884,10707,32292,299,390,2024-11-30,1,Changed Mind,58992.99,Completed
1885,10717,32319,5949,777,2023-09-24,1,Product Not as Expected,35950.07,Completed
1886,10723,32336,3226,651,2025-12-13,2,Changed Mind,117574.24,Completed
1887,10727,32342,5458,32,2023-09-15,1,Damaged Product,9567.55,Completed
1888,10729,32350,3517,273,2023-06-15,2,Wrong Product,117467.9,Completed
1889,10733,32360,57,362,2024-08-23,1,Damaged Product,32081.22,Completed
1890,10738,32376,8944,732,2025-02-17,1,Wrong Product,61153.47,Completed
1891,10738,32378,8944,525,2025-02-17,2,Changed Mind,129440.9,Completed
1892,10761,32440,239,847,2024-11-12,1,Changed Mind,86269.16,Completed
1893,10766,32455,8665,442,2024-06-19,1,Quality Issue,63464.4,Completed
1894,10772,32471,2322,373,2023-06-19,1,Changed Mind,34142.24,Completed
1895,10794,32532,1474,442,2023-05-02,1,Late Delivery,63464.4,Completed
1896,10800,32552,1291,937,2023-03-26,1,Changed Mind,75287.48,Completed
1897,10802,32558,3431,119,2024-01-03,1,Late Delivery,62460.8,Completed
1898,10805,32570,108,422,2025-10-07,1,Quality Issue,36577.78,Completed
1899,10811,32591,8949,319,2024-09-20,2,Size/Fit Issue,2539.38,Completed
1900,10819,32608,6144,76,2023-03-01,1,Late Delivery,24691.22,Completed
1901,10821,32612,5864,808,2025-06-30,1,Product Not as Expected,14621.63,Completed
1902,10829,32640,524,68,2025-09-11,1,Product Not as Expected,60685.6,Completed
1903,10832,32654,6252,936,2023-07-25,1,Changed Mind,23282.26,Completed
1904,10833,32658,3413,558,2024-04-14,2,Size/Fit Issue,151778.82,Completed
1905,10839,32678,7842,190,2023-03-23,1,Quality Issue,31464.71,Completed
1906,10840,32685,4273,439,2025-03-01,2,Size/Fit Issue,90655.78,Completed
1907,10842,32689,1197,804,2025-05-07,1,Wrong Product,65569.03,Completed
1908,10843,32691,2027,962,2025-11-23,1,Changed Mind,27001.15,Completed
1909,10845,32696,6837,804,2025-11-22,1,Quality Issue,65569.03,Completed
1910,10848,32706,1831,768,2023-01-07,1,Late Delivery,22429.73,Completed
1911,10861,32757,4103,441,2025-05-16,1,Size/Fit Issue,7558.87,Completed
1912,10875,32802,4770,208,2023-03-11,1,Product Not as Expected,53391.84,Completed
1913,10892,32848,4014,226,2024-12-08,1,Damaged Product,3033.14,Completed
1914,10895,32857,9357,757,2023-08-01,1,Damaged Product,24510.12,Completed
1915,10904,32880,1741,968,2023-11-27,2,Product Not as Expected,167614.32,Completed
1916,10917,32920,4463,176,2025-07-08,1,Damaged Product,4905.76,Completed
1917,10928,32946,2265,353,2023-12-28,1,Wrong Product,44608.27,Completed
1918,10933,32964,7677,133,2025-06-28,3,Late Delivery,37405.17,Completed
1919,10941,32990,7768,328,2025-02-08,3,Late Delivery,213381.78,Completed
1920,10959,33039,8888,990,2023-05-08,3,Damaged Product,48574.92,Completed
1921,10963,33052,938,41,2024-10-08,1,Product Not as Expected,47175.64,Completed
1922,10964,33060,1357,766,2023-04-01,1,Product Not as Expected,48070.39,Completed
1923,10967,33068,1632,396,2024-03-06,1,Wrong Product,49585.04,Completed
1924,10967,33071,1632,874,2024-03-06,1,Late Delivery,58607.99,Completed
1925,10979,33101,9369,427,2025-06-14,2,Quality Issue,86277.32,Completed
1926,10988,33124,8574,78,2023-11-09,1,Late Delivery,40031.47,Completed
1927,10996,33146,7083,641,2025-03-02,1,Size/Fit Issue,12415.84,Completed
1928,11000,33157,1956,205,2023-08-19,1,Wrong Product,43935.78,Completed
1929,11007,33173,5386,604,2023-05-23,1,Wrong Product,36921.48,Completed
1930,11020,33213,4748,846,2025-02-15,1,Changed Mind,21886.79,Completed
1931,11021,33216,9289,603,2025-08-15,1,Wrong Product,3198.92,Completed
1932,11025,33230,7361,14,2025-03-13,1,Changed Mind,25186.17,Completed
1933,11046,33292,1090,390,2024-12-26,2,Changed Mind,117985.98,Completed
1934,11051,33304,3371,231,2024-08-25,3,Late Delivery,65147.19,Completed
1935,11051,33307,3371,864,2024-08-25,2,Damaged Product,20881.98,Completed
1936,11054,33315,1370,730,2024-08-26,1,Late Delivery,6687.12,Completed
1937,11057,33323,5889,69,2025-12-19,1,Size/Fit Issue,32929.62,Completed
1938,11058,33325,91,604,2024-12-27,1,Damaged Product,36921.48,Completed
1939,11071,33360,5245,367,2023-04-27,1,Size/Fit Issue,58161.69,Completed
1940,11071,33361,5245,235,2023-04-27,1,Late Delivery,18706.23,Completed
1941,11072,33363,4568,283,2025-02-10,1,Quality Issue,68428.94,Completed
1942,11083,33403,4623,956,2025-05-21,1,Product Not as Expected,39326.14,Completed
1943,11086,33409,8733,456,2025-07-08,1,Damaged Product,39470.43,Completed
1944,11089,33417,4827,661,2024-10-28,1,Size/Fit Issue,6801.17,Completed
1945,11090,33420,1215,248,2023-09-23,1,Product Not as Expected,1372.21,Completed
1946,11112,33487,2194,672,2024-02-12,1,Late Delivery,6215.74,Completed
1947,11120,33514,4642,848,2024-11-04,4,Late Delivery,197018.36,Completed
1948,11124,33528,3778,850,2023-08-04,1,Size/Fit Issue,59950.4,Completed
1949,11126,33532,787,137,2024-07-31,1,Wrong Product,55784.74,Completed
1950,11132,33554,1681,552,2025-05-23,1,Size/Fit Issue,36436.81,Completed
1951,11133,33558,2083,916,2023-08-21,1,Product Not as Expected,48367.88,Completed
1952,11136,33566,9233,536,2023-09-01,1,Changed Mind,64629.73,Completed
1953,11141,33580,9857,662,2025-10-17,2,Quality Issue,86457.96,Completed
1954,11154,33614,8446,641,2023-08-30,1,Changed Mind,12415.84,Completed
1955,11160,33632,5614,834,2025-10-12,1,Product Not as Expected,10608.23,Completed
1956,11166,33652,804,22,2024-04-28,2,Late Delivery,36754.56,Completed
1957,11168,33657,2779,397,2025-05-07,2,Changed Mind,2260.18,Completed
1958,11175,33680,862,779,2024-02-15,1,Late Delivery,52000.66,Completed
1959,11185,33714,3283,53,2025-12-30,1,Quality Issue,69627.87,Completed
1960,11189,33728,9972,835,2024-08-11,1,Product Not as Expected,33595.66,Completed
1961,11194,33745,9284,552,2024-06-05,1,Quality Issue,36436.81,Completed
1962,11199,33763,776,239,2023-06-19,1,Late Delivery,2561.84,Completed
1963,11203,33778,3840,106,2025-03-23,1,Wrong Product,46627.58,Completed
1964,11204,33780,4153,453,2025-08-18,2,Wrong Product,32730.68,Completed
1965,11207,33785,4186,231,2023-01-22,1,Late Delivery,21715.73,Completed
1966,11209,33793,7627,68,2023-02-24,2,Product Not as Expected,121371.2,Completed
1967,11213,33809,1696,905,2025-09-21,2,Quality Issue,68242.1,Completed
1968,11214,33812,4064,342,2025-12-02,1,Wrong Product,15005.18,Completed
1969,11215,33813,5714,116,2024-06-12,1,Product Not as Expected,84644.25,Completed
1970,11228,33845,8910,578,2025-04-18,1,Wrong Product,39704.69,Completed
1971,11230,33852,383,928,2023-07-03,1,Late Delivery,87525.69,Completed
1972,11235,33865,9553,147,2024-01-05,3,Late Delivery,54558.33,Completed
1973,11249,33905,5715,207,2025-12-22,1,Wrong Product,83983.48,Completed
1974,11253,33912,8894,9,2024-05-17,1,Size/Fit Issue,61804.18,Completed
1975,11257,33922,1113,88,2023-11-16,1,Changed Mind,47049.95,Completed
1976,11257,33923,1113,988,2023-11-16,1,Late Delivery,39079.27,Completed
1977,11259,33926,9925,208,2023-05-24,1,Product Not as Expected,53391.84,Completed
1978,11264,33940,2588,762,2024-06-01,1,Late Delivery,4852.55,Completed
1979,11267,33956,3328,439,2023-12-24,2,Late Delivery,90655.78,Completed
1980,11276,33983,8152,759,2024-04-05,1,Late Delivery,78235.66,Completed
1981,11284,34005,650,506,2025-02-15,1,Wrong Product,48220.73,Completed
1982,11298,34046,2752,541,2025-01-15,1,Changed Mind,38960.03,Completed
1983,11300,34050,3533,84,2025-12-09,1,Product Not as Expected,12692.83,Completed
1984,11314,34086,6457,928,2023-10-11,2,Late Delivery,175051.38,Completed
1985,11332,34149,1475,438,2024-08-25,2,Changed Mind,124559.52,Completed
1986,11337,34160,9321,56,2025-09-29,1,Product Not as Expected,9324.88,Completed
1987,11338,34164,6180,713,2025-12-24,2,Damaged Product,78326.64,Completed
1988,11348,34195,4302,716,2023-04-14,1,Quality Issue,37907.5,Completed
1989,11348,34196,4302,656,2023-04-14,3,Product Not as Expected,108482.55,Completed
1990,11350,34206,7102,403,2024-08-09,1,Damaged Product,13616.52,Completed
1991,11351,34210,6444,395,2025-11-01,2,Size/Fit Issue,64798.34,Completed
1992,11359,34231,9003,418,2023-12-20,1,Wrong Product,6259.15,Completed
1993,11370,34258,3459,996,2023-04-23,1,Size/Fit Issue,43007.78,Completed
1994,11397,34352,8016,408,2023-02-04,1,Quality Issue,49372.6,Completed
1995,11401,34371,1634,2,2024-05-04,1,Product Not as Expected,76394.93,Completed
1996,11403,34374,4435,4,2025-05-25,1,Late Delivery,45692.74,Completed
1997,11422,34427,5580,523,2024-05-01,1,Wrong Product,19573.08,Completed
1998,11424,34435,9919,792,2024-11-09,1,Quality Issue,41133.39,Completed
1999,11427,34449,1713,131,2023-12-07,1,Damaged Product,72766.86,Completed
2000,11430,34458,1201,157,2023-07-28,1,Wrong Product,13213.71,Completed
2001,11436,34482,6798,606,2025-05-27,1,Product Not as Expected,53265.93,Completed
2002,11438,34490,5684,202,2023-01-19,1,Late Delivery,32355.55,Completed
2003,11450,34519,6858,759,2025-06-02,2,Quality Issue,156471.32,Completed
2004,11453,34529,5169,895,2023-12-23,1,Damaged Product,50367.0,Completed
2005,11455,34537,8587,512,2024-07-23,3,Quality Issue,24384.06,Completed
2006,11457,34542,3058,273,2024-10-30,1,Product Not as Expected,58733.95,Completed
2007,11462,34559,7117,119,2024-06-19,1,Size/Fit Issue,62460.8,Completed
2008,11463,34562,1436,581,2024-01-05,2,Late Delivery,86719.28,Completed
2009,11477,34608,5482,552,2025-04-06,1,Product Not as Expected,36436.81,Completed
2010,11478,34614,7996,319,2023-03-21,1,Changed Mind,1269.69,Completed
2011,11486,34633,7892,447,2024-11-27,1,Quality Issue,2781.28,Completed
2012,11492,34648,3016,875,2025-08-13,1,Size/Fit Issue,42404.31,Completed
2013,11506,34687,1484,24,2025-06-11,1,Changed Mind,34565.44,Completed
2014,11512,34703,6994,369,2023-02-27,2,Quality Issue,5642.54,Completed
2015,11512,34705,6994,90,2023-02-27,1,Damaged Product,36606.09,Completed
2016,11514,34712,1805,617,2024-11-06,1,Changed Mind,37738.08,Completed
2017,11529,34754,2456,63,2024-03-31,1,Product Not as Expected,19746.23,Completed
2018,11538,34774,6980,830,2025-09-20,2,Wrong Product,4362.6,Completed
2019,11538,34777,6980,936,2025-09-20,1,Wrong Product,23282.26,Completed
2020,11543,34788,9164,862,2025-04-16,1,Damaged Product,57732.85,Completed
2021,11552,34813,3876,597,2024-02-11,1,Product Not as Expected,15767.69,Completed
2022,11553,34819,8567,684,2025-09-14,1,Size/Fit Issue,24811.38,Completed
2023,11555,34824,869,910,2023-08-22,1,Changed Mind,46134.06,Completed
2024,11557,34829,41,74,2024-08-09,1,Size/Fit Issue,25500.32,Completed
2025,11558,34832,2697,537,2023-11-11,1,Size/Fit Issue,53194.66,Completed
2026,11578,34895,3468,409,2023-03-13,1,Size/Fit Issue,61954.7,Completed
2027,11582,34900,4291,928,2025-02-27,2,Changed Mind,175051.38,Completed
2028,11583,34905,9212,41,2023-12-24,1,Product Not as Expected,47175.64,Completed
2029,11591,34932,3226,31,2023-10-01,2,Product Not as Expected,10556.4,Completed
2030,11596,34942,9903,182,2024-05-29,3,Wrong Product,9063.78,Completed
2031,11602,34963,300,207,2024-07-09,1,Product Not as Expected,83983.48,Completed
2032,11607,34977,1247,963,2025-02-16,1,Wrong Product,31741.06,Completed
2033,11617,35007,5442,839,2024-09-03,1,Late Delivery,27297.72,Completed
2034,11618,35012,7526,604,2025-04-07,2,Late Delivery,73842.96,Completed
2035,11628,35034,9539,485,2024-09-14,1,Late Delivery,56542.66,Completed
2036,11628,35036,9539,106,2024-09-14,1,Size/Fit Issue,46627.58,Completed
2037,11629,35039,6047,41,2023-11-17,1,Damaged Product,47175.64,Completed
2038,11634,35056,458,498,2023-04-12,3,Damaged Product,178756.17,Completed
2039,11644,35089,5491,900,2024-03-05,1,Late Delivery,10764.09,Completed
2040,11646,35097,100,167,2024-07-04,1,Quality Issue,43711.63,Completed
2041,11653,35114,2496,723,2023-10-31,1,Damaged Product,17748.2,Completed
2042,11661,35134,8992,923,2025-02-02,1,Wrong Product,3340.47,Completed
2043,11670,35160,6094,678,2023-07-06,1,Quality Issue,49387.32,Completed
2044,11674,35172,4327,1000,2023-02-15,2,Changed Mind,70587.52,Completed
2045,11675,35175,6177,280,2023-02-25,1,Changed Mind,18409.59,Completed
2046,11678,35184,5526,190,2025-08-02,2,Wrong Product,62929.42,Completed
2047,11683,35193,1293,990,2025-01-13,1,Size/Fit Issue,16191.64,Completed
2048,11684,35196,5723,5,2025-09-16,1,Damaged Product,25962.08,Completed
2049,11685,35197,6949,205,2025-06-16,2,Late Delivery,87871.56,Completed
2050,11688,35204,699,69,2023-08-05,1,Changed Mind,32929.62,Completed
2051,11688,35206,699,651,2023-08-05,1,Late Delivery,58787.12,Completed
2052,11689,35209,4943,506,2024-07-29,1,Quality Issue,48220.73,Completed
2053,11695,35225,7805,176,2023-04-10,1,Size/Fit Issue,4905.76,Completed
2054,11702,35244,3333,929,2024-07-21,1,Damaged Product,38049.95,Completed
2055,11702,35245,3333,56,2024-07-21,1,Late Delivery,9324.88,Completed
2056,11705,35255,3762,814,2023-05-15,1,Damaged Product,29179.36,Completed
2057,11712,35280,3937,193,2023-12-04,3,Damaged Product,263955.15,Completed
2058,11717,35296,6511,818,2024-02-19,1,Size/Fit Issue,2517.2,Completed
2059,11720,35307,711,439,2024-01-12,1,Quality Issue,45327.89,Completed
2060,11727,35327,7606,893,2023-01-20,4,Late Delivery,96635.4,Completed
2061,11730,35340,5674,348,2025-11-12,1,Late Delivery,67157.47,Completed
2062,11731,35342,248,403,2023-10-19,1,Size/Fit Issue,13616.52,Completed
2063,11735,35353,4931,523,2024-09-09,3,Product Not as Expected,58719.24,Completed
2064,11737,35360,3023,36,2023-10-01,2,Size/Fit Issue,9314.72,Completed
2065,11738,35365,7824,928,2025-03-02,1,Product Not as Expected,87525.69,Completed
2066,11748,35391,7247,657,2025-12-20,2,Size/Fit Issue,70571.82,Completed
2067,11773,35449,3455,875,2025-08-24,1,Size/Fit Issue,42404.31,Completed
2068,11780,35471,256,581,2025-03-12,1,Quality Issue,43359.64,Completed
2069,11804,35539,5385,581,2024-09-28,1,Product Not as Expected,43359.64,Completed
2070,11809,35562,5464,668,2023-06-03,1,Wrong Product,68374.32,Completed
2071,11817,35585,184,294,2023-11-27,1,Wrong Product,41899.87,Completed
2072,11824,35608,6712,409,2024-12-20,2,Product Not as Expected,123909.4,Completed
2073,11826,35610,6297,94,2025-01-10,1,Late Delivery,17477.85,Completed
2074,11836,35631,7879,525,2023-07-05,1,Late Delivery,64720.45,Completed
2075,11843,35650,5001,962,2025-07-05,1,Size/Fit Issue,27001.15,Completed
2076,11845,35657,2212,294,2024-02-06,3,Quality Issue,125699.61,Completed
2077,11856,35685,9062,468,2023-02-18,1,Changed Mind,31010.39,Completed
2078,11858,35689,477,717,2025-11-20,2,Changed Mind,159317.04,Completed
2079,11868,35718,5395,722,2025-06-06,1,Size/Fit Issue,26197.06,Completed
2080,11874,35739,983,678,2025-08-03,1,Size/Fit Issue,49387.32,Completed
2081,11879,35752,3025,940,2025-02-23,1,Size/Fit Issue,1483.18,Completed
2082,11882,35762,3815,956,2024-06-29,1,Late Delivery,39326.14,Completed
2083,11886,35769,9830,523,2023-12-13,2,Damaged Product,39146.16,Completed
2084,11886,35770,9830,191,2023-12-13,1,Changed Mind,45798.67,Completed
2085,11888,35777,5504,883,2024-04-11,1,Wrong Product,70912.74,Completed
2086,11888,35778,5504,717,2024-04-11,1,Damaged Product,79658.52,Completed
2087,11891,35791,5100,254,2024-06-19,1,Quality Issue,81254.36,Completed
2088,11892,35795,3862,810,2024-02-22,1,Product Not as Expected,46393.62,Completed
2089,11916,35865,6359,403,2025-02-27,1,Product Not as Expected,13616.52,Completed
2090,11920,35878,7193,847,2025-10-26,1,Wrong Product,86269.16,Completed
2091,11922,35886,2727,953,2025-06-01,2,Damaged Product,24141.18,Completed
2092,11934,35932,9922,343,2024-04-04,2,Changed Mind,5042.44,Completed
2093,11934,35934,9922,578,2024-04-04,2,Size/Fit Issue,79409.38,Completed
2094,11948,35969,3104,324,2025-12-13,2,Quality Issue,130168.22,Completed
2095,11951,35981,9991,273,2024-06-29,1,Product Not as Expected,58733.95,Completed
2096,11954,35988,3708,174,2024-08-07,2,Product Not as Expected,55714.46,Completed
2097,11955,35991,2886,776,2023-08-05,2,Quality Issue,52482.22,Completed
2098,11957,36004,2347,99,2024-10-03,1,Damaged Product,32394.39,Completed
2099,11962,36017,7445,762,2023-03-10,1,Product Not as Expected,4852.55,Completed
2100,11968,36035,8985,442,2025-09-22,1,Damaged Product,63464.4,Completed
2101,11969,36039,3479,374,2024-02-13,1,Quality Issue,49935.18,Completed
2102,11973,36051,3528,410,2023-08-10,1,Product Not as Expected,18525.02,Completed
2103,11977,36066,3403,541,2023-07-26,1,Product Not as Expected,38960.03,Completed
2104,11984,36093,9414,388,2024-08-13,1,Damaged Product,31725.59,Completed
2105,11986,36101,4349,680,2024-09-04,1,Damaged Product,66428.17,Completed
2106,11988,36108,1717,344,2023-12-09,4,Size/Fit Issue,16328.04,Completed
2107,11994,36125,425,385,2025-01-07,3,Product Not as Expected,153586.53,Completed
2108,12003,36156,950,36,2025-11-03,3,Size/Fit Issue,13972.08,Completed
2109,12007,36173,2220,106,2023-09-30,1,Damaged Product,46627.58,Completed
2110,12024,36220,5648,694,2023-11-03,1,Wrong Product,75656.77,Completed
2111,12033,36235,1556,502,2023-02-08,2,Product Not as Expected,99862.04,Completed
2112,12033,36236,1556,716,2023-02-08,2,Changed Mind,75815.0,Completed
2113,12040,36255,6418,873,2024-01-28,1,Quality Issue,10272.98,Completed
2114,12046,36268,5956,131,2024-04-25,1,Quality Issue,72766.86,Completed
2115,12050,36283,6481,581,2023-01-07,1,Size/Fit Issue,43359.64,Completed
2116,12067,36335,7670,518,2023-03-20,1,Changed Mind,6573.06,Completed
2117,12069,36338,4542,656,2025-01-21,1,Wrong Product,36160.85,Completed
2118,12071,36347,3937,80,2024-11-19,1,Wrong Product,55075.52,Completed
2119,12081,36377,7126,896,2025-09-21,1,Late Delivery,14625.74,Completed
2120,12084,36387,1140,350,2025-02-16,1,Product Not as Expected,35700.73,Completed
2121,12085,36390,2527,895,2023-02-07,2,Product Not as Expected,100734.0,Completed
2122,12095,36416,9243,552,2023-03-05,1,Size/Fit Issue,36436.81,Completed
2123,12099,36430,5877,808,2024-08-13,1,Wrong Product,14621.63,Completed
2124,12099,36433,5877,819,2024-08-13,1,Late Delivery,46497.58,Completed
2125,12120,36497,4272,282,2024-11-02,2,Late Delivery,92753.74,Completed
2126,12121,36499,4646,950,2025-05-05,2,Damaged Product,9756.64,Completed
2127,12129,36527,644,830,2024-08-01,4,Product Not as Expected,8725.2,Completed
2128,12133,36538,8192,453,2025-11-18,2,Wrong Product,32730.68,Completed
2129,12139,36559,1523,54,2025-10-28,1,Wrong Product,83257.08,Completed
2130,12142,36573,1280,960,2024-12-16,1,Damaged Product,63180.8,Completed
2131,12144,36578,2193,28,2025-10-21,1,Size/Fit Issue,16204.3,Completed
2132,12151,36594,3819,150,2025-03-29,1,Wrong Product,22962.33,Completed
2133,12158,36608,4890,651,2025-04-28,1,Quality Issue,58787.12,Completed
2134,12158,36610,4890,728,2025-04-28,1,Late Delivery,72056.51,Completed
2135,12172,36651,3248,266,2025-01-05,2,Changed Mind,19780.48,Completed
2136,12177,36665,2017,739,2025-04-05,1,Damaged Product,49616.69,Completed
2137,12189,36698,8680,862,2023-02-18,2,Changed Mind,115465.7,Completed
2138,12195,36715,8914,651,2023-05-26,1,Size/Fit Issue,58787.12,Completed
2139,12198,36725,6864,441,2024-04-13,1,Quality Issue,7558.87,Completed
2140,12198,36727,6864,651,2024-04-13,1,Quality Issue,58787.12,Completed
2141,12210,36755,6222,824,2023-01-06,1,Damaged Product,26487.37,Completed
2142,12210,36757,6222,918,2023-01-06,1,Wrong Product,12904.52,Completed
2143,12216,36771,4983,356,2024-09-27,1,Wrong Product,27519.26,Completed
2144,12218,36780,3893,651,2023-03-13,2,Wrong Product,117574.24,Completed
2145,12224,36797,7953,438,2025-12-26,1,Damaged Product,62279.76,Completed
2146,12250,36871,9840,250,2023-07-16,1,Damaged Product,38589.27,Completed
2147,12253,36881,1181,74,2023-04-29,1,Product Not as Expected,25500.32,Completed
2148,12265,36921,9035,821,2024-11-19,1,Wrong Product,38888.0,Completed
2149,12269,36935,7147,815,2023-11-03,2,Wrong Product,72880.14,Completed
2150,12288,36980,9214,853,2025-11-13,3,Damaged Product,108447.72,Completed
2151,12293,37002,5699,815,2024-03-10,1,Size/Fit Issue,36440.07,Completed
2152,12298,37019,1920,75,2023-11-30,1,Wrong Product,9316.09,Completed
2153,12300,37025,4134,311,2023-03-15,1,Quality Issue,27646.1,Completed
2154,12306,37041,2781,181,2023-08-07,1,Changed Mind,13272.27,Completed
2155,12315,37067,5407,518,2023-07-19,1,Damaged Product,6573.06,Completed
2156,12327,37095,8282,578,2023-08-15,1,Late Delivery,39704.69,Completed
2157,12354,37170,4710,661,2025-12-18,2,Product Not as Expected,13602.34,Completed
2158,12358,37184,9335,440,2023-07-25,1,Product Not as Expected,53089.24,Completed
2159,12359,37185,3101,290,2023-11-24,2,Quality Issue,51860.04,Completed
2160,12360,37188,9650,69,2023-02-06,1,Late Delivery,32929.62,Completed
2161,12362,37194,5793,36,2024-11-16,1,Wrong Product,4657.36,Completed
2162,12374,37230,119,48,2024-06-30,2,Quality Issue,48431.98,Completed
2163,12375,37235,7317,650,2025-10-23,1,Changed Mind,42833.78,Completed
2164,12377,37242,4341,506,2023-07-10,3,Damaged Product,144662.19,Completed
2165,12381,37252,8104,297,2023-02-01,1,Quality Issue,9484.23,Completed
2166,12384,37262,9310,396,2024-12-09,1,Changed Mind,49585.04,Completed
2167,12387,37272,7915,651,2023-07-18,3,Late Delivery,176361.36,Completed
2168,12388,37275,645,475,2025-02-08,1,Late Delivery,22537.66,Completed
2169,12393,37290,5619,978,2023-01-04,2,Wrong Product,140716.6,Completed
2170,12399,37304,2055,263,2025-11-17,1,Product Not as Expected,73307.77,Completed
2171,12400,37310,7455,878,2024-08-07,2,Changed Mind,162935.44,Completed
2172,12415,37349,8044,122,2024-03-04,1,Wrong Product,61466.27,Completed
2173,12419,37366,9669,266,2023-02-04,5,Damaged Product,49451.2,Completed
2174,12423,37376,1147,370,2023-09-23,1,Late Delivery,42652.44,Completed
2175,12427,37389,5336,712,2024-05-07,1,Quality Issue,7038.7,Completed
2176,12431,37399,6420,577,2023-01-14,1,Product Not as Expected,28640.16,Completed
2177,12431,37401,6420,928,2023-01-14,1,Quality Issue,87525.69,Completed
2178,12451,37456,9792,480,2024-05-02,1,Wrong Product,4003.79,Completed
2179,12462,37491,2192,901,2024-09-26,1,Changed Mind,49064.78,Completed
2180,12480,37538,6727,873,2024-05-04,1,Product Not as Expected,10272.98,Completed
2181,12482,37546,2028,575,2023-08-07,3,Size/Fit Issue,141379.05,Completed
2182,12488,37566,532,868,2024-09-15,2,Quality Issue,61122.42,Completed
2183,12489,37567,2269,609,2024-12-04,1,Quality Issue,2458.31,Completed
2184,12495,37582,7668,764,2025-10-31,1,Product Not as Expected,48726.1,Completed
2185,12508,37620,7161,896,2024-07-18,1,Changed Mind,14625.74,Completed
2186,12515,37636,3201,815,2025-03-08,1,Changed Mind,36440.07,Completed
2187,12515,37637,3201,49,2025-03-08,1,Size/Fit Issue,52319.21,Completed
2188,12528,37671,3274,799,2023-02-17,1,Late Delivery,8251.88,Completed
2189,12530,37679,4464,565,2023-05-18,1,Wrong Product,52005.48,Completed
2190,12533,37687,9974,773,2023-09-19,1,Wrong Product,10661.83,Completed
2191,12543,37720,3099,281,2024-08-11,1,Late Delivery,4708.56,Completed
2192,12545,37727,2121,78,2023-04-19,3,Size/Fit Issue,120094.41,Completed
2193,12545,37728,2121,124,2023-04-19,1,Quality Issue,32253.1,Completed
2194,12567,37794,3156,949,2023-06-27,1,Product Not as Expected,21780.09,Completed
2195,12574,37822,8530,248,2025-06-26,1,Quality Issue,1372.21,Completed
2196,12574,37824,8530,256,2025-06-26,1,Wrong Product,8390.62,Completed
2197,12580,37844,2104,573,2024-09-02,1,Changed Mind,17211.31,Completed
2198,12585,37855,7596,9,2024-09-03,1,Late Delivery,61804.18,Completed
2199,12587,37862,5969,606,2024-06-18,1,Changed Mind,53265.93,Completed
2200,12588,37864,4984,833,2024-06-19,1,Wrong Product,49984.05,Completed
2201,12590,37870,9162,846,2023-03-15,1,Wrong Product,21886.79,Completed
2202,12595,37892,5549,110,2023-03-03,3,Changed Mind,184801.05,Completed
2203,12601,37913,425,69,2024-01-31,2,Wrong Product,65859.24,Completed
2204,12606,37932,2632,678,2024-06-26,1,Changed Mind,49387.32,Completed
2205,12608,37938,1033,819,2024-08-27,1,Damaged Product,46497.58,Completed
2206,12613,37952,9224,938,2024-08-08,1,Quality Issue,41472.77,Completed
2207,12622,37980,7176,328,2025-08-10,1,Quality Issue,71127.26,Completed
2208,12631,38003,8143,730,2024-11-05,1,Damaged Product,6687.12,Completed
2209,12632,38009,1295,433,2025-08-23,2,Late Delivery,94860.1,Completed
2210,12643,38034,1535,671,2025-04-02,1,Quality Issue,65136.28,Completed
2211,12647,38046,5520,886,2023-03-04,1,Wrong Product,49335.18,Completed
2212,12648,38050,3366,641,2025-01-09,1,Changed Mind,12415.84,Completed
2213,12650,38057,1421,255,2023-08-04,1,Size/Fit Issue,58340.7,Completed
2214,12651,38061,2767,901,2025-09-10,1,Late Delivery,49064.78,Completed
2215,12652,38068,8819,9,2024-07-15,1,Wrong Product,61804.18,Completed
2216,12653,38069,576,427,2025-10-27,1,Damaged Product,43138.66,Completed
2217,12657,38084,7480,534,2024-08-02,2,Late Delivery,7925.3,Completed
2218,12661,38096,6903,461,2024-03-13,1,Late Delivery,57237.0,Completed
2219,12666,38114,1879,335,2023-03-07,1,Product Not as Expected,53401.61,Completed
2220,12666,38116,1879,250,2023-03-07,1,Size/Fit Issue,38589.27,Completed
2221,12674,38139,844,904,2023-09-09,1,Damaged Product,59389.18,Completed
2222,12684,38161,4075,190,2025-08-25,1,Late Delivery,31464.71,Completed
2223,12707,38221,319,799,2023-01-11,1,Quality Issue,8251.88,Completed
2224,12723,38277,6542,73,2023-10-18,1,Changed Mind,2096.83,Completed
2225,12738,38317,4172,180,2024-04-26,3,Quality Issue,61577.4,Completed
2226,12739,38321,4806,377,2025-04-03,1,Late Delivery,38654.29,Completed
2227,12745,38338,3145,551,2025-11-24,1,Damaged Product,40569.11,Completed
2228,12758,38383,8317,819,2025-12-12,1,Product Not as Expected,46497.58,Completed
2229,12762,38401,209,830,2025-10-26,2,Changed Mind,4362.6,Completed
2230,12768,38417,1726,705,2024-08-08,1,Product Not as Expected,48444.42,Completed
2231,12770,38426,8370,15,2024-10-23,3,Wrong Product,188266.17,Completed
2232,12817,38571,899,900,2024-03-25,1,Changed Mind,10764.09,Completed
2233,12821,38587,3920,684,2024-09-07,2,Late Delivery,49622.76,Completed
2234,12827,38605,333,554,2023-04-02,1,Changed Mind,25698.87,Completed
2235,12836,38630,3501,672,2025-01-01,1,Late Delivery,6215.74,Completed
2236,12836,38631,3501,721,2025-01-01,3,Changed Mind,169833.93,Completed
2237,12843,38654,4189,84,2025-10-24,1,Wrong Product,12692.83,Completed
2238,12849,38675,4252,241,2024-03-15,1,Late Delivery,34918.52,Completed
2239,12851,38685,9939,541,2024-08-06,1,Damaged Product,38960.03,Completed
2240,12862,38719,9942,839,2025-06-27,1,Quality Issue,27297.72,Completed
2241,12867,38734,9402,751,2024-11-27,1,Quality Issue,67959.34,Completed
2242,12872,38750,8400,978,2025-03-18,1,Changed Mind,70358.3,Completed
2243,12877,38765,5936,844,2025-04-09,1,Size/Fit Issue,31509.16,Completed
2244,12885,38782,9261,296,2024-06-26,1,Size/Fit Issue,34627.87,Completed
2245,12899,38824,2857,354,2025-05-23,1,Wrong Product,24299.68,Completed
2246,12902,38837,7552,741,2023-01-31,1,Damaged Product,2272.92,Completed
2247,12902,38839,7552,509,2023-01-31,1,Quality Issue,19248.16,Completed
2248,12918,38891,7430,132,2025-12-09,1,Size/Fit Issue,54936.5,Completed
2249,12923,38904,1941,92,2025-03-04,1,Wrong Product,20472.41,Completed
2250,12931,38924,681,693,2023-06-02,2,Damaged Product,39612.28,Completed
2251,12941,38949,1281,468,2023-07-11,3,Wrong Product,93031.17,Completed
2252,12944,38959,1751,815,2025-09-27,1,Size/Fit Issue,36440.07,Completed
2253,12945,38962,4744,518,2025-01-30,1,Quality Issue,6573.06,Completed
2254,12945,38963,4744,616,2025-01-30,1,Quality Issue,61297.48,Completed
2255,12950,38977,5030,573,2025-09-26,1,Late Delivery,17211.31,Completed
2256,12952,38983,7117,617,2025-09-10,1,Size/Fit Issue,37738.08,Completed
2257,12959,39005,7941,671,2024-06-18,1,Wrong Product,65136.28,Completed
2258,12966,39036,6012,116,2024-04-01,1,Late Delivery,84644.25,Completed
2259,12968,39040,8256,848,2025-01-03,2,Product Not as Expected,98509.18,Completed
2260,12990,39108,2429,75,2025-08-03,1,Wrong Product,9316.09,Completed
2261,12993,39113,1115,838,2025-11-12,1,Damaged Product,67576.45,Completed
2262,12993,39116,1115,552,2025-11-12,1,Product Not as Expected,36436.81,Completed
2263,13000,39138,8555,501,2023-11-06,1,Wrong Product,7509.52,Completed
2264,13004,39152,5631,882,2024-02-14,1,Wrong Product,8514.18,Completed
2265,13009,39163,3381,843,2025-06-10,1,Changed Mind,11862.94,Completed
2266,13016,39190,1154,393,2025-08-28,1,Quality Issue,22248.19,Completed
2267,13021,39210,2619,343,2025-09-07,1,Size/Fit Issue,2521.22,Completed
2268,13023,39215,4340,306,2023-05-09,1,Product Not as Expected,43852.88,Completed
2269,13026,39225,366,778,2025-12-15,1,Wrong Product,84709.59,Completed
2270,13029,39235,8949,502,2023-09-14,1,Product Not as Expected,49931.02,Completed
2271,13040,39264,4578,525,2024-08-17,2,Product Not as Expected,129440.9,Completed
2272,13042,39274,106,923,2025-01-10,1,Changed Mind,3340.47,Completed
2273,13045,39280,3779,120,2024-03-23,1,Wrong Product,21190.89,Completed
2274,13045,39283,3779,202,2024-03-23,1,Size/Fit Issue,32355.55,Completed
2275,13047,39290,6510,412,2024-11-07,1,Size/Fit Issue,30381.43,Completed
2276,13052,39301,3898,205,2025-04-28,1,Damaged Product,43935.78,Completed
2277,13062,39331,4945,945,2023-10-13,2,Changed Mind,103211.52,Completed
2278,13071,39353,9844,694,2024-02-03,2,Damaged Product,151313.54,Completed
2279,13073,39365,5459,95,2023-06-14,3,Late Delivery,30230.67,Completed
2280,13074,39367,7090,302,2025-01-27,2,Quality Issue,25164.6,Completed
2281,13079,39385,9787,9,2023-10-07,1,Quality Issue,61804.18,Completed
2282,13080,39390,5821,196,2024-03-26,1,Size/Fit Issue,35740.62,Completed
2283,13081,39392,1124,641,2024-03-08,2,Product Not as Expected,24831.68,Completed
2284,13083,39401,9040,813,2023-08-05,3,Product Not as Expected,68537.85,Completed
2285,13089,39415,2364,49,2024-01-26,1,Wrong Product,52319.21,Completed
2286,13091,39421,5528,544,2023-10-22,1,Product Not as Expected,60516.54,Completed
2287,13100,39447,306,866,2023-09-21,1,Wrong Product,26357.51,Completed
2288,13102,39455,9293,990,2025-07-03,1,Damaged Product,16191.64,Completed
2289,13107,39470,6387,442,2023-03-07,3,Quality Issue,190393.2,Completed
2290,13117,39497,7326,509,2025-03-25,1,Changed Mind,19248.16,Completed
2291,13118,39502,5864,551,2024-06-25,1,Size/Fit Issue,40569.11,Completed
2292,13126,39529,673,273,2023-01-22,1,Changed Mind,58733.95,Completed
2293,13128,39536,8549,825,2025-07-02,1,Late Delivery,43980.64,Completed
2294,13134,39556,2605,93,2025-12-22,1,Size/Fit Issue,20754.97,Completed
2295,13138,39566,562,327,2025-12-27,1,Changed Mind,63558.11,Completed
2296,13146,39592,3677,558,2023-08-11,1,Product Not as Expected,75889.41,Completed
2297,13146,39594,3677,154,2023-08-11,1,Product Not as Expected,8484.39,Completed
2298,13147,39599,6980,139,2024-09-18,2,Late Delivery,70682.66,Completed
2299,13150,39610,2187,346,2023-12-09,1,Damaged Product,62507.59,Completed
2300,13156,39625,5704,382,2023-08-28,3,Damaged Product,191253.81,Completed
2301,13169,39658,7402,22,2023-08-04,1,Late Delivery,18377.28,Completed
2302,13181,39694,4593,811,2025-01-06,1,Quality Issue,29935.48,Completed
2303,13190,39722,5774,25,2025-08-18,1,Size/Fit Issue,30269.48,Completed
2304,13191,39724,4207,328,2024-01-16,1,Late Delivery,71127.26,Completed
2305,13199,39746,7132,568,2025-08-03,1,Product Not as Expected,56955.44,Completed
2306,13200,39753,1158,840,2025-10-10,1,Size/Fit Issue,75935.96,Completed
2307,13203,39760,2437,456,2023-07-28,3,Product Not as Expected,118411.29,Completed
2308,13229,39823,967,907,2025-02-28,2,Changed Mind,45497.32,Completed
2309,13234,39839,3105,817,2024-01-17,1,Size/Fit Issue,57746.72,Completed
2310,13242,39861,9015,984,2023-03-10,1,Changed Mind,37563.24,Completed
2311,13252,39892,729,461,2024-10-19,1,Size/Fit Issue,57237.0,Completed
2312,13267,39937,3932,28,2024-10-05,4,Product Not as Expected,64817.2,Completed
2313,13268,39945,6233,510,2024-02-07,1,Product Not as Expected,50345.66,Completed
2314,13269,39946,7935,661,2023-07-19,1,Damaged Product,6801.17,Completed
2315,13275,39960,6258,54,2025-07-04,1,Product Not as Expected,83257.08,Completed
2316,13275,39964,6258,376,2025-07-04,1,Late Delivery,63521.81,Completed
2317,13282,39987,6558,160,2024-04-24,4,Damaged Product,238107.04,Completed
2318,13284,39997,3977,949,2023-11-28,2,Product Not as Expected,43560.18,Completed
2319,13284,39999,3977,958,2023-11-28,2,Product Not as Expected,23492.02,Completed
2320,13286,40003,2901,651,2024-02-17,1,Product Not as Expected,58787.12,Completed
2321,13289,40015,5903,851,2024-12-20,3,Damaged Product,29520.84,Completed
2322,13302,40052,5009,445,2023-11-19,1,Product Not as Expected,56192.08,Completed
2323,13304,40055,855,552,2025-03-19,1,Wrong Product,36436.81,Completed
2324,13322,40110,3252,48,2023-07-29,1,Changed Mind,24215.99,Completed
2325,13330,40139,1353,381,2025-08-14,1,Damaged Product,8616.27,Completed
2326,13337,40156,2339,399,2025-07-04,1,Wrong Product,37387.51,Completed
2327,13340,40167,7703,85,2025-12-03,2,Changed Mind,139418.4,Completed
2328,13345,40182,4489,651,2023-01-22,1,Wrong Product,58787.12,Completed
2329,13363,40242,4203,351,2024-05-20,1,Damaged Product,42200.96,Completed
2330,13373,40266,9402,390,2024-08-23,1,Late Delivery,58992.99,Completed
2331,13381,40294,6418,105,2024-08-09,1,Wrong Product,13824.31,Completed
2332,13386,40315,2645,589,2023-02-02,2,Quality Issue,120922.28,Completed
2333,13388,40321,2970,325,2024-02-25,1,Damaged Product,13778.84,Completed
2334,13397,40349,214,949,2024-09-30,1,Wrong Product,21780.09,Completed
2335,13400,40357,6282,286,2025-06-09,1,Late Delivery,70118.16,Completed
2336,13403,40367,7455,886,2023-03-11,1,Changed Mind,49335.18,Completed
2337,13410,40390,7814,879,2025-04-04,1,Changed Mind,2467.19,Completed
2338,13421,40410,2008,913,2025-08-14,1,Wrong Product,29739.74,Completed
2339,13423,40417,9248,815,2024-04-19,5,Wrong Product,182200.35,Completed
2340,13424,40419,3223,932,2023-07-05,1,Quality Issue,53678.69,Completed
2341,13435,40459,2145,107,2025-02-17,1,Late Delivery,63426.1,Completed
2342,13439,40475,3698,633,2024-12-23,2,Quality Issue,32542.34,Completed
2343,13443,40485,4118,480,2024-07-15,2,Size/Fit Issue,8007.58,Completed
2344,13446,40490,6211,274,2025-05-18,4,Wrong Product,181974.12,Completed
2345,13449,40501,6899,54,2023-05-04,1,Changed Mind,83257.08,Completed
2346,13453,40515,9801,357,2023-01-07,1,Damaged Product,38950.15,Completed
2347,13453,40516,9801,135,2023-01-07,2,Size/Fit Issue,108892.86,Completed
2348,13454,40519,9515,799,2024-12-14,1,Damaged Product,8251.88,Completed
2349,13455,40524,434,149,2024-10-27,2,Late Delivery,56320.14,Completed
2350,13476,40592,8220,93,2024-07-07,1,Product Not as Expected,20754.97,Completed
2351,13477,40593,6367,248,2023-07-31,3,Quality Issue,4116.63,Completed
2352,13477,40595,6367,514,2023-07-31,1,Changed Mind,45442.73,Completed
2353,13483,40612,9516,807,2025-07-16,1,Damaged Product,39777.89,Completed
2354,13485,40621,1214,668,2025-01-07,1,Quality Issue,68374.32,Completed
2355,13489,40637,8981,98,2025-03-26,1,Changed Mind,53476.38,Completed
2356,13491,40641,3863,133,2024-11-16,1,Quality Issue,12468.39,Completed
2357,13493,40651,1344,93,2023-10-27,3,Damaged Product,62264.91,Completed
2358,13497,40657,4820,152,2023-02-10,1,Wrong Product,86230.84,Completed
2359,13524,40741,9376,962,2025-01-30,1,Wrong Product,27001.15,Completed
2360,13524,40743,9376,10,2025-01-30,1,Size/Fit Issue,2841.22,Completed
2361,13532,40774,3114,224,2023-11-18,1,Product Not as Expected,29142.1,Completed
2362,13533,40775,4317,203,2024-11-07,1,Quality Issue,20625.03,Completed
2363,13539,40801,7611,650,2025-05-09,1,Quality Issue,42833.78,Completed
2364,13540,40803,468,773,2023-02-04,2,Changed Mind,21323.66,Completed
2365,13541,40806,5616,864,2024-12-23,1,Wrong Product,10440.99,Completed
2366,13555,40845,599,266,2025-05-27,1,Late Delivery,9890.24,Completed
2367,13560,40860,6134,64,2025-01-12,5,Size/Fit Issue,64331.0,Completed
2368,13561,40861,7519,328,2025-05-24,1,Late Delivery,71127.26,Completed
2369,13561,40865,7519,580,2025-05-24,1,Damaged Product,2770.25,Completed
2370,13573,40887,2560,40,2023-01-31,2,Late Delivery,51797.9,Completed
2371,13574,40891,2956,54,2024-03-10,1,Changed Mind,83257.08,Completed
2372,13576,40897,7121,40,2025-10-04,1,Late Delivery,25898.95,Completed
2373,13589,40940,7014,821,2025-05-18,2,Changed Mind,77776.0,Completed
2374,13596,40960,3746,862,2025-10-18,1,Quality Issue,57732.85,Completed
2375,13597,40961,7738,907,2023-11-22,1,Quality Issue,22748.66,Completed
2376,13620,41023,3142,80,2023-02-07,1,Size/Fit Issue,55075.52,Completed
2377,13622,41029,8769,870,2025-03-22,1,Damaged Product,11548.78,Completed
2378,13623,41031,8685,46,2024-07-21,1,Wrong Product,46849.91,Completed
2379,13625,41037,4099,716,2025-07-04,1,Damaged Product,37907.5,Completed
2380,13630,41051,9894,901,2025-10-27,1,Changed Mind,49064.78,Completed
2381,13631,41053,5092,449,2025-09-22,2,Size/Fit Issue,103306.32,Completed
2382,13640,41079,703,572,2023-12-04,2,Size/Fit Issue,33609.12,Completed
2383,13648,41109,1843,255,2024-11-03,1,Wrong Product,58340.7,Completed
2384,13660,41137,3221,382,2024-03-13,2,Changed Mind,127502.54,Completed
2385,13664,41152,84,572,2024-04-13,2,Quality Issue,33609.12,Completed
2386,13669,41168,3595,882,2023-01-07,1,Wrong Product,8514.18,Completed
2387,13671,41177,1433,966,2023-11-17,3,Quality Issue,135610.26,Completed
2388,13672,41179,2790,508,2023-08-21,1,Product Not as Expected,66003.7,Completed
2389,13677,41195,9419,793,2025-09-14,2,Size/Fit Issue,31766.38,Completed
2390,13678,41198,2972,255,2023-08-26,1,Product Not as Expected,58340.7,Completed
2391,13683,41211,8951,888,2023-04-17,2,Wrong Product,56244.4,Completed
2392,13690,41235,3979,5,2023-08-04,1,Product Not as Expected,25962.08,Completed
2393,13695,41250,8391,265,2025-05-25,1,Size/Fit Issue,47688.35,Completed
2394,13698,41260,7573,537,2025-12-31,1,Damaged Product,53194.66,Completed
2395,13701,41275,82,875,2024-01-17,2,Damaged Product,84808.62,Completed
2396,13706,41290,8688,665,2025-04-26,3,Damaged Product,31774.47,Completed
2397,13722,41339,2985,751,2025-09-05,1,Damaged Product,67959.34,Completed
2398,13723,41340,9022,502,2025-01-10,1,Wrong Product,49931.02,Completed
2399,13725,41347,5141,35,2023-10-11,1,Changed Mind,27954.63,Completed
2400,13726,41351,8011,197,2023-09-11,1,Changed Mind,18177.19,Completed
2401,13733,41368,3503,160,2024-11-09,2,Damaged Product,119053.52,Completed
2402,13734,41370,1106,590,2025-01-21,1,Damaged Product,32485.63,Completed
2403,13737,41384,235,385,2023-07-29,3,Late Delivery,153586.53,Completed
2404,13740,41391,2200,2,2024-05-02,3,Wrong Product,229184.79,Completed
2405,13741,41396,6313,227,2024-01-14,3,Changed Mind,47565.33,Completed
2406,13745,41407,9647,523,2025-08-14,2,Late Delivery,39146.16,Completed
2407,13757,41444,9950,589,2024-01-13,3,Wrong Product,181383.42,Completed
2408,13762,41458,4961,57,2025-10-31,1,Changed Mind,54715.65,Completed
2409,13766,41475,253,891,2025-06-03,1,Quality Issue,31788.05,Completed
2410,13786,41540,665,159,2025-12-01,1,Quality Issue,47345.28,Completed
2411,13787,41544,4737,422,2023-12-01,1,Wrong Product,36577.78,Completed
2412,13794,41566,7696,328,2023-07-15,2,Quality Issue,142254.52,Completed
2413,13794,41569,7696,324,2023-07-15,2,Size/Fit Issue,130168.22,Completed
2414,13796,41575,2234,805,2023-07-23,1,Changed Mind,29663.21,Completed
2415,13803,41595,8114,49,2023-01-24,2,Changed Mind,104638.42,Completed
2416,13806,41603,3038,600,2023-01-16,1,Size/Fit Issue,10564.52,Completed
2417,13807,41606,7480,273,2025-05-29,1,Late Delivery,58733.95,Completed
2418,13807,41609,7480,35,2025-05-29,1,Product Not as Expected,27954.63,Completed
2419,13810,41616,474,100,2023-09-16,1,Damaged Product,30150.66,Completed
2420,13814,41631,2047,385,2024-01-25,2,Product Not as Expected,102391.02,Completed
2421,13817,41636,7398,518,2024-03-22,1,Size/Fit Issue,6573.06,Completed
2422,13818,41638,3926,601,2025-01-16,1,Late Delivery,24592.61,Completed
2423,13819,41642,9970,815,2024-04-17,1,Product Not as Expected,36440.07,Completed
2424,13822,41653,2611,51,2024-01-11,1,Late Delivery,6891.96,Completed
2425,13828,41677,5351,441,2024-04-10,1,Late Delivery,7558.87,Completed
2426,13839,41710,4873,754,2023-07-23,1,Quality Issue,10158.79,Completed
2427,13841,41715,8638,78,2023-05-05,1,Quality Issue,40031.47,Completed
2428,13842,41719,7225,969,2024-09-10,2,Quality Issue,56650.74,Completed
2429,13842,41720,7225,216,2024-09-10,3,Product Not as Expected,8751.33,Completed
2430,13843,41724,7445,100,2023-05-03,1,Late Delivery,30150.66,Completed
2431,13844,41726,6267,216,2023-08-14,1,Damaged Product,2917.11,Completed
2432,13849,41736,4431,910,2024-08-01,1,Late Delivery,46134.06,Completed
2433,13853,41746,7647,734,2024-08-07,1,Quality Issue,4017.31,Completed
2434,13862,41774,7135,670,2024-10-28,2,Product Not as Expected,104413.36,Completed
2435,13877,41825,3639,137,2024-04-07,1,Size/Fit Issue,55784.74,Completed
2436,13878,41827,248,370,2023-02-22,1,Changed Mind,42652.44,Completed
2437,13879,41833,7495,308,2023-09-28,1,Size/Fit Issue,11798.26,Completed
2438,13880,41840,4263,528,2025-07-02,1,Size/Fit Issue,48686.63,Completed
2439,13882,41843,8601,741,2025-07-13,1,Size/Fit Issue,2272.92,Completed
2440,13884,41847,387,219,2023-11-19,1,Damaged Product,53676.7,Completed
2441,13885,41851,6831,950,2024-04-16,1,Quality Issue,4878.32,Completed
2442,13885,41853,6831,626,2024-04-16,3,Quality Issue,177917.58,Completed
2443,13899,41901,6458,74,2024-12-11,3,Quality Issue,76500.96,Completed
2444,13900,41904,6171,485,2023-06-28,3,Late Delivery,169627.98,Completed
2445,13901,41908,8595,587,2023-09-06,1,Changed Mind,38685.73,Completed
2446,13903,41918,5054,526,2023-09-19,1,Quality Issue,9515.72,Completed
2447,13907,41924,8394,86,2025-05-13,1,Changed Mind,55528.31,Completed
2448,13911,41940,1472,583,2023-01-19,1,Changed Mind,24170.23,Completed
2449,13918,41956,5223,82,2025-03-11,2,Wrong Product,80759.74,Completed
2450,13919,41962,6628,573,2024-04-23,1,Quality Issue,17211.31,Completed
2451,13925,41983,6037,844,2024-03-05,2,Product Not as Expected,63018.32,Completed
2452,13927,41988,4251,223,2025-10-06,1,Size/Fit Issue,8494.22,Completed
2453,13928,41994,2593,649,2023-02-28,3,Product Not as Expected,157397.19,Completed
2454,13935,42016,3853,453,2025-03-13,1,Product Not as Expected,16365.34,Completed
2455,13939,42026,7339,799,2025-05-03,2,Quality Issue,16503.76,Completed
2456,13940,42034,3672,351,2024-05-30,2,Wrong Product,84401.92,Completed
2457,13942,42039,1941,657,2025-09-10,1,Damaged Product,35285.91,Completed
2458,13943,42041,2463,93,2025-03-30,2,Quality Issue,41509.94,Completed
2459,13946,42052,5460,904,2025-10-29,1,Changed Mind,59389.18,Completed
2460,13950,42065,8115,934,2023-07-01,1,Wrong Product,13975.94,Completed
2461,13951,42069,5990,489,2024-08-16,1,Size/Fit Issue,36153.44,Completed
2462,13952,42071,9205,203,2024-02-16,1,Size/Fit Issue,20625.03,Completed
2463,13954,42082,9607,41,2023-04-16,1,Wrong Product,47175.64,Completed
2464,13961,42101,7751,410,2024-12-10,1,Quality Issue,18525.02,Completed
2465,13963,42109,3163,205,2023-10-22,1,Wrong Product,43935.78,Completed
2466,13964,42110,3511,247,2023-02-23,3,Quality Issue,163768.65,Completed
2467,13966,42121,1760,410,2023-04-18,1,Late Delivery,18525.02,Completed
2468,13967,42126,2312,634,2025-03-27,1,Late Delivery,39143.06,Completed
2469,13968,42129,6602,453,2024-03-18,1,Late Delivery,16365.34,Completed
2470,13974,42141,7585,641,2024-05-27,1,Product Not as Expected,12415.84,Completed
2471,13980,42154,5318,838,2024-07-28,1,Damaged Product,67576.45,Completed
2472,13980,42156,5318,634,2024-07-28,1,Damaged Product,39143.06,Completed
2473,13991,42182,9317,910,2025-01-15,1,Changed Mind,46134.06,Completed
2474,14000,42210,4718,751,2023-10-19,1,Product Not as Expected,67959.34,Completed
2475,14003,42220,3053,833,2025-12-09,1,Quality Issue,49984.05,Completed
2476,14019,42267,1703,396,2023-11-06,1,Product Not as Expected,49585.04,Completed
2477,14025,42289,4002,237,2023-01-24,1,Wrong Product,17431.72,Completed
2478,14030,42307,1559,457,2023-09-11,1,Size/Fit Issue,8011.23,Completed
2479,14035,42324,3202,207,2023-10-27,1,Size/Fit Issue,83983.48,Completed
2480,14036,42329,7883,353,2024-10-08,1,Size/Fit Issue,44608.27,Completed
2481,14040,42338,9467,476,2024-05-30,1,Changed Mind,27559.44,Completed
2482,14040,42340,9467,462,2024-05-30,1,Quality Issue,42608.45,Completed
2483,14046,42352,5701,918,2024-10-09,1,Wrong Product,12904.52,Completed
2484,14054,42370,4598,160,2025-11-18,1,Late Delivery,59526.76,Completed
2485,14054,42373,4598,799,2025-11-18,1,Wrong Product,8251.88,Completed
2486,14064,42397,8565,924,2023-04-06,2,Quality Issue,71999.14,Completed
2487,14066,42403,5389,38,2024-07-06,1,Size/Fit Issue,76521.62,Completed
2488,14067,42408,740,773,2023-02-22,2,Size/Fit Issue,21323.66,Completed
2489,14071,42423,6631,508,2024-08-10,2,Size/Fit Issue,132007.4,Completed
2490,14074,42429,4381,439,2024-07-19,5,Product Not as Expected,226639.45,Completed
2491,14098,42505,8322,566,2025-07-28,1,Wrong Product,53985.24,Completed
2492,14101,42513,2083,385,2025-12-16,1,Late Delivery,51195.51,Completed
2493,14103,42521,635,264,2024-10-04,1,Product Not as Expected,975.32,Completed
2494,14104,42527,1316,578,2024-05-24,1,Product Not as Expected,39704.69,Completed
2495,14111,42548,9959,266,2024-07-12,1,Changed Mind,9890.24,Completed
2496,14118,42564,166,456,2024-01-25,1,Changed Mind,39470.43,Completed
2497,14132,42602,532,125,2025-11-10,1,Changed Mind,70030.43,Completed
2498,14140,42625,6564,506,2023-07-01,2,Product Not as Expected,96441.46,Completed
2499,14151,42659,8313,467,2023-07-24,1,Late Delivery,57617.62,Completed
2500,14163,42703,8802,188,2025-02-12,4,Late Delivery,204142.52,Completed
2501,14200,42807,6747,814,2024-10-27,1,Late Delivery,29179.36,Completed
2502,14207,42831,8820,219,2023-06-18,1,Product Not as Expected,53676.7,Completed
2503,14216,42862,1789,918,2023-05-01,1,Wrong Product,12904.52,Completed
2504,14217,42865,356,205,2024-06-07,1,Size/Fit Issue,43935.78,Completed
2505,14222,42882,1206,591,2024-10-30,1,Wrong Product,23915.96,Completed
2506,14223,42884,2604,84,2025-05-15,1,Quality Issue,12692.83,Completed
2507,14224,42887,6482,225,2023-03-11,1,Quality Issue,42762.46,Completed
2508,14229,42894,4708,324,2024-08-29,3,Product Not as Expected,195252.33,Completed
2509,14233,42905,8420,834,2023-05-27,1,Late Delivery,10608.23,Completed
2510,14237,42914,6146,578,2024-04-08,1,Late Delivery,39704.69,Completed
2511,14239,42926,7562,11,2024-12-28,1,Damaged Product,32813.85,Completed
2512,14240,42927,1668,773,2023-10-09,1,Product Not as Expected,10661.83,Completed
2513,14242,42931,1787,394,2023-01-26,3,Changed Mind,127742.43,Completed
2514,14247,42948,7207,10,2023-04-30,2,Quality Issue,5682.44,Completed
2515,14254,42963,5602,194,2024-08-18,1,Changed Mind,15421.35,Completed
2516,14256,42970,8928,219,2025-08-03,1,Changed Mind,53676.7,Completed
2517,14257,42972,7779,47,2023-09-24,2,Damaged Product,66987.26,Completed
2518,14265,42998,3957,764,2025-05-26,1,Damaged Product,48726.1,Completed
2519,14274,43020,9166,147,2025-03-26,3,Size/Fit Issue,54558.33,Completed
2520,14284,43057,4049,801,2023-05-27,1,Wrong Product,72373.34,Completed
2521,14291,43079,7831,924,2023-03-24,1,Size/Fit Issue,35999.57,Completed
2522,14297,43094,5559,2,2024-12-07,1,Late Delivery,76394.93,Completed
2523,14299,43102,4793,658,2025-08-21,2,Late Delivery,34124.4,Completed
2524,14304,43114,3660,278,2023-07-15,1,Damaged Product,32103.08,Completed
2525,14305,43118,9787,698,2024-05-17,1,Size/Fit Issue,36376.6,Completed
2526,14307,43125,2265,273,2024-08-31,1,Size/Fit Issue,58733.95,Completed
2527,14334,43211,7487,532,2023-08-29,3,Damaged Product,180081.87,Completed
2528,14341,43232,9823,396,2025-06-03,1,Damaged Product,49585.04,Completed
2529,14347,43250,6062,523,2023-09-07,2,Size/Fit Issue,39146.16,Completed
2530,14359,43280,8904,214,2024-06-02,1,Wrong Product,17174.56,Completed
2531,14367,43302,9257,982,2024-07-08,1,Damaged Product,39666.28,Completed
2532,14367,43303,9257,31,2024-07-08,3,Damaged Product,15834.6,Completed
2533,14367,43306,9257,23,2024-07-08,1,Quality Issue,4189.77,Completed
2534,14373,43320,2398,754,2024-04-27,1,Damaged Product,10158.79,Completed
2535,14375,43328,1409,64,2023-09-30,1,Late Delivery,12866.2,Completed
2536,14377,43338,6695,237,2023-11-18,1,Damaged Product,17431.72,Completed
2537,14382,43356,2204,94,2025-09-04,1,Late Delivery,17477.85,Completed
2538,14385,43367,3590,70,2024-10-14,1,Late Delivery,34867.93,Completed
2539,14388,43374,1186,834,2024-12-22,1,Quality Issue,10608.23,Completed
2540,14393,43384,691,68,2024-05-10,1,Changed Mind,60685.6,Completed
2541,14393,43387,691,764,2024-05-10,1,Changed Mind,48726.1,Completed
2542,14411,43440,5047,838,2023-01-18,1,Wrong Product,67576.45,Completed
2543,14412,43442,6985,456,2024-08-01,2,Wrong Product,78940.86,Completed
2544,14420,43468,1042,778,2024-04-11,3,Product Not as Expected,254128.77,Completed
2545,14420,43469,1042,830,2024-04-11,1,Wrong Product,2181.3,Completed
2546,14432,43502,142,884,2024-09-13,1,Product Not as Expected,13659.41,Completed
2547,14434,43513,8103,338,2023-06-22,1,Late Delivery,16072.81,Completed
2548,14434,43514,8103,266,2023-06-22,2,Late Delivery,19780.48,Completed
2549,14434,43516,8103,818,2023-06-22,1,Late Delivery,2517.2,Completed
2550,14436,43518,3006,831,2025-09-04,1,Size/Fit Issue,72426.36,Completed
2551,14446,43546,8826,789,2025-03-01,1,Quality Issue,13591.78,Completed
2552,14450,43562,4676,839,2024-12-08,1,Changed Mind,27297.72,Completed
2553,14458,43586,2028,766,2025-12-14,1,Product Not as Expected,48070.39,Completed
2554,14466,43609,2048,119,2025-09-26,1,Changed Mind,62460.8,Completed
2555,14469,43621,4912,41,2024-11-17,1,Changed Mind,47175.64,Completed
2556,14477,43648,4348,214,2023-11-19,1,Changed Mind,17174.56,Completed
2557,14477,43650,4348,869,2023-11-19,1,Late Delivery,27599.74,Completed
2558,14478,43653,3193,465,2023-02-27,1,Quality Issue,54474.14,Completed
2559,14480,43660,3643,274,2023-11-23,1,Changed Mind,45493.53,Completed
2560,14480,43662,3643,193,2023-11-23,1,Quality Issue,87985.05,Completed
2561,14486,43679,486,422,2025-08-30,1,Size/Fit Issue,36577.78,Completed
2562,14486,43680,486,278,2025-08-30,3,Quality Issue,96309.24,Completed
2563,14488,43684,9578,966,2023-12-28,2,Wrong Product,90406.84,Completed
2564,14491,43694,6278,506,2025-08-19,3,Product Not as Expected,144662.19,Completed
2565,14493,43698,5702,278,2023-08-16,1,Late Delivery,32103.08,Completed
2566,14500,43715,2767,734,2023-04-17,1,Changed Mind,4017.31,Completed
2567,14505,43729,2155,572,2024-04-23,2,Damaged Product,33609.12,Completed
2568,14506,43733,893,911,2025-06-27,5,Late Delivery,337288.05,Completed
2569,14512,43751,7669,888,2023-12-11,1,Quality Issue,28122.2,Completed
2570,14517,43770,458,329,2025-07-25,1,Late Delivery,53518.66,Completed
2571,14522,43783,2603,54,2023-04-12,1,Product Not as Expected,83257.08,Completed
2572,14533,43807,5803,801,2024-09-19,1,Wrong Product,72373.34,Completed
2573,14535,43814,2210,510,2025-10-01,1,Changed Mind,50345.66,Completed
2574,14536,43819,8194,281,2024-06-17,1,Product Not as Expected,4708.56,Completed
2575,14536,43820,8194,49,2024-06-17,3,Size/Fit Issue,156957.63,Completed
2576,14542,43841,8857,442,2025-10-21,3,Damaged Product,190393.2,Completed
2577,14542,43844,8857,779,2025-10-21,2,Size/Fit Issue,104001.32,Completed
2578,14543,43847,3379,258,2024-08-06,1,Wrong Product,30912.25,Completed
2579,14543,43850,3379,990,2024-08-06,1,Changed Mind,16191.64,Completed
2580,14554,43869,3009,374,2025-04-20,1,Late Delivery,49935.18,Completed
2581,14556,43874,3845,508,2025-06-10,2,Quality Issue,132007.4,Completed
2582,14559,43883,2140,49,2024-07-18,1,Late Delivery,52319.21,Completed
2583,14560,43885,4377,91,2024-03-28,2,Late Delivery,70263.4,Completed
2584,14561,43888,9464,52,2023-02-21,1,Damaged Product,25266.25,Completed
2585,14566,43900,1036,732,2025-11-29,1,Wrong Product,61153.47,Completed
2586,14574,43923,1241,928,2023-01-08,1,Late Delivery,87525.69,Completed
2587,14574,43924,1241,947,2023-01-08,2,Quality Issue,19373.4,Completed
2588,14577,43938,3448,640,2023-09-15,1,Wrong Product,21322.1,Completed
2589,14580,43944,2286,156,2025-05-01,2,Quality Issue,51065.66,Completed
2590,14585,43963,171,350,2024-09-27,2,Late Delivery,71401.46,Completed
2591,14585,43966,171,523,2024-09-27,3,Damaged Product,58719.24,Completed
2592,14588,43974,8029,344,2024-05-12,3,Quality Issue,12246.03,Completed
2593,14590,43982,1904,48,2024-08-13,1,Late Delivery,24215.99,Completed
2594,14595,43997,5254,86,2024-12-31,1,Size/Fit Issue,55528.31,Completed
2595,14604,44027,4586,387,2025-05-26,1,Damaged Product,52394.46,Completed
2596,14605,44031,8386,698,2025-09-30,1,Changed Mind,36376.6,Completed
2597,14618,44070,7221,891,2023-04-14,1,Size/Fit Issue,31788.05,Completed
2598,14618,44073,7221,962,2023-04-14,1,Size/Fit Issue,27001.15,Completed
2599,14622,44085,4921,657,2023-12-01,2,Wrong Product,70571.82,Completed
2600,14625,44093,1384,859,2023-11-18,1,Damaged Product,51841.08,Completed
2601,14631,44117,3083,539,2025-06-25,1,Changed Mind,59193.59,Completed
2602,14632,44125,1893,994,2025-06-18,2,Quality Issue,110937.2,Completed
2603,14644,44164,3710,804,2025-03-26,4,Quality Issue,262276.12,Completed
2604,14652,44186,4342,665,2024-05-20,2,Late Delivery,21182.98,Completed
2605,14653,44188,1214,607,2023-06-01,1,Quality Issue,4401.63,Completed
2606,14668,44233,6582,251,2024-07-13,1,Changed Mind,27200.0,Completed
2607,14684,44283,696,434,2025-03-15,1,Late Delivery,9458.96,Completed
2608,14687,44290,8632,281,2023-08-24,1,Changed Mind,4708.56,Completed
2609,14691,44309,6532,695,2024-10-04,1,Product Not as Expected,36339.69,Completed
2610,14694,44316,4374,869,2023-09-18,1,Size/Fit Issue,27599.74,Completed
2611,14696,44321,3517,749,2023-08-17,1,Product Not as Expected,36739.73,Completed
2612,14699,44326,4661,681,2023-01-15,1,Product Not as Expected,68806.9,Completed
2613,14701,44333,5704,972,2023-01-27,1,Damaged Product,30308.67,Completed
2614,14705,44345,2805,892,2025-04-22,2,Wrong Product,53815.9,Completed
2615,14706,44351,9510,987,2025-03-30,1,Size/Fit Issue,52051.56,Completed
2616,14709,44359,7290,447,2023-07-03,1,Wrong Product,2781.28,Completed
2617,14710,44362,5975,709,2024-02-15,1,Product Not as Expected,1203.2,Completed
2618,14714,44376,8616,249,2024-09-02,4,Product Not as Expected,197314.48,Completed
2619,14719,44394,2017,456,2024-07-21,2,Size/Fit Issue,78940.86,Completed
2620,14725,44413,8657,878,2023-12-17,1,Late Delivery,81467.72,Completed
2621,14730,44435,6747,2,2023-10-11,1,Quality Issue,76394.93,Completed
2622,14742,44474,5751,479,2023-04-16,2,Quality Issue,2864.14,Completed
2623,14747,44486,7595,962,2025-10-29,1,Product Not as Expected,27001.15,Completed
2624,14755,44504,2342,933,2025-09-03,2,Product Not as Expected,67716.84,Completed
2625,14755,44507,2342,107,2025-09-03,1,Late Delivery,63426.1,Completed
2626,14770,44562,5178,329,2025-12-13,1,Damaged Product,53518.66,Completed
2627,14779,44587,2316,340,2024-03-04,2,Product Not as Expected,107632.36,Completed
2628,14806,44668,6374,2,2025-12-28,1,Changed Mind,76394.93,Completed
2629,14808,44670,8248,422,2023-12-12,3,Wrong Product,109733.34,Completed
2630,14810,44680,912,870,2025-09-12,1,Quality Issue,11548.78,Completed
2631,14820,44705,8711,441,2024-01-06,1,Damaged Product,7558.87,Completed
2632,14820,44706,8711,773,2024-01-06,1,Wrong Product,10661.83,Completed
2633,14836,44759,8812,744,2023-05-26,2,Damaged Product,21476.44,Completed
2634,14839,44766,5722,826,2025-09-24,3,Changed Mind,100787.25,Completed
2635,14839,44767,5722,255,2025-09-24,1,Quality Issue,58340.7,Completed
2636,14839,44768,5722,886,2025-09-24,1,Quality Issue,49335.18,Completed
2637,14840,44769,3304,928,2023-05-06,1,Wrong Product,87525.69,Completed
2638,14850,44801,2728,694,2024-01-19,1,Damaged Product,75656.77,Completed
2639,14857,44825,6115,830,2024-10-22,1,Quality Issue,2181.3,Completed
2640,14857,44827,6115,666,2024-10-22,1,Late Delivery,36905.93,Completed
2641,14861,44840,6811,740,2024-05-29,1,Damaged Product,38333.46,Completed
2642,14865,44848,8868,836,2023-07-15,1,Size/Fit Issue,41004.0,Completed
2643,14866,44850,1615,296,2025-06-24,1,Product Not as Expected,34627.87,Completed
2644,14872,44866,9423,176,2023-12-05,2,Quality Issue,9811.52,Completed
2645,14878,44890,8113,966,2024-04-12,1,Quality Issue,45203.42,Completed
2646,14879,44895,5979,404,2024-11-16,2,Size/Fit Issue,10563.7,Completed
2647,14880,44898,2374,956,2023-08-06,1,Wrong Product,39326.14,Completed
2648,14885,44912,4104,52,2023-07-09,1,Quality Issue,25266.25,Completed
2649,14885,44913,4104,601,2023-07-09,1,Wrong Product,24592.61,Completed
2650,14897,44950,4020,84,2024-12-26,1,Quality Issue,12692.83,Completed
2651,14897,44951,4020,109,2024-12-26,1,Size/Fit Issue,18503.86,Completed
2652,14899,44958,4974,236,2023-07-06,1,Changed Mind,16682.99,Completed
2653,14900,44961,2783,815,2023-06-03,2,Wrong Product,72880.14,Completed
2654,14905,44978,8203,491,2023-11-04,1,Product Not as Expected,51840.67,Completed
2655,14908,44984,1740,643,2025-07-06,1,Late Delivery,15747.23,Completed
2656,14914,44998,533,453,2025-11-24,1,Quality Issue,16365.34,Completed
2657,14915,45004,6098,984,2025-09-09,2,Wrong Product,75126.48,Completed
2658,14915,45005,6098,122,2025-09-09,2,Size/Fit Issue,122932.54,Completed
2659,14916,45007,958,441,2024-06-04,1,Quality Issue,7558.87,Completed
2660,14917,45009,112,839,2023-07-09,1,Product Not as Expected,27297.72,Completed
2661,14919,45015,7930,928,2024-07-28,1,Quality Issue,87525.69,Completed
2662,14922,45024,148,193,2023-04-01,1,Changed Mind,87985.05,Completed
2663,14923,45030,2642,875,2023-11-09,2,Late Delivery,84808.62,Completed
2664,14933,45062,7080,879,2024-11-23,1,Wrong Product,2467.19,Completed
2665,14938,45073,2881,283,2024-11-28,1,Wrong Product,68428.94,Completed
2666,14948,45101,1013,394,2023-04-25,2,Quality Issue,85161.62,Completed
2667,14953,45118,6061,744,2024-05-20,1,Damaged Product,10738.22,Completed
2668,14966,45163,3702,695,2023-11-24,1,Product Not as Expected,36339.69,Completed
2669,14972,45180,925,809,2023-12-11,1,Quality Issue,52993.46,Completed
2670,14983,45211,5673,717,2025-05-24,1,Damaged Product,79658.52,Completed
2671,14994,45240,224,250,2023-07-15,1,Changed Mind,38589.27,Completed
2672,15005,45269,3805,821,2024-05-20,1,Product Not as Expected,38888.0,Completed
2673,15008,45275,8666,78,2025-05-10,1,Late Delivery,40031.47,Completed
2674,15018,45308,9369,969,2025-11-07,1,Changed Mind,28325.37,Completed
2675,15019,45311,5415,482,2025-10-21,1,Size/Fit Issue,55752.77,Completed
2676,15031,45348,9793,878,2025-08-15,3,Product Not as Expected,244403.16,Completed
2677,15035,45354,3130,266,2024-01-21,1,Size/Fit Issue,9890.24,Completed
2678,15035,45356,3130,248,2024-01-21,1,Product Not as Expected,1372.21,Completed
2679,15035,45357,3130,607,2024-01-21,1,Product Not as Expected,4401.63,Completed
2680,15059,45433,3044,990,2025-10-20,1,Changed Mind,16191.64,Completed
2681,15063,45447,8655,728,2024-03-13,1,Size/Fit Issue,72056.51,Completed
2682,15066,45459,5643,131,2025-11-21,1,Size/Fit Issue,72766.86,Completed
2683,15068,45466,2495,46,2024-04-10,3,Product Not as Expected,140549.73,Completed
2684,15085,45526,9419,332,2024-08-28,1,Changed Mind,48366.16,Completed
2685,15086,45529,3984,732,2024-07-30,1,Quality Issue,61153.47,Completed
2686,15090,45549,2714,46,2023-03-02,3,Damaged Product,140549.73,Completed
2687,15105,45593,3440,381,2024-09-24,2,Late Delivery,17232.54,Completed
2688,15106,45595,5645,723,2024-06-01,1,Wrong Product,17748.2,Completed
2689,15107,45598,6460,112,2023-07-12,1,Late Delivery,32609.05,Completed
2690,15107,45599,6460,145,2023-07-12,1,Changed Mind,1006.29,Completed
2691,15108,45601,4579,511,2024-05-09,1,Damaged Product,9011.88,Completed
2692,15111,45610,1109,869,2023-10-09,1,Size/Fit Issue,27599.74,Completed
2693,15113,45616,4761,273,2025-05-24,1,Late Delivery,58733.95,Completed
2694,15116,45628,2071,580,2025-03-04,1,Quality Issue,2770.25,Completed
2695,15116,45629,2071,489,2025-03-04,1,Wrong Product,36153.44,Completed
2696,15133,45673,7695,119,2024-04-21,2,Damaged Product,124921.6,Completed
2697,15140,45695,8994,109,2025-08-25,2,Quality Issue,37007.72,Completed
2698,15150,45727,7335,611,2024-09-13,1,Quality Issue,56897.12,Completed
2699,15151,45729,2142,294,2023-03-01,1,Damaged Product,41899.87,Completed
2700,15161,45762,7821,709,2024-06-28,1,Late Delivery,1203.2,Completed
2701,15161,45763,7821,540,2024-06-28,1,Late Delivery,30838.19,Completed
2702,15163,45771,3218,270,2024-06-03,1,Quality Issue,6830.43,Completed
2703,15172,45802,103,28,2024-09-07,1,Product Not as Expected,16204.3,Completed
2704,15172,45805,103,808,2024-09-07,1,Wrong Product,14621.63,Completed
2705,15176,45817,4930,637,2025-12-19,2,Wrong Product,33646.98,Completed
2706,15180,45827,5387,706,2024-01-20,2,Size/Fit Issue,78246.38,Completed
2707,15192,45866,549,657,2024-01-31,3,Size/Fit Issue,105857.73,Completed
2708,15196,45877,1775,938,2024-04-06,2,Damaged Product,82945.54,Completed
2709,15208,45911,5648,359,2025-11-21,1,Damaged Product,33738.98,Completed
2710,15222,45953,1029,641,2025-01-03,1,Damaged Product,12415.84,Completed
2711,15224,45961,2191,49,2025-01-29,1,Late Delivery,52319.21,Completed
2712,15225,45965,6875,726,2024-06-08,1,Changed Mind,49127.83,Completed
2713,15235,45993,5088,798,2024-01-04,1,Damaged Product,52611.13,Completed
2714,15239,46006,2673,480,2023-02-22,1,Changed Mind,4003.79,Completed
2715,15257,46058,4451,634,2023-07-13,1,Product Not as Expected,39143.06,Completed
2716,15271,46094,5314,711,2023-06-05,1,Damaged Product,71833.53,Completed
2717,15271,46097,5314,88,2023-06-05,1,Quality Issue,47049.95,Completed
2718,15274,46105,8430,182,2023-01-10,1,Damaged Product,3021.26,Completed
2719,15283,46136,3400,573,2024-10-23,1,Late Delivery,17211.31,Completed
2720,15286,46143,1922,900,2023-07-09,1,Quality Issue,10764.09,Completed
2721,15288,46149,3292,528,2023-03-09,3,Damaged Product,146059.89,Completed
2722,15291,46162,967,381,2024-02-16,1,Size/Fit Issue,8616.27,Completed
2723,15295,46171,7886,439,2023-05-26,1,Changed Mind,45327.89,Completed
2724,15297,46178,1876,636,2024-05-29,1,Quality Issue,27784.14,Completed
2725,15297,46179,1876,427,2024-05-29,1,Damaged Product,43138.66,Completed
2726,15301,46192,6799,396,2023-08-15,1,Damaged Product,49585.04,Completed
2727,15315,46233,2772,366,2023-10-28,1,Damaged Product,16256.65,Completed
2728,15319,46247,1104,41,2023-02-03,1,Damaged Product,47175.64,Completed
2729,15330,46276,3767,97,2025-08-23,1,Wrong Product,6899.98,Completed
2730,15330,46277,3767,825,2025-08-23,1,Quality Issue,43980.64,Completed
2731,15335,46293,5458,504,2025-01-31,1,Late Delivery,47351.71,Completed
2732,15346,46331,3834,833,2023-06-11,1,Size/Fit Issue,49984.05,Completed
2733,15350,46341,7757,740,2024-08-25,1,Changed Mind,38333.46,Completed
2734,15364,46378,8986,438,2023-10-24,1,Quality Issue,62279.76,Completed
2735,15371,46396,3294,988,2025-11-16,1,Wrong Product,39079.27,Completed
2736,15379,46420,5648,833,2025-11-20,1,Quality Issue,49984.05,Completed
2737,15385,46437,5210,341,2024-08-28,1,Changed Mind,11306.84,Completed
2738,15385,46440,5210,956,2024-08-28,1,Product Not as Expected,39326.14,Completed
2739,15386,46445,6962,248,2024-07-19,1,Late Delivery,1372.21,Completed
2740,15406,46497,4087,51,2025-11-23,1,Size/Fit Issue,6891.96,Completed
2741,15408,46504,2253,107,2024-02-12,1,Size/Fit Issue,63426.1,Completed
2742,15410,46510,3222,79,2025-09-05,1,Size/Fit Issue,21745.39,Completed
2743,15413,46516,4111,940,2023-01-23,2,Changed Mind,2966.36,Completed
2744,15415,46522,2846,187,2024-10-13,1,Quality Issue,11139.84,Completed
2745,15418,46531,4170,883,2024-05-23,1,Damaged Product,70912.74,Completed
2746,15421,46541,5687,236,2023-07-05,3,Changed Mind,50048.97,Completed
2747,15429,46559,1283,824,2024-03-25,5,Changed Mind,132436.85,Completed
2748,15432,46571,1861,483,2024-11-09,1,Damaged Product,81445.06,Completed
2749,15435,46578,5260,7,2025-07-15,2,Damaged Product,71686.7,Completed
2750,15439,46591,823,617,2024-11-17,1,Size/Fit Issue,37738.08,Completed
2751,15461,46651,85,734,2024-09-29,2,Changed Mind,8034.62,Completed
2752,15467,46665,3784,834,2024-11-12,1,Product Not as Expected,10608.23,Completed
2753,15471,46673,5722,237,2025-11-23,1,Late Delivery,17431.72,Completed
2754,15472,46678,1427,107,2024-09-21,2,Changed Mind,126852.2,Completed
2755,15480,46698,3114,35,2024-01-31,3,Size/Fit Issue,83863.89,Completed
2756,15494,46754,7192,203,2025-04-22,1,Late Delivery,20625.03,Completed
2757,15496,46760,9466,237,2025-01-29,1,Late Delivery,17431.72,Completed
2758,15498,46767,7959,248,2024-08-27,1,Size/Fit Issue,1372.21,Completed
2759,15503,46782,6366,994,2023-09-10,1,Late Delivery,55468.6,Completed
2760,15508,46804,9472,657,2024-12-04,1,Quality Issue,35285.91,Completed
2761,15510,46812,6057,885,2025-06-09,1,Size/Fit Issue,57502.27,Completed
2762,15511,46817,9262,512,2023-11-19,1,Changed Mind,8128.02,Completed
2763,15520,46845,1458,237,2025-01-02,1,Late Delivery,17431.72,Completed
2764,15532,46883,7938,592,2023-10-06,1,Product Not as Expected,8207.23,Completed
2765,15537,46898,4315,192,2024-08-02,1,Late Delivery,52336.65,Completed
2766,15540,46906,6648,888,2025-11-04,1,Product Not as Expected,28122.2,Completed
2767,15547,46927,9609,497,2024-09-14,1,Product Not as Expected,52092.41,Completed
2768,15552,46939,3304,273,2024-11-29,1,Late Delivery,58733.95,Completed
2769,15555,46947,6225,129,2024-08-23,1,Wrong Product,55203.8,Completed
2770,15563,46960,9385,900,2023-08-11,1,Quality Issue,10764.09,Completed
2771,15577,47005,1280,362,2023-12-17,2,Quality Issue,64162.44,Completed
2772,15579,47011,2621,657,2023-02-27,1,Product Not as Expected,35285.91,Completed
2773,15590,47040,2134,950,2025-12-25,1,Late Delivery,4878.32,Completed
2774,15594,47051,3629,453,2025-08-15,1,Size/Fit Issue,16365.34,Completed
2775,15605,47091,9978,102,2025-08-04,2,Changed Mind,83339.76,Completed
2776,15618,47127,2004,448,2024-10-20,1,Damaged Product,37758.23,Completed
2777,15631,47163,1163,838,2024-08-21,1,Wrong Product,67576.45,Completed
2778,15648,47217,2708,182,2023-06-15,1,Size/Fit Issue,3021.26,Completed
2779,15681,47305,1057,962,2023-10-26,2,Late Delivery,54002.3,Completed
2780,15683,47312,9661,85,2023-10-30,1,Size/Fit Issue,69709.2,Completed
2781,15687,47327,5758,766,2023-12-04,1,Changed Mind,48070.39,Completed
2782,15690,47336,1635,779,2023-12-06,2,Quality Issue,104001.32,Completed
2783,15694,47348,6167,924,2024-02-24,1,Late Delivery,35999.57,Completed
2784,15696,47356,1162,589,2023-02-08,1,Size/Fit Issue,60461.14,Completed
2785,15698,47362,7700,258,2025-10-29,1,Changed Mind,30912.25,Completed
2786,15707,47387,8558,927,2023-03-30,3,Changed Mind,9258.09,Completed
2787,15710,47398,9649,971,2023-07-02,2,Size/Fit Issue,23946.04,Completed
2788,15723,47438,8534,771,2023-12-05,1,Product Not as Expected,61602.81,Completed
2789,15729,47460,4609,459,2025-01-14,1,Damaged Product,17613.31,Completed
2790,15730,47463,3485,364,2025-11-20,1,Product Not as Expected,24544.71,Completed
2791,15732,47470,8353,274,2023-02-01,2,Wrong Product,90987.06,Completed
2792,15733,47472,5620,378,2023-03-06,1,Damaged Product,64060.45,Completed
2793,15737,47489,7943,236,2023-01-08,1,Wrong Product,16682.99,Completed
2794,15742,47506,4036,590,2024-10-10,2,Changed Mind,64971.26,Completed
2795,15747,47518,1260,886,2023-02-11,3,Changed Mind,148005.54,Completed
2796,15767,47563,5371,871,2023-02-16,1,Size/Fit Issue,12164.93,Completed
2797,15790,47627,9009,390,2025-03-30,1,Changed Mind,58992.99,Completed
2798,15792,47635,5737,674,2025-06-25,1,Size/Fit Issue,44208.19,Completed
2799,15794,47643,5668,295,2023-03-26,2,Product Not as Expected,20437.02,Completed
2800,15795,47647,9142,956,2024-12-29,1,Size/Fit Issue,39326.14,Completed
2801,15797,47649,3972,16,2024-06-04,2,Damaged Product,148701.5,Completed
2802,15799,47658,9617,871,2023-03-08,4,Damaged Product,48659.72,Completed
2803,15804,47676,5669,483,2025-04-04,1,Wrong Product,81445.06,Completed
2804,15821,47719,780,273,2023-11-09,1,Product Not as Expected,58733.95,Completed
2805,15828,47741,210,551,2025-09-04,1,Size/Fit Issue,40569.11,Completed
2806,15837,47763,812,938,2023-01-10,1,Wrong Product,41472.77,Completed
2807,15842,47780,3422,388,2025-01-12,1,Late Delivery,31725.59,Completed
2808,15844,47787,5246,253,2023-04-11,1,Late Delivery,58300.25,Completed
2809,15845,47793,324,116,2023-02-05,1,Product Not as Expected,84644.25,Completed
2810,15852,47815,9149,488,2025-11-18,1,Damaged Product,10814.51,Completed
2811,15862,47843,6559,712,2024-03-01,1,Wrong Product,7038.7,Completed
2812,15864,47849,1887,887,2024-09-28,1,Late Delivery,31901.21,Completed
2813,15866,47855,6797,31,2023-08-18,1,Late Delivery,5278.2,Completed
2814,15878,47895,2895,396,2024-05-21,1,Late Delivery,49585.04,Completed
2815,15887,47920,8990,572,2025-03-20,3,Product Not as Expected,50413.68,Completed
2816,15890,47925,1868,859,2025-06-27,2,Product Not as Expected,103682.16,Completed
2817,15890,47927,1868,49,2025-06-27,1,Late Delivery,52319.21,Completed
2818,15898,47946,2340,411,2023-01-29,1,Changed Mind,7771.15,Completed
2819,15901,47954,3972,591,2023-05-13,1,Damaged Product,23915.96,Completed
2820,15901,47956,3972,89,2023-05-13,1,Changed Mind,61030.45,Completed
2821,15903,47959,2437,728,2025-08-31,1,Damaged Product,72056.51,Completed
2822,15910,47981,9878,321,2024-11-24,1,Damaged Product,64212.74,Completed
2823,15916,48000,9557,273,2025-02-04,2,Product Not as Expected,117467.9,Completed
2824,15917,48001,3894,819,2023-12-31,2,Damaged Product,92995.16,Completed
2825,15917,48002,3894,602,2023-12-31,4,Damaged Product,120584.8,Completed
2826,15919,48013,3353,274,2025-07-19,1,Size/Fit Issue,45493.53,Completed
2827,15924,48030,3851,680,2023-07-23,1,Product Not as Expected,66428.17,Completed
2828,15927,48039,1389,791,2024-09-25,1,Late Delivery,64416.91,Completed
2829,15934,48062,5217,573,2023-08-01,1,Late Delivery,17211.31,Completed
2830,15950,48101,8751,286,2024-11-27,2,Late Delivery,140236.32,Completed
2831,15950,48103,8751,849,2024-11-27,1,Quality Issue,69886.49,Completed
2832,15961,48137,2194,449,2025-02-02,1,Product Not as Expected,51653.16,Completed
2833,15963,48144,9074,118,2025-02-24,1,Wrong Product,40481.81,Completed
2834,15973,48168,6356,131,2025-08-28,2,Size/Fit Issue,145533.72,Completed
2835,15973,48170,6356,462,2025-08-28,3,Damaged Product,127825.35,Completed
2836,15980,48194,5245,990,2023-11-15,1,Quality Issue,16191.64,Completed
2837,15984,48206,4550,820,2023-04-29,1,Damaged Product,41957.83,Completed
2838,15989,48226,3050,702,2024-02-23,2,Product Not as Expected,95430.52,Completed
2839,15994,48238,5621,503,2024-11-26,1,Late Delivery,59379.17,Completed
2840,16000,48257,5452,314,2025-07-30,3,Damaged Product,55991.52,Completed
2841,16001,48260,1415,220,2024-11-15,1,Changed Mind,22042.27,Completed
2842,16005,48277,6172,649,2025-12-09,2,Product Not as Expected,104931.46,Completed
2843,16008,48284,8862,853,2023-09-30,2,Size/Fit Issue,72298.48,Completed
2844,16011,48296,8322,718,2023-08-05,1,Changed Mind,74041.38,Completed
2845,16012,48298,4574,920,2025-08-08,2,Wrong Product,68442.12,Completed
2846,16016,48309,1898,175,2025-08-10,1,Product Not as Expected,39232.57,Completed
2847,16019,48316,4737,422,2025-04-08,1,Damaged Product,36577.78,Completed
2848,16024,48331,813,576,2024-10-24,4,Size/Fit Issue,249674.56,Completed
2849,16038,48378,9063,645,2023-04-29,1,Wrong Product,23430.55,Completed
2850,16042,48388,7293,239,2023-10-08,1,Size/Fit Issue,2561.84,Completed
2851,16060,48447,4361,597,2025-02-21,1,Damaged Product,15767.69,Completed
2852,16062,48453,7984,518,2023-02-04,1,Product Not as Expected,6573.06,Completed
2853,16064,48463,4465,764,2025-04-26,3,Changed Mind,146178.3,Completed
2854,16073,48488,8846,467,2025-09-21,1,Late Delivery,57617.62,Completed
2855,16077,48500,419,174,2023-07-17,1,Quality Issue,27857.23,Completed
2856,16078,48502,9743,216,2025-08-20,2,Quality Issue,5834.22,Completed
2857,16088,48530,9068,216,2023-04-02,1,Changed Mind,2917.11,Completed
2858,16095,48549,4332,2,2024-05-17,1,Wrong Product,76394.93,Completed
2859,16111,48599,2899,10,2025-10-28,4,Quality Issue,11364.88,Completed
2860,16112,48605,3545,605,2023-05-05,1,Changed Mind,28301.75,Completed
2861,16123,48629,2913,302,2024-08-24,1,Wrong Product,12582.3,Completed
2862,16124,48636,7407,795,2025-12-30,1,Size/Fit Issue,316.29,Completed
2863,16132,48663,1484,366,2023-09-25,1,Late Delivery,16256.65,Completed
2864,16144,48687,9076,2,2025-05-30,2,Damaged Product,152789.86,Completed
2865,16146,48695,3138,566,2023-03-07,2,Changed Mind,107970.48,Completed
2866,16147,48696,5972,886,2025-03-07,1,Late Delivery,49335.18,Completed
2867,16157,48718,4937,833,2023-06-18,1,Wrong Product,49984.05,Completed
2868,16169,48757,3023,536,2024-03-15,1,Product Not as Expected,64629.73,Completed
2869,16180,48784,4977,258,2023-09-06,1,Wrong Product,30912.25,Completed
2870,16182,48791,9305,526,2025-09-16,1,Damaged Product,9515.72,Completed
2871,16189,48801,2080,208,2024-12-24,1,Quality Issue,53391.84,Completed
2872,16198,48821,756,971,2025-01-25,1,Late Delivery,11973.02,Completed
2873,16208,48854,1141,712,2023-11-09,1,Wrong Product,7038.7,Completed
2874,16210,48864,987,820,2023-03-27,1,Late Delivery,41957.83,Completed
2875,16212,48868,8489,636,2023-01-22,2,Damaged Product,55568.28,Completed
2876,16212,48871,8489,383,2023-01-22,3,Size/Fit Issue,112715.22,Completed
2877,16215,48878,3722,888,2023-01-02,1,Wrong Product,28122.2,Completed
2878,16217,48888,2617,651,2024-10-05,1,Wrong Product,58787.12,Completed
2879,16220,48897,7656,878,2023-04-22,1,Late Delivery,81467.72,Completed
2880,16221,48900,7731,723,2024-04-06,1,Damaged Product,17748.2,Completed
2881,16225,48911,1414,240,2023-09-22,1,Size/Fit Issue,14499.05,Completed
2882,16225,48912,1414,604,2023-09-22,1,Quality Issue,36921.48,Completed
2883,16230,48926,9523,566,2024-03-14,2,Changed Mind,107970.48,Completed
2884,16232,48935,6620,536,2024-12-18,1,Quality Issue,64629.73,Completed
2885,16261,49005,7773,566,2024-08-25,1,Changed Mind,53985.24,Completed
2886,16266,49017,2689,525,2025-04-25,1,Product Not as Expected,64720.45,Completed
2887,16272,49039,9712,422,2024-12-21,2,Size/Fit Issue,73155.56,Completed
2888,16277,49055,6817,329,2024-02-11,4,Size/Fit Issue,214074.64,Completed
2889,16278,49057,5050,590,2025-12-24,1,Late Delivery,32485.63,Completed
2890,16284,49072,2216,923,2024-08-06,1,Quality Issue,3340.47,Completed
2891,16298,49107,4285,395,2025-06-14,1,Changed Mind,32399.17,Completed
2892,16305,49129,288,620,2025-11-11,2,Product Not as Expected,124557.42,Completed
2893,16311,49141,8577,328,2025-06-20,3,Late Delivery,213381.78,Completed
2894,16342,49240,7433,509,2024-06-06,1,Changed Mind,19248.16,Completed
2895,16359,49285,279,169,2023-08-13,1,Product Not as Expected,48368.89,Completed
2896,16361,49291,7959,742,2024-08-25,1,Product Not as Expected,47022.51,Completed
2897,16362,49294,4620,91,2024-06-01,1,Size/Fit Issue,35131.7,Completed
2898,16368,49321,4316,556,2024-02-22,1,Size/Fit Issue,69103.21,Completed
2899,16374,49342,8584,649,2024-11-21,1,Size/Fit Issue,52465.73,Completed
2900,16407,49440,3631,119,2025-11-19,1,Size/Fit Issue,62460.8,Completed
2901,16409,49449,9971,947,2025-06-19,4,Late Delivery,38746.8,Completed
2902,16409,49450,9971,510,2025-06-19,2,Changed Mind,100691.32,Completed
2903,16410,49451,4492,846,2023-02-27,1,Changed Mind,21886.79,Completed
2904,16414,49459,2391,215,2024-05-22,1,Damaged Product,15687.88,Completed
2905,16441,49539,812,773,2025-12-11,1,Wrong Product,10661.83,Completed
2906,16441,49540,812,657,2025-12-11,2,Late Delivery,70571.82,Completed
2907,16443,49547,1039,574,2023-10-24,3,Late Delivery,24443.64,Completed
2908,16451,49568,1115,727,2025-08-11,1,Quality Issue,45186.84,Completed
2909,16458,49586,5359,952,2025-04-20,1,Quality Issue,69658.09,Completed
2910,16465,49613,7174,295,2025-04-10,1,Late Delivery,10218.51,Completed
2911,16470,49620,3554,956,2025-04-25,1,Quality Issue,39326.14,Completed
2912,16483,49655,7488,994,2024-03-17,4,Changed Mind,221874.4,Completed
2913,16484,49659,8202,208,2025-07-13,2,Product Not as Expected,106783.68,Completed
2914,16484,49660,8202,115,2025-07-13,1,Quality Issue,15951.35,Completed
2915,16487,49671,2979,687,2025-03-21,1,Product Not as Expected,5733.29,Completed
2916,16499,49696,9501,394,2024-10-10,1,Product Not as Expected,42580.81,Completed
2917,16516,49747,4337,433,2025-06-17,1,Damaged Product,47430.05,Completed
2918,16516,49748,4337,62,2025-06-17,3,Changed Mind,193365.12,Completed
2919,16522,49763,9010,523,2024-07-20,1,Damaged Product,19573.08,Completed
2920,16533,49805,1304,102,2024-03-06,1,Changed Mind,41669.88,Completed
2921,16547,49839,427,480,2025-11-20,2,Quality Issue,8007.58,Completed
2922,16554,49865,2558,891,2025-05-19,2,Quality Issue,63576.1,Completed
2923,16560,49892,7064,772,2024-07-14,1,Damaged Product,1458.8,Completed
2924,16564,49898,801,481,2023-12-15,5,Late Delivery,156699.75,Completed
2925,16565,49899,2168,437,2024-08-15,1,Late Delivery,26161.89,Completed
2926,16565,49902,2168,433,2024-08-15,1,Product Not as Expected,47430.05,Completed
2927,16576,49929,5095,993,2024-02-23,2,Late Delivery,110248.86,Completed
2928,16583,49941,7290,86,2024-06-09,3,Product Not as Expected,166584.93,Completed
2929,16589,49955,4657,928,2025-08-23,1,Wrong Product,87525.69,Completed
2930,16598,49987,8884,147,2024-09-23,1,Late Delivery,18186.11,Completed
2931,16598,49988,8884,70,2024-09-23,1,Late Delivery,34867.93,Completed
2932,16600,49994,9681,662,2024-11-28,1,Product Not as Expected,43228.98,Completed
2933,16606,50011,501,197,2024-03-02,1,Wrong Product,18177.19,Completed
2934,16607,50013,341,702,2024-03-08,1,Changed Mind,47715.26,Completed
2935,16611,50023,7351,62,2023-09-20,1,Wrong Product,64455.04,Completed
2936,16620,50054,14,52,2024-12-01,1,Wrong Product,25266.25,Completed
2937,16623,50063,7524,54,2025-12-06,1,Product Not as Expected,83257.08,Completed
2938,16626,50074,6225,573,2024-10-17,1,Product Not as Expected,17211.31,Completed
2939,16632,50093,6150,119,2025-08-19,1,Damaged Product,62460.8,Completed
2940,16642,50122,7847,990,2025-04-20,1,Damaged Product,16191.64,Completed
2941,16650,50149,9190,272,2025-09-29,1,Product Not as Expected,45080.96,Completed
2942,16651,50156,954,445,2025-08-18,1,Wrong Product,56192.08,Completed
2943,16654,50167,7329,310,2025-11-04,1,Size/Fit Issue,56308.84,Completed
2944,16667,50203,8973,105,2023-08-29,2,Size/Fit Issue,27648.62,Completed
2945,16673,50220,4614,872,2023-07-24,1,Changed Mind,57660.72,Completed
2946,16675,50223,2034,982,2024-04-28,1,Changed Mind,39666.28,Completed
2947,16676,50229,1965,984,2023-06-30,1,Size/Fit Issue,37563.24,Completed
2948,16679,50238,5843,983,2025-08-23,4,Late Delivery,252778.32,Completed
2949,16685,50259,718,729,2025-09-03,1,Changed Mind,50404.4,Completed
2950,16687,50266,3086,160,2025-01-29,1,Changed Mind,59526.76,Completed
2951,16698,50295,9562,10,2024-08-10,1,Damaged Product,2841.22,Completed
2952,16701,50304,8463,390,2025-03-28,2,Damaged Product,117985.98,Completed
2953,16709,50327,4749,214,2024-08-31,1,Product Not as Expected,17174.56,Completed
2954,16716,50342,7969,928,2023-06-26,1,Wrong Product,87525.69,Completed
2955,16721,50359,5592,358,2024-02-24,1,Wrong Product,43775.04,Completed
2956,16723,50363,6992,821,2025-06-11,1,Size/Fit Issue,38888.0,Completed
2957,16732,50390,200,57,2023-07-22,1,Changed Mind,54715.65,Completed
2958,16739,50409,417,422,2023-12-01,1,Late Delivery,36577.78,Completed
2959,16745,50427,6927,528,2025-06-17,1,Wrong Product,48686.63,Completed
2960,16751,50444,3200,723,2025-12-27,2,Product Not as Expected,35496.4,Completed
2961,16754,50451,2136,988,2024-01-05,1,Product Not as Expected,39079.27,Completed
2962,16757,50461,6535,932,2025-04-10,1,Late Delivery,53678.69,Completed
2963,16763,50482,5941,376,2024-03-23,1,Late Delivery,63521.81,Completed
2964,16765,50488,2815,133,2023-07-04,1,Damaged Product,12468.39,Completed
2965,16767,50497,7680,591,2023-06-26,2,Wrong Product,47831.92,Completed
2966,16788,50563,7326,641,2023-10-14,1,Wrong Product,12415.84,Completed
2967,16801,50605,9089,603,2025-04-06,1,Wrong Product,3198.92,Completed
2968,16806,50614,9879,721,2024-03-18,1,Late Delivery,56611.31,Completed
2969,16806,50616,9879,199,2024-03-18,1,Product Not as Expected,54868.54,Completed
2970,16813,50635,9426,501,2024-06-03,1,Size/Fit Issue,7509.52,Completed
2971,16818,50647,7399,506,2025-04-13,2,Product Not as Expected,96441.46,Completed
2972,16821,50657,8587,1000,2023-08-20,2,Changed Mind,70587.52,Completed
2973,16825,50671,1021,160,2024-01-27,2,Wrong Product,119053.52,Completed
2974,16832,50690,5956,2,2025-11-23,1,Changed Mind,76394.93,Completed
2975,16836,50704,7994,777,2023-10-10,1,Product Not as Expected,35950.07,Completed
2976,16839,50710,3521,263,2024-12-12,1,Changed Mind,73307.77,Completed
2977,16851,50749,9188,429,2023-02-23,1,Product Not as Expected,13493.42,Completed
2978,16858,50770,4660,763,2024-12-27,1,Quality Issue,54370.13,Completed
2979,16858,50771,4660,883,2024-12-27,1,Damaged Product,70912.74,Completed
2980,16863,50792,1831,207,2025-05-07,1,Late Delivery,83983.48,Completed
2981,16866,50803,3223,422,2025-12-14,2,Quality Issue,73155.56,Completed
2982,16867,50805,3038,178,2025-05-26,1,Product Not as Expected,11810.77,Completed
2983,16870,50817,3437,479,2024-05-14,2,Late Delivery,2864.14,Completed
2984,16873,50829,2155,933,2025-06-18,2,Damaged Product,67716.84,Completed
2985,16875,50835,7152,30,2025-12-19,1,Size/Fit Issue,71072.0,Completed
2986,16877,50837,8326,920,2025-10-28,1,Quality Issue,34221.06,Completed
2987,16877,50838,8326,846,2025-10-28,2,Late Delivery,43773.58,Completed
2988,16900,50904,3970,702,2025-04-25,1,Quality Issue,47715.26,Completed
2989,16903,50915,528,525,2023-12-19,1,Product Not as Expected,64720.45,Completed
2990,16907,50925,283,131,2024-08-24,2,Damaged Product,145533.72,Completed
2991,16910,50936,1344,351,2023-07-25,3,Late Delivery,126602.88,Completed
2992,16926,50988,26,861,2025-08-23,1,Wrong Product,71207.64,Completed
2993,16933,51009,3036,821,2024-06-20,1,Wrong Product,38888.0,Completed
2994,16934,51014,8093,883,2025-10-27,1,Damaged Product,70912.74,Completed
2995,16951,51057,540,698,2025-01-10,1,Quality Issue,36376.6,Completed
2996,16954,51070,113,412,2024-11-01,1,Damaged Product,30381.43,Completed
2997,16969,51104,9499,22,2024-02-15,2,Size/Fit Issue,36754.56,Completed
2998,16979,51134,7228,144,2024-10-06,1,Product Not as Expected,40469.54,Completed
2999,16982,51144,2874,49,2023-11-10,1,Damaged Product,52319.21,Completed
3000,17001,51191,7372,461,2025-03-27,1,Changed Mind,57237.0,Completed
3001,17001,51193,7372,998,2025-03-27,1,Damaged Product,15593.9,Completed
3002,17014,51228,2327,329,2025-08-05,1,Product Not as Expected,53518.66,Completed
3003,17019,51249,7274,329,2025-09-03,1,Wrong Product,53518.66,Completed
3004,17021,51256,8911,824,2023-05-01,1,Changed Mind,26487.37,Completed
3005,17022,51257,5579,972,2023-05-18,3,Damaged Product,90926.01,Completed
3006,17030,51283,7243,377,2023-08-25,3,Quality Issue,115962.87,Completed
3007,17039,51313,6195,566,2024-07-24,1,Changed Mind,53985.24,Completed
3008,17050,51349,8882,160,2025-03-27,1,Damaged Product,59526.76,Completed
3009,17062,51392,2799,205,2023-12-18,1,Size/Fit Issue,43935.78,Completed
3010,17068,51410,9949,495,2025-08-06,1,Wrong Product,36707.82,Completed
3011,17073,51430,727,251,2025-10-01,1,Changed Mind,27200.0,Completed
3012,17074,51435,6570,528,2024-12-07,1,Product Not as Expected,48686.63,Completed
3013,17083,51456,6997,836,2023-06-20,1,Changed Mind,41004.0,Completed
3014,17088,51475,4046,524,2024-09-29,1,Damaged Product,34964.18,Completed
3015,17088,51477,4046,855,2024-09-29,1,Late Delivery,50092.69,Completed
3016,17101,51518,7573,770,2024-09-25,1,Size/Fit Issue,2588.75,Completed
3017,17110,51540,8306,43,2024-08-01,3,Damaged Product,134782.29,Completed
3018,17120,51570,581,823,2025-10-07,2,Wrong Product,30138.18,Completed
3019,17125,51583,5723,453,2024-11-13,1,Size/Fit Issue,16365.34,Completed
3020,17128,51594,1042,439,2023-02-18,1,Damaged Product,45327.89,Completed
3021,17136,51622,9697,68,2024-12-14,1,Wrong Product,60685.6,Completed
3022,17138,51628,4771,790,2025-09-05,1,Product Not as Expected,60122.61,Completed
3023,17139,51630,4720,294,2023-10-05,1,Wrong Product,41899.87,Completed
3024,17141,51642,8457,258,2024-08-27,1,Late Delivery,30912.25,Completed
3025,17142,51645,9184,678,2025-11-09,1,Product Not as Expected,49387.32,Completed
3026,17145,51651,6794,48,2025-04-04,1,Product Not as Expected,24215.99,Completed
3027,17146,51654,1576,231,2024-02-17,1,Quality Issue,21715.73,Completed
3028,17156,51679,4807,268,2025-07-28,2,Product Not as Expected,153443.04,Completed
3029,17184,51761,7411,892,2025-12-20,1,Wrong Product,26907.95,Completed
3030,17185,51765,9309,834,2024-02-26,3,Size/Fit Issue,31824.69,Completed
3031,17187,51774,9452,214,2024-10-14,1,Quality Issue,17174.56,Completed
3032,17190,51781,5310,842,2023-07-30,1,Size/Fit Issue,9424.2,Completed
3033,17191,51783,1631,641,2023-08-10,1,Late Delivery,12415.84,Completed
3034,17191,51786,1631,70,2023-08-10,1,Late Delivery,34867.93,Completed
3035,17191,51787,1631,934,2023-08-10,1,Size/Fit Issue,13975.94,Completed
3036,17193,51793,2575,78,2024-10-01,1,Quality Issue,40031.47,Completed
3037,17195,51800,6938,519,2024-05-15,1,Damaged Product,15440.83,Completed
3038,17197,51808,3257,370,2025-05-20,1,Size/Fit Issue,42652.44,Completed
3039,17206,51829,1678,427,2025-10-13,1,Wrong Product,43138.66,Completed
3040,17211,51850,8063,776,2025-07-19,1,Product Not as Expected,26241.11,Completed
3041,17221,51875,729,499,2024-03-20,2,Changed Mind,58053.78,Completed
3042,17224,51885,9349,442,2025-10-05,2,Size/Fit Issue,126928.8,Completed
3043,17225,51887,3588,196,2025-01-14,1,Size/Fit Issue,35740.62,Completed
3044,17238,51927,1638,905,2023-10-04,1,Changed Mind,34121.05,Completed
3045,17239,51933,6073,513,2023-12-07,1,Wrong Product,282.11,Completed
3046,17243,51946,4455,135,2023-01-29,1,Changed Mind,54446.43,Completed
3047,17247,51958,9537,522,2025-04-27,1,Late Delivery,7220.86,Completed
3048,17248,51964,4458,631,2025-08-19,1,Wrong Product,16754.77,Completed
3049,17259,51998,4419,468,2025-01-17,1,Quality Issue,31010.39,Completed
3050,17261,52004,5443,351,2024-03-24,1,Damaged Product,42200.96,Completed
3051,17264,52013,5229,559,2023-01-06,1,Damaged Product,46321.8,Completed
3052,17265,52018,2787,440,2023-08-22,1,Damaged Product,53089.24,Completed
3053,17268,52026,5326,575,2025-01-11,3,Size/Fit Issue,141379.05,Completed
3054,17273,52046,2134,2,2023-05-16,1,Size/Fit Issue,76394.93,Completed
3055,17274,52048,1511,14,2023-03-24,2,Changed Mind,50372.34,Completed
3056,17283,52069,2857,928,2023-06-30,1,Damaged Product,87525.69,Completed
3057,17286,52079,9348,825,2024-12-17,1,Size/Fit Issue,43980.64,Completed
3058,17299,52118,5800,291,2023-09-20,1,Size/Fit Issue,65760.73,Completed
3059,17304,52128,1806,278,2025-07-19,2,Size/Fit Issue,64206.16,Completed
3060,17311,52146,6710,921,2024-08-08,2,Wrong Product,48963.28,Completed
3061,17311,52147,6710,451,2024-08-08,1,Size/Fit Issue,17488.8,Completed
3062,17320,52180,3182,535,2023-11-03,1,Late Delivery,41797.84,Completed
3063,17328,52207,3162,798,2024-04-03,1,Damaged Product,52611.13,Completed
3064,17342,52243,9486,294,2025-10-23,3,Damaged Product,125699.61,Completed
3065,17355,52280,9480,728,2024-06-02,1,Quality Issue,72056.51,Completed
3066,17370,52321,9100,996,2025-07-17,1,Wrong Product,43007.78,Completed
3067,17377,52337,2667,188,2024-11-04,1,Wrong Product,51035.63,Completed
3068,17390,52375,1839,776,2023-09-30,1,Late Delivery,26241.11,Completed
3069,17404,52414,8509,353,2024-06-25,1,Size/Fit Issue,44608.27,Completed
3070,17415,52453,2695,694,2023-05-10,2,Late Delivery,151313.54,Completed
3071,17416,52460,2278,634,2025-12-25,1,Damaged Product,39143.06,Completed
3072,17426,52488,6134,512,2025-10-08,2,Size/Fit Issue,16256.04,Completed
3073,17434,52514,7343,10,2024-07-11,1,Changed Mind,2841.22,Completed
3074,17449,52559,6035,137,2023-09-05,2,Quality Issue,111569.48,Completed
3075,17450,52561,1306,2,2024-03-29,2,Product Not as Expected,152789.86,Completed
3076,17454,52575,3740,933,2025-01-03,1,Quality Issue,33858.42,Completed
3077,17454,52577,3740,641,2025-01-03,1,Damaged Product,12415.84,Completed
3078,17476,52645,6401,328,2024-10-30,1,Wrong Product,71127.26,Completed
3079,17487,52683,2309,650,2025-06-18,1,Wrong Product,42833.78,Completed
3080,17494,52710,8186,219,2025-11-02,1,Changed Mind,53676.7,Completed
3081,17495,52715,2143,301,2023-03-13,2,Wrong Product,4203.94,Completed
3082,17501,52740,5649,451,2024-09-08,2,Product Not as Expected,34977.6,Completed
3083,17502,52744,6440,177,2025-06-25,1,Size/Fit Issue,55232.52,Completed
3084,17516,52781,4348,920,2024-04-07,1,Size/Fit Issue,34221.06,Completed
3085,17517,52782,2047,947,2023-04-11,2,Wrong Product,19373.4,Completed
3086,17518,52785,7804,124,2024-04-01,1,Changed Mind,32253.1,Completed
3087,17520,52795,8822,727,2023-09-29,1,Changed Mind,45186.84,Completed
3088,17531,52826,1322,461,2025-09-21,1,Late Delivery,57237.0,Completed
3089,17532,52830,3990,294,2025-03-25,1,Quality Issue,41899.87,Completed
3090,17540,52849,9157,539,2024-08-04,1,Wrong Product,59193.59,Completed
3091,17543,52856,2881,652,2025-09-30,1,Changed Mind,44850.32,Completed
3092,17545,52863,2548,928,2025-03-05,4,Damaged Product,350102.76,Completed
3093,17551,52876,6028,518,2023-11-01,2,Size/Fit Issue,13146.12,Completed
3094,17557,52896,6138,135,2025-05-05,1,Late Delivery,54446.43,Completed
3095,17559,52905,948,833,2023-04-10,1,Wrong Product,49984.05,Completed
3096,17560,52908,3719,427,2024-11-09,2,Changed Mind,86277.32,Completed
3097,17563,52916,2387,520,2023-11-28,1,Product Not as Expected,49223.86,Completed
3098,17566,52927,8604,479,2025-01-22,1,Size/Fit Issue,1432.07,Completed
3099,17568,52929,5825,574,2024-12-21,1,Size/Fit Issue,8147.88,Completed
3100,17573,52947,507,649,2025-09-20,1,Product Not as Expected,52465.73,Completed
3101,17588,52989,5975,554,2023-08-01,1,Wrong Product,25698.87,Completed
3102,17589,52992,9304,759,2025-02-19,2,Product Not as Expected,156471.32,Completed
3103,17591,52999,4946,207,2023-01-12,1,Size/Fit Issue,83983.48,Completed
3104,17598,53022,9290,40,2024-09-22,1,Size/Fit Issue,25898.95,Completed
3105,17602,53035,9936,390,2024-12-23,2,Product Not as Expected,117985.98,Completed
3106,17614,53064,9364,645,2025-03-14,2,Changed Mind,46861.1,Completed
3107,17618,53078,1850,405,2024-12-13,1,Damaged Product,48873.34,Completed
3108,17625,53101,5913,52,2025-11-08,1,Product Not as Expected,25266.25,Completed
3109,17628,53115,8600,705,2024-09-15,1,Late Delivery,48444.42,Completed
3110,17641,53149,6864,721,2024-04-28,1,Wrong Product,56611.31,Completed
3111,17648,53174,213,916,2024-12-14,1,Changed Mind,48367.88,Completed
3112,17659,53208,1048,15,2023-11-03,1,Product Not as Expected,62755.39,Completed
3113,17672,53250,5526,519,2023-12-13,1,Quality Issue,15440.83,Completed
3114,17672,53251,5526,990,2023-12-13,1,Size/Fit Issue,16191.64,Completed
3115,17678,53271,2824,421,2024-01-28,1,Damaged Product,29006.67,Completed
3116,17698,53326,8245,824,2024-04-12,1,Wrong Product,26487.37,Completed
3117,17698,53329,8245,202,2024-04-12,2,Damaged Product,64711.1,Completed
3118,17703,53345,3220,32,2024-05-31,2,Changed Mind,19135.1,Completed
3119,17716,53386,2321,155,2024-06-20,1,Damaged Product,75355.28,Completed
3120,17721,53401,6864,818,2023-07-05,2,Damaged Product,5034.4,Completed
3121,17728,53418,4424,717,2024-04-02,4,Quality Issue,318634.08,Completed
3122,17738,53446,9096,838,2023-06-03,1,Quality Issue,67576.45,Completed
3123,17745,53473,936,891,2023-08-11,1,Product Not as Expected,31788.05,Completed
3124,17751,53488,2343,811,2025-02-02,4,Wrong Product,119741.92,Completed
3125,17753,53495,5516,771,2024-08-06,1,Quality Issue,61602.81,Completed
3126,17757,53506,1565,221,2025-10-15,1,Product Not as Expected,9501.02,Completed
3127,17766,53530,1484,590,2025-05-30,1,Size/Fit Issue,32485.63,Completed
3128,17769,53535,1369,190,2024-07-26,3,Late Delivery,94394.13,Completed
3129,17775,53551,2902,49,2024-06-24,1,Wrong Product,52319.21,Completed
3130,17778,53559,5305,397,2023-10-31,1,Quality Issue,1130.09,Completed
3131,17781,53567,2567,716,2024-02-15,2,Changed Mind,75815.0,Completed
3132,17781,53568,2567,103,2024-02-15,1,Late Delivery,1932.01,Completed
3133,17794,53612,4275,816,2025-07-14,2,Wrong Product,91411.28,Completed
3134,17794,53613,4275,439,2025-07-14,1,Changed Mind,45327.89,Completed
3135,17795,53616,8364,721,2025-09-23,2,Late Delivery,113222.62,Completed
3136,17795,53617,8364,985,2025-09-23,2,Damaged Product,119478.36,Completed
3137,17795,53618,8364,221,2025-09-23,1,Late Delivery,9501.02,Completed
3138,17830,53730,1416,901,2025-11-02,2,Product Not as Expected,98129.56,Completed
3139,17836,53745,8773,214,2025-11-03,1,Wrong Product,17174.56,Completed
3140,17842,53761,4115,319,2023-11-21,1,Damaged Product,1269.69,Completed
3141,17848,53777,5786,2,2023-11-03,1,Damaged Product,76394.93,Completed
3142,17852,53788,8385,552,2024-06-29,1,Damaged Product,36436.81,Completed
3143,17858,53805,8270,85,2024-08-02,1,Wrong Product,69709.2,Completed
3144,17861,53816,3645,251,2024-04-24,1,Wrong Product,27200.0,Completed
3145,17861,53818,3645,160,2024-04-24,1,Late Delivery,59526.76,Completed
3146,17864,53826,3428,544,2024-12-31,2,Changed Mind,121033.08,Completed
3147,17875,53859,5332,342,2024-02-01,1,Quality Issue,15005.18,Completed
3148,17879,53869,2952,102,2025-04-29,1,Late Delivery,41669.88,Completed
3149,17881,53875,8544,929,2025-07-20,3,Size/Fit Issue,114149.85,Completed
3150,17893,53901,2635,838,2024-01-28,1,Late Delivery,67576.45,Completed
3151,17896,53912,900,86,2023-07-29,1,Wrong Product,55528.31,Completed
3152,17907,53940,2521,520,2023-07-23,1,Quality Issue,49223.86,Completed
3153,17914,53961,4484,603,2023-08-08,1,Wrong Product,3198.92,Completed
3154,17916,53965,9392,698,2023-07-25,1,Late Delivery,36376.6,Completed
3155,17917,53971,7284,350,2025-06-17,1,Changed Mind,35700.73,Completed
3156,17917,53972,7284,954,2025-06-17,1,Size/Fit Issue,36145.73,Completed
3157,17918,53978,6623,774,2023-11-01,1,Damaged Product,43979.66,Completed
3158,17924,53997,1854,273,2023-02-08,1,Size/Fit Issue,58733.95,Completed
3159,17924,53998,1854,266,2023-02-08,4,Changed Mind,39560.96,Completed
3160,17930,54010,4273,951,2025-09-14,1,Late Delivery,71761.83,Completed
3161,17936,54029,9506,883,2024-08-21,1,Wrong Product,70912.74,Completed
3162,17942,54045,9331,990,2025-07-07,1,Quality Issue,16191.64,Completed
3163,17947,54060,4845,870,2023-02-11,1,Size/Fit Issue,11548.78,Completed
3164,17950,54068,5625,266,2023-07-07,1,Size/Fit Issue,9890.24,Completed
3165,17957,54090,4710,574,2025-01-06,1,Size/Fit Issue,8147.88,Completed
3166,17961,54102,5044,641,2025-09-13,1,Size/Fit Issue,12415.84,Completed
3167,17973,54141,9530,244,2023-05-09,1,Product Not as Expected,28864.17,Completed
3168,17979,54159,2997,131,2024-09-11,1,Changed Mind,72766.86,Completed
3169,17981,54164,6335,147,2024-03-08,4,Wrong Product,72744.44,Completed
3170,17986,54185,5227,376,2023-07-06,2,Quality Issue,127043.62,Completed
3171,17990,54194,6750,702,2025-01-26,1,Wrong Product,47715.26,Completed
3172,17991,54198,1750,831,2023-03-09,1,Product Not as Expected,72426.36,Completed
3173,17992,54202,7913,58,2023-04-30,3,Quality Issue,138364.56,Completed
3174,17999,54225,9579,558,2024-12-28,1,Late Delivery,75889.41,Completed
3175,18012,54259,6375,629,2024-06-25,1,Size/Fit Issue,20816.5,Completed
3176,18016,54268,5325,600,2024-07-24,1,Damaged Product,10564.52,Completed
3177,18039,54337,6996,603,2024-11-17,1,Late Delivery,3198.92,Completed
3178,18049,54366,9579,115,2023-07-12,1,Wrong Product,15951.35,Completed
3179,18051,54372,9101,276,2025-07-25,2,Product Not as Expected,79722.46,Completed
3180,18054,54380,7862,684,2025-09-22,1,Wrong Product,24811.38,Completed
3181,18060,54398,4924,956,2023-02-16,5,Late Delivery,196630.7,Completed
3182,18061,54402,5969,201,2025-07-29,2,Size/Fit Issue,52645.26,Completed
3183,18069,54425,9867,286,2024-06-30,1,Damaged Product,70118.16,Completed
3184,18071,54434,8439,205,2024-07-27,1,Wrong Product,43935.78,Completed
3185,18077,54448,7661,146,2024-01-07,1,Quality Issue,9172.39,Completed
3186,18081,54460,9154,757,2024-07-01,1,Quality Issue,24510.12,Completed
3187,18090,54482,9614,801,2023-07-11,2,Product Not as Expected,144746.68,Completed
3188,18102,54523,704,168,2023-03-02,3,Wrong Product,84255.63,Completed
3189,18104,54526,5183,528,2025-11-01,1,Late Delivery,48686.63,Completed
3190,18111,54552,3904,297,2024-11-13,2,Changed Mind,18968.46,Completed
3191,18114,54557,7185,353,2023-01-14,1,Damaged Product,44608.27,Completed
3192,18114,54559,7185,14,2023-01-14,2,Changed Mind,50372.34,Completed
3193,18116,54568,1194,433,2023-12-15,1,Size/Fit Issue,47430.05,Completed
3194,18117,54571,3893,695,2024-11-20,1,Damaged Product,36339.69,Completed
3195,18133,54615,6091,901,2023-03-28,1,Changed Mind,49064.78,Completed
3196,18137,54622,9662,391,2023-11-23,1,Changed Mind,15629.89,Completed
3197,18142,54633,3367,40,2025-02-12,1,Late Delivery,25898.95,Completed
3198,18150,54663,1096,376,2025-09-07,1,Quality Issue,63521.81,Completed
3199,18154,54674,8428,784,2024-12-01,1,Quality Issue,66280.45,Completed
3200,18191,54778,8124,214,2024-01-08,4,Damaged Product,68698.24,Completed
3201,18202,54815,9528,278,2025-12-12,2,Late Delivery,64206.16,Completed
3202,18205,54822,6518,456,2023-01-14,1,Wrong Product,39470.43,Completed
3203,18205,54823,6518,506,2023-01-14,1,Wrong Product,48220.73,Completed
3204,18214,54847,5462,606,2023-01-28,1,Wrong Product,53265.93,Completed
3205,18221,54867,2612,604,2025-07-25,1,Quality Issue,36921.48,Completed
3206,18227,54885,5875,119,2024-07-21,1,Damaged Product,62460.8,Completed
3207,18227,54886,5875,224,2024-07-21,1,Damaged Product,29142.1,Completed
3208,18244,54940,6846,878,2025-08-07,1,Wrong Product,81467.72,Completed
3209,18249,54959,2040,274,2023-03-10,1,Late Delivery,45493.53,Completed
3210,18253,54967,9500,107,2024-12-01,2,Changed Mind,126852.2,Completed
3211,18255,54977,6988,883,2023-09-21,1,Changed Mind,70912.74,Completed
3212,18259,54987,9137,808,2025-03-06,2,Late Delivery,29243.26,Completed
3213,18259,54988,9137,357,2025-03-06,1,Size/Fit Issue,38950.15,Completed
3214,18260,54989,8275,395,2024-02-23,1,Wrong Product,32399.17,Completed
3215,18264,55000,7414,615,2024-11-18,1,Damaged Product,29983.07,Completed
3216,18265,55004,1756,593,2024-12-21,1,Changed Mind,78324.42,Completed
3217,18265,55006,1756,649,2024-12-21,1,Quality Issue,52465.73,Completed
3218,18278,55047,5941,544,2024-10-28,2,Damaged Product,121033.08,Completed
3219,18279,55051,5282,839,2025-12-22,1,Quality Issue,27297.72,Completed
3220,18282,55058,9759,900,2025-09-20,1,Wrong Product,10764.09,Completed
3221,18287,55080,9266,717,2025-05-14,1,Late Delivery,79658.52,Completed
3222,18292,55096,1711,641,2025-09-01,2,Quality Issue,24831.68,Completed
3223,18300,55123,3709,439,2024-12-25,1,Size/Fit Issue,45327.89,Completed
3224,18313,55157,8661,150,2024-07-08,1,Size/Fit Issue,22962.33,Completed
3225,18314,55162,6988,176,2023-05-29,1,Damaged Product,4905.76,Completed
3226,18328,55204,2107,508,2024-05-27,1,Quality Issue,66003.7,Completed
3227,18332,55215,6473,250,2024-12-09,3,Size/Fit Issue,115767.81,Completed
3228,18332,55217,6473,376,2024-12-09,1,Changed Mind,63521.81,Completed
3229,18336,55225,8311,441,2024-12-17,1,Changed Mind,7558.87,Completed
3230,18338,55229,4655,293,2023-10-18,1,Wrong Product,14013.61,Completed
3231,18340,55235,5046,590,2023-09-10,1,Late Delivery,32485.63,Completed
3232,18349,55265,4927,549,2024-06-15,1,Late Delivery,51380.02,Completed
3233,18353,55276,5068,972,2025-11-29,2,Changed Mind,60617.34,Completed
3234,18360,55293,1234,814,2024-08-02,1,Quality Issue,29179.36,Completed
3235,18361,55295,4101,96,2025-03-09,1,Late Delivery,4198.69,Completed
3236,18365,55312,8434,143,2023-01-17,1,Quality Issue,57065.25,Completed
3237,18377,55347,2477,509,2023-12-04,1,Late Delivery,19248.16,Completed
3238,18379,55352,5817,75,2023-12-12,1,Damaged Product,9316.09,Completed
3239,18393,55406,2142,350,2025-02-23,1,Wrong Product,35700.73,Completed
3240,18399,55427,6063,498,2024-12-02,1,Size/Fit Issue,59585.39,Completed
3241,18401,55429,6496,991,2024-01-28,1,Late Delivery,16315.12,Completed
3242,18404,55438,7153,184,2025-06-11,1,Late Delivery,30008.52,Completed
3243,18406,55448,2328,124,2025-06-17,1,Late Delivery,32253.1,Completed
3244,18411,55459,7363,732,2024-02-05,1,Size/Fit Issue,61153.47,Completed
3245,18413,55467,2344,52,2023-07-06,1,Late Delivery,25266.25,Completed
3246,18417,55476,9642,641,2025-10-01,1,Quality Issue,12415.84,Completed
3247,18419,55481,9257,717,2024-10-21,1,Quality Issue,79658.52,Completed
3248,18431,55510,7563,270,2025-06-25,1,Late Delivery,6830.43,Completed
3249,18441,55535,6427,633,2025-06-10,2,Wrong Product,32542.34,Completed
3250,18450,55566,3283,297,2023-11-22,2,Late Delivery,18968.46,Completed
3251,18451,55569,8031,552,2024-12-10,1,Changed Mind,36436.81,Completed
3252,18453,55574,5613,191,2023-05-17,2,Late Delivery,91597.34,Completed
3253,18469,55613,8130,488,2025-09-22,2,Damaged Product,21629.02,Completed
3254,18470,55617,9553,370,2025-05-09,1,Damaged Product,42652.44,Completed
3255,18476,55635,9200,586,2023-03-03,1,Product Not as Expected,45275.23,Completed
3256,18492,55684,5105,541,2024-06-16,1,Size/Fit Issue,38960.03,Completed
3257,18493,55686,7685,643,2025-05-12,2,Quality Issue,31494.46,Completed
3258,18496,55699,6110,506,2025-08-10,1,Damaged Product,48220.73,Completed
3259,18496,55701,6110,744,2025-08-10,1,Late Delivery,10738.22,Completed
3260,18501,55718,379,776,2023-05-18,2,Damaged Product,52482.22,Completed
3261,18511,55743,2004,1,2025-11-05,1,Quality Issue,3628.51,Completed
3262,18517,55758,8266,668,2025-03-26,1,Size/Fit Issue,68374.32,Completed
3263,18518,55762,9378,552,2024-09-30,1,Changed Mind,36436.81,Completed
3264,18520,55771,1221,278,2025-08-11,1,Changed Mind,32103.08,Completed
3265,18539,55834,3185,214,2025-02-09,1,Quality Issue,17174.56,Completed
3266,18541,55839,9893,306,2025-10-22,1,Quality Issue,43852.88,Completed
3267,18549,55863,4872,361,2024-04-13,1,Size/Fit Issue,39557.35,Completed
3268,18551,55869,2311,901,2024-12-01,3,Late Delivery,147194.34,Completed
3269,18558,55888,9435,43,2024-08-03,2,Changed Mind,89854.86,Completed
3270,18561,55897,8499,441,2025-03-27,1,Product Not as Expected,7558.87,Completed
3271,18561,55898,8499,67,2025-03-27,1,Product Not as Expected,27469.03,Completed
3272,18563,55905,6366,734,2023-09-01,1,Quality Issue,4017.31,Completed
3273,18566,55916,5504,626,2024-01-18,1,Product Not as Expected,59305.86,Completed
3274,18570,55926,9045,734,2024-02-16,2,Quality Issue,8034.62,Completed
3275,18572,55930,931,293,2024-06-22,1,Changed Mind,14013.61,Completed
3276,18580,55950,1524,75,2023-01-20,4,Wrong Product,37264.36,Completed
3277,18585,55968,3379,785,2025-07-26,1,Size/Fit Issue,16290.61,Completed
3278,18593,55997,5293,360,2023-03-23,1,Product Not as Expected,21527.24,Completed
3279,18596,56004,6096,684,2025-06-30,1,Product Not as Expected,24811.38,Completed
3280,18608,56030,2777,561,2024-05-11,1,Late Delivery,17547.13,Completed
3281,18613,56047,9976,987,2023-07-26,2,Size/Fit Issue,104103.12,Completed
3282,18613,56049,9976,661,2023-07-26,2,Product Not as Expected,13602.34,Completed
3283,18616,56057,2469,263,2024-12-17,2,Product Not as Expected,146615.54,Completed
3284,18629,56101,2305,824,2023-11-23,1,Size/Fit Issue,26487.37,Completed
3285,18635,56120,5017,67,2025-12-13,1,Product Not as Expected,27469.03,Completed
3286,18635,56122,5017,376,2025-12-13,1,Late Delivery,63521.81,Completed
3287,18638,56130,2220,628,2023-05-17,1,Changed Mind,71460.85,Completed
3288,18640,56136,3429,716,2023-07-09,1,Changed Mind,37907.5,Completed
3289,18655,56178,9909,933,2024-01-18,1,Size/Fit Issue,33858.42,Completed
3290,18658,56184,6086,973,2024-06-27,1,Product Not as Expected,48884.9,Completed
3291,18663,56195,2284,929,2024-05-10,2,Quality Issue,76099.9,Completed
3292,18690,56266,6842,960,2024-07-17,1,Late Delivery,63180.8,Completed
3293,18696,56276,5663,150,2024-04-03,1,Late Delivery,22962.33,Completed
3294,18697,56281,1978,642,2025-01-20,1,Quality Issue,9120.83,Completed
3295,18700,56288,3607,231,2025-10-09,1,Product Not as Expected,21715.73,Completed
3296,18704,56302,2458,996,2024-10-10,3,Changed Mind,129023.34,Completed
3297,18706,56307,5041,453,2025-12-25,1,Changed Mind,16365.34,Completed
3298,18716,56335,2938,41,2023-04-13,1,Damaged Product,47175.64,Completed
3299,18722,56350,4100,188,2024-03-01,1,Product Not as Expected,51035.63,Completed
3300,18725,56359,439,831,2025-10-06,1,Size/Fit Issue,72426.36,Completed
3301,18735,56390,3875,324,2025-02-25,1,Damaged Product,65084.11,Completed
3302,18737,56395,4944,7,2025-08-14,1,Quality Issue,35843.35,Completed
3303,18742,56414,2113,617,2023-07-24,1,Damaged Product,37738.08,Completed
3304,18750,56438,9636,928,2023-01-12,1,Quality Issue,87525.69,Completed
3305,18763,56479,5477,19,2025-05-21,1,Size/Fit Issue,52090.19,Completed
3306,18766,56486,4071,868,2025-05-09,1,Damaged Product,30561.21,Completed
3307,18769,56499,153,659,2023-02-24,1,Late Delivery,41906.8,Completed
3308,18776,56523,5129,247,2025-07-26,1,Changed Mind,54589.55,Completed
3309,18790,56569,6995,632,2023-03-08,1,Product Not as Expected,43423.57,Completed
3310,18792,56575,6854,438,2025-07-05,1,Changed Mind,62279.76,Completed
3311,18796,56588,6156,41,2024-08-23,2,Changed Mind,94351.28,Completed
3312,18803,56606,3689,520,2025-09-29,1,Quality Issue,49223.86,Completed
3313,18808,56627,6854,270,2024-09-02,1,Quality Issue,6830.43,Completed
3314,18824,56673,9322,73,2024-03-10,1,Damaged Product,2096.83,Completed
3315,18829,56691,6128,766,2024-10-16,2,Wrong Product,96140.78,Completed
3316,18841,56723,1377,526,2024-03-31,1,Changed Mind,9515.72,Completed
3317,18853,56753,4840,133,2023-08-06,1,Product Not as Expected,12468.39,Completed
3318,18861,56775,2251,886,2025-03-28,1,Product Not as Expected,49335.18,Completed
3319,18867,56792,4348,29,2023-01-05,1,Product Not as Expected,32440.52,Completed
3320,18887,56858,6821,298,2024-07-14,1,Late Delivery,64159.18,Completed
3321,18890,56863,2261,206,2025-09-24,1,Product Not as Expected,9861.1,Completed
3322,18902,56900,4884,649,2025-10-14,1,Damaged Product,52465.73,Completed
3323,18904,56910,758,207,2024-10-22,1,Quality Issue,83983.48,Completed
3324,18913,56935,1054,100,2024-09-03,1,Product Not as Expected,30150.66,Completed
3325,18914,56939,4996,578,2024-04-14,1,Damaged Product,39704.69,Completed
3326,18918,56952,2402,965,2023-11-25,3,Size/Fit Issue,13192.98,Completed
3327,18921,56964,2138,665,2023-12-06,2,Wrong Product,21182.98,Completed
3328,18935,57003,4967,199,2023-06-06,1,Size/Fit Issue,54868.54,Completed
3329,18935,57004,4967,558,2023-06-06,1,Changed Mind,75889.41,Completed
3330,18945,57032,4003,31,2023-03-12,1,Late Delivery,5278.2,Completed
3331,18948,57042,7014,476,2025-03-30,1,Product Not as Expected,27559.44,Completed
3332,18956,57068,6591,824,2023-08-22,1,Changed Mind,26487.37,Completed
3333,18956,57071,6591,886,2023-08-22,4,Wrong Product,197340.72,Completed
3334,18958,57078,1869,311,2024-09-12,1,Product Not as Expected,27646.1,Completed
3335,18961,57086,3102,498,2024-01-30,1,Wrong Product,59585.39,Completed
3336,18965,57100,2543,87,2023-03-26,1,Size/Fit Issue,17689.24,Completed
3337,18976,57127,2136,367,2024-07-27,1,Product Not as Expected,58161.69,Completed
3338,18978,57134,7847,113,2025-10-19,1,Quality Issue,61014.62,Completed
3339,18982,57150,9472,470,2025-02-21,1,Wrong Product,36050.61,Completed
3340,18989,57171,6033,488,2024-09-07,1,Product Not as Expected,10814.51,Completed
3341,18994,57185,2704,365,2025-10-14,1,Product Not as Expected,21560.8,Completed
3342,18995,57189,8871,2,2023-10-05,1,Damaged Product,76394.93,Completed
3343,19005,57223,4714,922,2024-05-28,3,Wrong Product,38960.64,Completed
3344,19010,57237,1409,76,2025-03-22,1,Size/Fit Issue,24691.22,Completed
3345,19017,57258,6789,719,2025-01-27,1,Quality Issue,77732.75,Completed
3346,19021,57263,262,604,2025-09-19,1,Late Delivery,36921.48,Completed
3347,19030,57294,2761,61,2023-06-25,3,Product Not as Expected,165984.15,Completed
3348,19046,57344,7752,644,2024-09-11,2,Product Not as Expected,152541.08,Completed
3349,19053,57371,5152,811,2023-04-08,3,Size/Fit Issue,89806.44,Completed
3350,19056,57376,1587,76,2024-03-23,1,Quality Issue,24691.22,Completed
3351,19058,57383,1817,643,2023-06-18,1,Quality Issue,15747.23,Completed
3352,19061,57394,3539,916,2025-05-31,3,Wrong Product,145103.64,Completed
3353,19063,57396,3632,422,2023-06-05,1,Product Not as Expected,36577.78,Completed
3354,19066,57401,4951,362,2023-09-24,1,Quality Issue,32081.22,Completed
3355,19068,57408,77,390,2024-09-30,1,Changed Mind,58992.99,Completed
3356,19077,57434,5406,507,2024-07-27,1,Damaged Product,60624.2,Completed
3357,19079,57439,406,923,2025-01-31,1,Quality Issue,3340.47,Completed
3358,19080,57441,5697,266,2025-04-12,1,Changed Mind,9890.24,Completed
3359,19085,57464,3546,858,2024-05-24,2,Quality Issue,17911.14,Completed
3360,19087,57466,3978,374,2024-02-17,1,Quality Issue,49935.18,Completed
3361,19095,57494,7380,536,2024-06-26,1,Damaged Product,64629.73,Completed
3362,19097,57502,8020,187,2025-01-14,1,Size/Fit Issue,11139.84,Completed
3363,19098,57504,8872,925,2024-03-01,1,Size/Fit Issue,33314.72,Completed
3364,19102,57512,9490,439,2024-06-04,4,Quality Issue,181311.56,Completed
3365,19107,57525,7570,350,2025-03-24,1,Product Not as Expected,35700.73,Completed
3366,19123,57566,2024,394,2023-11-26,1,Late Delivery,42580.81,Completed
3367,19126,57573,2618,345,2023-08-29,1,Product Not as Expected,34708.25,Completed
3368,19127,57575,5081,441,2023-07-11,1,Wrong Product,7558.87,Completed
3369,19139,57616,4116,662,2025-01-04,1,Quality Issue,43228.98,Completed
3370,19144,57629,7446,873,2023-01-11,1,Product Not as Expected,10272.98,Completed
3371,19155,57672,4287,571,2024-12-07,1,Size/Fit Issue,7669.53,Completed
3372,19156,57673,1854,717,2023-07-07,1,Changed Mind,79658.52,Completed
3373,19158,57685,5930,28,2024-03-28,1,Quality Issue,16204.3,Completed
3374,19166,57708,8903,546,2025-11-10,1,Size/Fit Issue,37536.93,Completed
3375,19166,57709,8903,428,2025-11-10,1,Wrong Product,28170.52,Completed
3376,19183,57757,6122,592,2023-03-15,1,Changed Mind,8207.23,Completed
3377,19184,57759,9641,717,2024-09-13,1,Wrong Product,79658.52,Completed
3378,19198,57791,1970,836,2025-12-07,2,Size/Fit Issue,82008.0,Completed
3379,19199,57794,862,851,2023-07-31,2,Damaged Product,19680.56,Completed
3380,19208,57824,1700,449,2023-03-30,1,Late Delivery,51653.16,Completed
3381,19218,57850,2289,879,2023-07-09,1,Wrong Product,2467.19,Completed
3382,19221,57858,7911,75,2024-11-23,3,Size/Fit Issue,27948.27,Completed
3383,19224,57865,1888,56,2025-08-27,1,Damaged Product,9324.88,Completed
3384,19225,57869,17,291,2024-10-26,1,Late Delivery,65760.73,Completed
3385,19227,57874,2661,446,2024-08-28,1,Wrong Product,35674.83,Completed
3386,19230,57887,2427,74,2024-08-12,1,Late Delivery,25500.32,Completed
3387,19232,57894,3407,358,2024-01-15,2,Quality Issue,87550.08,Completed
3388,19236,57907,3747,708,2023-01-07,1,Late Delivery,27271.15,Completed
3389,19244,57934,8079,732,2023-01-04,1,Damaged Product,61153.47,Completed
3390,19248,57942,1826,512,2023-09-17,2,Wrong Product,16256.04,Completed
3391,19251,57949,1486,124,2024-11-01,1,Product Not as Expected,32253.1,Completed
3392,19256,57962,8216,821,2023-05-05,1,Wrong Product,38888.0,Completed
3393,19264,57987,3892,729,2024-10-06,1,Product Not as Expected,50404.4,Completed
3394,19273,58017,2383,542,2025-11-14,1,Damaged Product,71946.34,Completed
3395,19278,58033,160,57,2023-06-19,1,Late Delivery,54715.65,Completed
3396,19284,58052,4587,227,2023-02-11,1,Size/Fit Issue,15855.11,Completed
3397,19291,58069,6199,928,2023-01-26,2,Changed Mind,175051.38,Completed
3398,19297,58083,7941,219,2023-02-11,1,Wrong Product,53676.7,Completed
3399,19302,58101,8807,276,2025-12-20,1,Quality Issue,39861.23,Completed
3400,19310,58118,2623,176,2024-12-10,1,Damaged Product,4905.76,Completed
3401,19315,58134,2483,842,2025-05-04,1,Damaged Product,9424.2,Completed
3402,19319,58151,3327,654,2025-04-02,1,Late Delivery,55499.06,Completed
3403,19322,58164,835,835,2023-01-10,1,Wrong Product,33595.66,Completed
3404,19323,58171,7624,498,2023-10-31,1,Wrong Product,59585.39,Completed
3405,19326,58182,3246,47,2025-01-22,2,Product Not as Expected,66987.26,Completed
3406,19333,58203,4450,759,2023-07-04,1,Quality Issue,78235.66,Completed
3407,19342,58224,5212,710,2024-12-02,2,Quality Issue,102740.52,Completed
3408,19346,58245,6314,220,2023-11-17,1,Late Delivery,22042.27,Completed
3409,19348,58249,6675,517,2023-04-15,1,Wrong Product,27837.58,Completed
3410,19361,58291,8976,886,2024-12-24,1,Size/Fit Issue,49335.18,Completed
3411,19377,58334,5068,702,2025-03-23,1,Size/Fit Issue,47715.26,Completed
3412,19388,58367,8337,502,2024-01-12,1,Wrong Product,49931.02,Completed
3413,19394,58381,766,603,2025-11-24,1,Changed Mind,3198.92,Completed
3414,19399,58402,178,427,2023-02-24,2,Damaged Product,86277.32,Completed
3415,19416,58452,3960,376,2023-11-16,1,Wrong Product,63521.81,Completed
3416,19418,58457,5117,67,2023-02-27,1,Quality Issue,27469.03,Completed
3417,19422,58466,4706,602,2023-07-20,4,Size/Fit Issue,120584.8,Completed
3418,19427,58483,2822,541,2023-09-26,2,Size/Fit Issue,77920.06,Completed
3419,19427,58484,2822,923,2023-09-26,1,Late Delivery,3340.47,Completed
3420,19431,58494,9691,548,2025-01-27,1,Size/Fit Issue,49762.6,Completed
3421,19438,58523,8250,539,2025-12-16,1,Damaged Product,59193.59,Completed
3422,19448,58555,5279,342,2024-12-22,3,Changed Mind,45015.54,Completed
3423,19450,58558,7822,634,2024-02-05,1,Late Delivery,39143.06,Completed
3424,19463,58598,5226,397,2025-01-08,1,Damaged Product,1130.09,Completed
3425,19468,58612,3427,353,2024-06-01,1,Product Not as Expected,44608.27,Completed
3426,19472,58623,220,274,2025-11-05,2,Quality Issue,90987.06,Completed
3427,19473,58628,4583,160,2024-04-19,1,Quality Issue,59526.76,Completed
3428,19476,58642,8856,649,2025-06-07,1,Damaged Product,52465.73,Completed
3429,19488,58678,7693,273,2023-11-15,1,Late Delivery,58733.95,Completed
3430,19491,58683,2364,738,2023-05-25,1,Wrong Product,41486.54,Completed
3431,19496,58697,1997,56,2024-12-07,1,Product Not as Expected,9324.88,Completed
3432,19502,58718,8106,787,2024-01-12,2,Damaged Product,11072.36,Completed
3433,19508,58738,1969,310,2025-05-25,3,Product Not as Expected,168926.52,Completed
3434,19516,58763,7018,656,2024-07-26,1,Changed Mind,36160.85,Completed
3435,19516,58764,7018,416,2024-07-26,1,Quality Issue,13743.31,Completed
3436,19532,58803,4194,951,2024-05-11,1,Product Not as Expected,71761.83,Completed
3437,19539,58823,7436,932,2024-11-06,1,Damaged Product,53678.69,Completed
3438,19546,58844,3750,456,2024-11-01,1,Quality Issue,39470.43,Completed
3439,19551,58862,7628,708,2025-03-31,1,Size/Fit Issue,27271.15,Completed
3440,19553,58868,4985,734,2023-08-29,1,Size/Fit Issue,4017.31,Completed
3441,19554,58872,3743,662,2023-08-25,1,Changed Mind,43228.98,Completed
3442,19555,58874,6490,884,2025-07-17,1,Product Not as Expected,13659.41,Completed
3443,19555,58875,6490,787,2025-07-17,1,Size/Fit Issue,5536.18,Completed
3444,19559,58887,1282,882,2025-04-26,1,Size/Fit Issue,8514.18,Completed
3445,19559,58888,1282,225,2025-04-26,2,Quality Issue,85524.92,Completed
3446,19570,58922,328,994,2025-09-17,2,Size/Fit Issue,110937.2,Completed
3447,19575,58937,6276,588,2023-05-03,3,Late Delivery,163777.29,Completed
3448,19578,58948,7540,100,2025-05-26,1,Quality Issue,30150.66,Completed
3449,19580,58959,125,792,2025-07-19,1,Changed Mind,41133.39,Completed
3450,19590,58989,5043,302,2024-12-05,1,Damaged Product,12582.3,Completed
3451,19606,59038,5738,221,2025-12-18,1,Late Delivery,9501.02,Completed
3452,19606,59041,5738,91,2025-12-18,1,Quality Issue,35131.7,Completed
3453,19609,59049,2305,476,2025-01-01,1,Changed Mind,27559.44,Completed
3454,19616,59073,3607,853,2025-05-08,2,Changed Mind,72298.48,Completed
3455,19621,59089,9752,544,2023-07-21,1,Late Delivery,60516.54,Completed
3456,19623,59094,7855,648,2024-12-27,1,Product Not as Expected,7799.17,Completed
3457,19624,59100,104,507,2025-06-15,1,Size/Fit Issue,60624.2,Completed
3458,19636,59123,4188,441,2023-01-24,3,Size/Fit Issue,22676.61,Completed
3459,19640,59142,9497,370,2025-10-07,1,Late Delivery,42652.44,Completed
3460,19645,59151,8776,534,2023-06-07,2,Product Not as Expected,7925.3,Completed
3461,19650,59162,6751,846,2024-07-15,1,Size/Fit Issue,21886.79,Completed
3462,19650,59164,6751,47,2024-07-15,2,Changed Mind,66987.26,Completed
3463,19660,59193,4596,897,2023-10-21,1,Wrong Product,53721.31,Completed
3464,19663,59204,1156,875,2023-08-17,1,Quality Issue,42404.31,Completed
3465,19663,59206,1156,311,2023-08-17,1,Damaged Product,27646.1,Completed
3466,19668,59221,4351,876,2024-09-22,1,Damaged Product,42607.94,Completed
3467,19669,59224,6701,35,2024-04-23,2,Damaged Product,55909.26,Completed
3468,19672,59234,128,975,2024-01-04,1,Damaged Product,52812.93,Completed
3469,19692,59294,5918,646,2025-03-05,1,Late Delivery,31756.28,Completed
3470,19693,59298,3943,962,2025-02-24,1,Product Not as Expected,27001.15,Completed
3471,19694,59302,3730,221,2025-11-13,3,Quality Issue,28503.06,Completed
3472,19702,59333,6862,830,2025-05-29,1,Product Not as Expected,2181.3,Completed
3473,19704,59341,2660,60,2023-08-24,1,Damaged Product,71063.14,Completed
3474,19708,59356,1480,286,2025-03-26,1,Damaged Product,70118.16,Completed
3475,19710,59364,897,232,2024-05-07,1,Product Not as Expected,5776.45,Completed
3476,19725,59407,195,923,2023-11-20,1,Late Delivery,3340.47,Completed
3477,19733,59438,9146,9,2023-12-01,1,Quality Issue,61804.18,Completed
3478,19749,59484,9512,833,2025-04-06,3,Damaged Product,149952.15,Completed
3479,19757,59512,5214,944,2024-05-21,1,Damaged Product,31906.42,Completed
3480,19769,59551,7578,600,2025-08-14,2,Wrong Product,21129.04,Completed
3481,19772,59560,2669,939,2023-03-15,3,Product Not as Expected,158437.59,Completed
3482,19772,59562,2669,818,2023-03-15,1,Quality Issue,2517.2,Completed
3483,19776,59571,6073,853,2024-10-30,1,Size/Fit Issue,36149.24,Completed
3484,19777,59572,2305,231,2024-05-02,1,Product Not as Expected,21715.73,Completed
3485,19777,59574,2305,978,2024-05-02,1,Quality Issue,70358.3,Completed
3486,19778,59577,6115,197,2024-05-05,1,Changed Mind,18177.19,Completed
3487,19780,59582,7796,687,2025-06-11,1,Changed Mind,5733.29,Completed
3488,19783,59590,4894,427,2024-10-29,2,Damaged Product,86277.32,Completed
3489,19797,59635,2219,697,2023-07-21,1,Size/Fit Issue,21254.69,Completed
3490,19800,59644,9432,303,2024-12-02,4,Damaged Product,121126.92,Completed
3491,19815,59689,1484,242,2025-12-21,3,Late Delivery,42237.3,Completed
3492,19829,59734,632,453,2024-05-03,3,Quality Issue,49096.02,Completed
3493,19837,59756,87,580,2025-06-04,1,Damaged Product,2770.25,Completed
3494,19838,59760,5442,532,2025-07-18,1,Changed Mind,60027.29,Completed
3495,19841,59768,6665,885,2023-07-30,2,Size/Fit Issue,115004.54,Completed
3496,19849,59797,3113,765,2025-01-16,1,Quality Issue,25081.25,Completed
3497,19852,59805,5725,274,2024-08-27,1,Late Delivery,45493.53,Completed
3498,19855,59816,616,365,2025-02-01,1,Product Not as Expected,21560.8,Completed
3499,19856,59822,2473,40,2023-06-23,1,Wrong Product,25898.95,Completed
3500,19858,59828,5735,14,2025-06-19,3,Product Not as Expected,75558.51,Completed
3501,19859,59834,1692,283,2024-11-08,1,Damaged Product,68428.94,Completed
3502,19861,59838,8045,14,2025-11-28,4,Changed Mind,100744.68,Completed
3503,19867,59849,8262,358,2025-02-13,1,Wrong Product,43775.04,Completed
3504,19868,59852,8168,360,2024-11-28,1,Damaged Product,21527.24,Completed
3505,19869,59854,9728,352,2024-05-12,2,Damaged Product,6702.1,Completed
3506,19870,59859,3281,76,2023-12-02,1,Size/Fit Issue,24691.22,Completed
3507,19887,59898,1411,394,2025-05-12,1,Product Not as Expected,42580.81,Completed
3508,19901,59943,5300,818,2025-04-18,1,Late Delivery,2517.2,Completed
3509,19902,59945,8948,848,2024-09-14,1,Damaged Product,49254.59,Completed
3510,19906,59960,4975,310,2024-12-12,1,Damaged Product,56308.84,Completed
3511,19921,60008,3817,330,2025-02-23,2,Wrong Product,17144.96,Completed
3512,19927,60025,9080,178,2024-09-28,1,Wrong Product,11810.77,Completed
3513,19928,60029,532,719,2023-09-17,1,Damaged Product,77732.75,Completed
3514,19930,60037,1382,464,2023-07-22,2,Quality Issue,132863.32,Completed
3515,19935,60049,9756,878,2025-01-21,1,Quality Issue,81467.72,Completed
3516,19944,60080,4386,713,2023-09-17,1,Quality Issue,39163.32,Completed
3517,19945,60085,3103,320,2024-01-17,1,Changed Mind,28226.5,Completed
3518,19947,60090,9203,751,2024-05-18,1,Damaged Product,67959.34,Completed
3519,19951,60103,9674,106,2023-09-28,1,Product Not as Expected,46627.58,Completed
3520,19955,60116,3049,410,2025-07-19,1,Damaged Product,18525.02,Completed
3521,19955,60117,3049,118,2025-07-19,3,Product Not as Expected,121445.43,Completed
3522,19961,60140,4835,144,2024-03-11,1,Quality Issue,40469.54,Completed
3523,19972,60172,1939,617,2023-04-19,3,Size/Fit Issue,113214.24,Completed
3524,19974,60175,1700,535,2024-09-17,1,Late Delivery,41797.84,Completed
3525,19978,60193,7728,427,2025-03-09,1,Changed Mind,43138.66,Completed
3526,19981,60204,2827,980,2023-04-29,1,Late Delivery,29796.15,Completed
3527,19997,60250,8970,461,2024-05-10,1,Product Not as Expected,57237.0,Completed
3528,19999,60255,8468,566,2024-02-19,1,Late Delivery,53985.24,Completed
3529,19999,60258,8468,382,2024-02-19,2,Changed Mind,127502.54,Completed
3530,20010,60288,5022,552,2024-09-09,3,Quality Issue,109310.43,Completed
3531,20032,60359,5702,237,2024-09-25,1,Quality Issue,17431.72,Completed
3532,20040,60385,8378,3,2024-10-09,1,Damaged Product,43470.0,Completed
3533,20048,60401,4355,442,2024-07-24,1,Size/Fit Issue,63464.4,Completed
3534,20051,60410,818,917,2024-04-18,2,Wrong Product,18513.32,Completed
3535,20054,60419,3531,449,2023-04-16,1,Damaged Product,51653.16,Completed
3536,20056,60429,2689,43,2025-06-06,1,Size/Fit Issue,44927.43,Completed
3537,20061,60442,3470,292,2025-08-02,1,Changed Mind,55597.58,Completed
3538,20071,60468,1101,194,2024-05-01,1,Size/Fit Issue,15421.35,Completed
3539,20072,60473,8378,268,2024-10-25,1,Product Not as Expected,76721.52,Completed
3540,20077,60489,6492,705,2025-12-08,3,Damaged Product,145333.26,Completed
3541,20083,60506,7541,371,2023-01-20,2,Size/Fit Issue,117953.5,Completed
3542,20087,60521,9402,867,2023-10-05,1,Late Delivery,63972.03,Completed
3543,20087,60522,9402,824,2023-10-05,3,Changed Mind,79462.11,Completed
3544,20096,60550,7957,201,2024-09-20,1,Product Not as Expected,26322.63,Completed
3545,20102,60568,8128,836,2023-07-22,1,Changed Mind,41004.0,Completed
3546,20104,60571,9500,60,2025-12-29,1,Wrong Product,71063.14,Completed
3547,20114,60599,7678,441,2024-10-30,4,Damaged Product,30235.48,Completed
3548,20120,60614,7561,138,2025-03-02,1,Quality Issue,30140.42,Completed
3549,20121,60618,4321,341,2025-06-24,2,Size/Fit Issue,22613.68,Completed
3550,20123,60626,6546,998,2023-03-18,3,Product Not as Expected,46781.7,Completed
3551,20126,60639,6904,542,2023-04-16,4,Quality Issue,287785.36,Completed
3552,20131,60657,9527,390,2025-07-29,1,Damaged Product,58992.99,Completed
3553,20138,60678,3824,201,2023-08-18,1,Size/Fit Issue,26322.63,Completed
3554,20152,60720,2445,938,2023-04-10,2,Size/Fit Issue,82945.54,Completed
3555,20157,60731,7847,748,2023-12-01,5,Quality Issue,355646.85,Completed
3556,20162,60743,716,509,2025-07-18,1,Product Not as Expected,19248.16,Completed
3557,20166,60759,1883,929,2025-10-09,1,Product Not as Expected,38049.95,Completed
3558,20167,60762,4863,748,2023-01-29,1,Damaged Product,71129.37,Completed
3559,20176,60791,176,221,2024-02-08,1,Size/Fit Issue,9501.02,Completed
3560,20183,60807,9507,517,2025-10-08,1,Quality Issue,27837.58,Completed
3561,20193,60832,6824,439,2025-06-21,1,Late Delivery,45327.89,Completed
3562,20194,60839,8964,853,2025-04-23,2,Wrong Product,72298.48,Completed
3563,20197,60849,3069,351,2025-09-23,2,Wrong Product,84401.92,Completed
3564,20197,60852,3069,724,2025-09-23,3,Changed Mind,97402.44,Completed
3565,20201,60860,3994,10,2024-11-23,2,Product Not as Expected,5682.44,Completed
3566,20209,60882,1670,237,2024-12-28,1,Quality Issue,17431.72,Completed
3567,20218,60914,5050,139,2025-07-13,1,Quality Issue,35341.33,Completed
3568,20224,60931,2449,231,2025-11-04,1,Size/Fit Issue,21715.73,Completed
3569,20235,60962,3134,732,2024-05-25,1,Wrong Product,61153.47,Completed
3570,20236,60963,3846,779,2023-03-19,1,Damaged Product,52000.66,Completed
3571,20237,60966,2491,777,2025-12-17,1,Late Delivery,35950.07,Completed
3572,20250,61002,5653,433,2023-02-06,1,Quality Issue,47430.05,Completed
3573,20252,61009,6435,412,2023-11-10,1,Late Delivery,30381.43,Completed
3574,20256,61015,7583,460,2023-10-11,1,Changed Mind,19125.51,Completed
3575,20256,61016,7583,705,2023-10-11,1,Wrong Product,48444.42,Completed
3576,20264,61039,7984,186,2025-12-15,1,Wrong Product,63029.09,Completed
3577,20265,61043,1383,534,2024-01-07,1,Damaged Product,3962.65,Completed
3578,20272,61067,8934,154,2023-01-20,1,Product Not as Expected,8484.39,Completed
3579,20281,61092,6317,385,2025-06-16,2,Damaged Product,102391.02,Completed
3580,20281,61094,6317,929,2025-06-16,1,Changed Mind,38049.95,Completed
3581,20283,61103,2072,593,2024-09-14,2,Quality Issue,156648.84,Completed
3582,20294,61128,9668,449,2025-05-17,2,Damaged Product,103306.32,Completed
3583,20299,61147,5934,869,2025-03-16,1,Late Delivery,27599.74,Completed
3584,20300,61151,5002,825,2024-10-28,3,Damaged Product,131941.92,Completed
3585,20325,61209,23,537,2023-04-16,1,Damaged Product,53194.66,Completed
3586,20346,61261,1194,623,2024-04-10,2,Damaged Product,142542.24,Completed
3587,20349,61276,2720,566,2025-05-23,1,Wrong Product,53985.24,Completed
3588,20351,61282,1326,68,2025-01-09,2,Damaged Product,121371.2,Completed
3589,20352,61286,2877,528,2025-04-30,1,Product Not as Expected,48686.63,Completed
3590,20353,61291,842,864,2023-06-07,2,Late Delivery,20881.98,Completed
3591,20355,61299,5321,953,2024-04-10,1,Damaged Product,12070.59,Completed
3592,20357,61303,1575,878,2025-11-08,1,Late Delivery,81467.72,Completed
3593,20363,61315,7629,917,2023-03-23,1,Size/Fit Issue,9256.66,Completed
3594,20368,61327,2105,97,2023-01-25,1,Quality Issue,6899.98,Completed
3595,20368,61328,2105,108,2023-01-25,1,Product Not as Expected,18525.05,Completed
3596,20371,61335,9009,835,2025-12-19,1,Late Delivery,33595.66,Completed
3597,20371,61339,9009,279,2025-12-19,1,Late Delivery,75174.09,Completed
3598,20381,61369,7192,213,2023-01-21,1,Size/Fit Issue,66856.37,Completed
3599,20392,61407,4109,626,2023-02-16,1,Late Delivery,59305.86,Completed
3600,20416,61469,6942,822,2024-12-06,2,Quality Issue,25760.22,Completed
3601,20424,61495,6521,441,2024-10-12,1,Quality Issue,7558.87,Completed
3602,20430,61510,2379,49,2023-12-04,2,Late Delivery,104638.42,Completed
3603,20435,61525,4617,695,2025-10-02,1,Late Delivery,36339.69,Completed
3604,20443,61548,1349,132,2024-12-16,1,Product Not as Expected,54936.5,Completed
3605,20446,61558,703,43,2023-10-22,3,Product Not as Expected,134782.29,Completed
3606,20451,61575,7553,506,2025-03-13,2,Product Not as Expected,96441.46,Completed
3607,20452,61582,1238,585,2023-09-04,2,Changed Mind,45025.42,Completed
3608,20456,61596,28,947,2024-08-06,3,Quality Issue,29060.1,Completed
3609,20457,61598,7861,156,2025-03-17,1,Product Not as Expected,25532.83,Completed
3610,20458,61604,2651,124,2024-10-12,1,Product Not as Expected,32253.1,Completed
3611,20460,61609,5821,427,2025-10-18,1,Wrong Product,43138.66,Completed
3612,20467,61634,645,846,2024-07-21,1,Product Not as Expected,21886.79,Completed
3613,20480,61678,7784,328,2023-07-23,3,Damaged Product,213381.78,Completed
3614,20482,61684,2051,990,2025-05-25,1,Wrong Product,16191.64,Completed
3615,20485,61693,8534,387,2024-02-12,2,Quality Issue,104788.92,Completed
3616,20489,61703,7427,853,2025-10-31,1,Size/Fit Issue,36149.24,Completed
3617,20499,61735,6090,717,2025-12-03,1,Quality Issue,79658.52,Completed
3618,20516,61788,3672,626,2025-01-06,1,Late Delivery,59305.86,Completed
3619,20519,61793,7027,773,2023-01-17,1,Product Not as Expected,10661.83,Completed
3620,20520,61797,2901,590,2024-11-06,1,Size/Fit Issue,32485.63,Completed
3621,20521,61799,3730,77,2025-11-16,1,Quality Issue,55961.89,Completed
3622,20521,61802,3730,791,2025-11-16,1,Damaged Product,64416.91,Completed
3623,20528,61820,6859,870,2024-10-11,1,Product Not as Expected,11548.78,Completed
3624,20535,61848,6754,5,2023-02-11,2,Late Delivery,51924.16,Completed
3625,20537,61855,6330,41,2024-11-11,1,Size/Fit Issue,47175.64,Completed
3626,20540,61867,688,621,2023-01-24,2,Product Not as Expected,19870.22,Completed
3627,20546,61888,8059,956,2024-05-09,1,Quality Issue,39326.14,Completed
3628,20548,61892,8637,526,2025-03-21,1,Damaged Product,9515.72,Completed
3629,20548,61893,8637,682,2025-03-21,1,Damaged Product,88961.65,Completed
3630,20550,61897,1526,896,2024-10-17,1,Quality Issue,14625.74,Completed
3631,20555,61912,5006,799,2023-05-12,1,Product Not as Expected,8251.88,Completed
3632,20555,61913,5006,510,2023-05-12,1,Changed Mind,50345.66,Completed
3633,20570,61956,575,324,2023-06-02,1,Size/Fit Issue,65084.11,Completed
3634,20571,61963,2579,875,2025-11-08,1,Wrong Product,42404.31,Completed
3635,20575,61974,4825,350,2024-04-21,1,Changed Mind,35700.73,Completed
3636,20586,62011,389,936,2025-11-10,1,Quality Issue,23282.26,Completed
3637,20592,62027,9855,286,2025-04-20,3,Size/Fit Issue,210354.48,Completed
3638,20593,62031,4161,205,2024-05-19,1,Product Not as Expected,43935.78,Completed
3639,20596,62044,4392,227,2023-03-15,1,Late Delivery,15855.11,Completed
3640,20603,62070,8610,589,2024-04-04,1,Size/Fit Issue,60461.14,Completed
3641,20612,62096,9026,913,2023-04-23,1,Size/Fit Issue,29739.74,Completed
3642,20617,62114,5576,820,2025-09-26,1,Wrong Product,41957.83,Completed
3643,20628,62143,3603,5,2023-04-26,1,Size/Fit Issue,25962.08,Completed
3644,20633,62152,5536,779,2025-01-12,5,Wrong Product,260003.3,Completed
3645,20641,62177,975,154,2024-08-16,1,Late Delivery,8484.39,Completed
3646,20650,62200,2520,190,2025-12-26,1,Product Not as Expected,31464.71,Completed
3647,20653,62211,6444,537,2025-09-16,1,Changed Mind,53194.66,Completed
3648,20657,62222,6195,292,2024-12-28,1,Wrong Product,55597.58,Completed
3649,20663,62234,1874,344,2024-07-27,2,Product Not as Expected,8164.02,Completed
3650,20669,62254,8427,825,2025-08-31,1,Late Delivery,43980.64,Completed
3651,20669,62255,8427,678,2025-08-31,3,Damaged Product,148161.96,Completed
3652,20670,62256,5937,730,2025-08-31,1,Damaged Product,6687.12,Completed
3653,20679,62285,4408,183,2025-10-20,3,Quality Issue,22896.69,Completed
3654,20685,62306,8982,581,2023-05-22,2,Quality Issue,86719.28,Completed
3655,20688,62310,6775,215,2023-03-20,1,Quality Issue,15687.88,Completed
3656,20693,62321,8584,483,2023-01-03,2,Damaged Product,162890.12,Completed
3657,20696,62328,4784,163,2024-08-01,2,Late Delivery,40235.08,Completed
3658,20702,62340,8242,76,2024-05-30,1,Changed Mind,24691.22,Completed
3659,20703,62343,342,623,2023-03-21,1,Late Delivery,71271.12,Completed
3660,20708,62359,54,376,2024-06-28,1,Wrong Product,63521.81,Completed
3661,20709,62360,5092,927,2023-05-03,2,Wrong Product,6172.06,Completed
3662,20712,62372,6152,950,2024-10-11,1,Product Not as Expected,4878.32,Completed
3663,20714,62381,4663,841,2025-08-10,1,Late Delivery,64497.16,Completed
3664,20731,62436,7575,862,2024-04-24,2,Wrong Product,115465.7,Completed
3665,20749,62495,3663,555,2023-08-09,3,Changed Mind,118769.07,Completed
3666,20750,62496,4162,160,2024-11-17,1,Late Delivery,59526.76,Completed
3667,20754,62510,3437,636,2023-08-15,1,Changed Mind,27784.14,Completed
3668,20757,62525,1130,383,2025-12-15,1,Size/Fit Issue,37571.74,Completed
3669,20757,62526,1130,442,2025-12-15,2,Product Not as Expected,126928.8,Completed
3670,20780,62592,1254,188,2025-08-21,2,Quality Issue,102071.26,Completed
3671,20782,62600,1776,64,2023-09-15,3,Product Not as Expected,38598.6,Completed
3672,20782,62601,1776,417,2023-09-15,2,Late Delivery,128591.46,Completed
3673,20790,62625,2926,835,2025-12-27,1,Damaged Product,33595.66,Completed
3674,20793,62633,5629,792,2025-04-06,1,Changed Mind,41133.39,Completed
3675,20796,62646,4046,694,2024-05-22,1,Late Delivery,75656.77,Completed
3676,20801,62665,4682,878,2023-12-22,2,Product Not as Expected,162935.44,Completed
3677,20805,62671,2093,63,2025-01-09,2,Wrong Product,39492.46,Completed
3678,20811,62689,8342,266,2024-10-30,1,Damaged Product,9890.24,Completed
3679,20813,62696,3607,564,2024-03-15,1,Late Delivery,75701.18,Completed
3680,20816,62703,5775,587,2025-11-07,1,Product Not as Expected,38685.73,Completed
3681,20817,62706,4734,66,2023-07-17,1,Late Delivery,17293.32,Completed
3682,20819,62711,3000,934,2024-03-02,1,Size/Fit Issue,13975.94,Completed
3683,20822,62719,6746,934,2023-12-29,1,Wrong Product,13975.94,Completed
3684,20854,62816,477,573,2025-05-06,1,Changed Mind,17211.31,Completed
3685,20862,62845,548,992,2025-11-27,1,Product Not as Expected,26378.31,Completed
3686,20867,62862,6014,155,2025-04-16,1,Size/Fit Issue,75355.28,Completed
3687,20875,62882,7492,298,2025-03-28,3,Wrong Product,192477.54,Completed
3688,20879,62894,9444,994,2025-08-14,1,Wrong Product,55468.6,Completed
3689,20879,62895,9444,122,2025-08-14,3,Size/Fit Issue,184398.81,Completed
3690,20887,62921,3718,449,2023-04-07,1,Late Delivery,51653.16,Completed
3691,20888,62926,3890,31,2023-09-13,1,Wrong Product,5278.2,Completed
3692,20888,62927,3890,819,2023-09-13,1,Late Delivery,46497.58,Completed
3693,20895,62949,1081,886,2024-01-21,2,Wrong Product,98670.36,Completed
3694,20898,62954,8072,102,2023-09-05,1,Damaged Product,41669.88,Completed
3695,20898,62955,8072,657,2023-09-05,1,Size/Fit Issue,35285.91,Completed
3696,20902,62964,9398,611,2025-07-12,2,Size/Fit Issue,113794.24,Completed
3697,20904,62968,1511,596,2024-02-28,1,Product Not as Expected,18491.15,Completed
3698,20909,62979,8438,298,2024-06-29,1,Quality Issue,64159.18,Completed
3699,20915,63001,805,885,2024-08-11,1,Quality Issue,57502.27,Completed
3700,20921,63013,3707,456,2024-08-30,1,Wrong Product,39470.43,Completed
3701,20938,63055,995,712,2024-01-25,1,Changed Mind,7038.7,Completed
3702,20942,63064,4424,502,2023-10-02,1,Quality Issue,49931.02,Completed
3703,20946,63079,4042,834,2023-09-12,1,Late Delivery,10608.23,Completed
3704,20947,63084,7836,920,2025-10-09,1,Quality Issue,34221.06,Completed
3705,20952,63096,1977,439,2023-02-13,1,Wrong Product,45327.89,Completed
3706,20952,63099,1977,248,2023-02-13,1,Size/Fit Issue,1372.21,Completed
3707,20953,63100,330,2,2025-07-18,2,Size/Fit Issue,152789.86,Completed
3708,20955,63105,6384,868,2023-10-25,2,Late Delivery,61122.42,Completed
3709,20957,63114,2195,574,2025-12-08,2,Size/Fit Issue,16295.76,Completed
3710,20963,63135,2083,208,2025-08-22,1,Size/Fit Issue,53391.84,Completed
3711,20965,63143,8839,528,2023-07-15,2,Late Delivery,97373.26,Completed
3712,20966,63150,3558,208,2025-02-09,1,Damaged Product,53391.84,Completed
3713,20967,63154,3723,370,2023-08-18,1,Product Not as Expected,42652.44,Completed
3714,20967,63155,3723,819,2023-08-18,1,Quality Issue,46497.58,Completed
3715,20967,63156,3723,908,2023-08-18,1,Product Not as Expected,18026.39,Completed
3716,20975,63172,1513,532,2024-05-10,1,Product Not as Expected,60027.29,Completed
3717,20986,63204,3655,422,2023-02-01,2,Quality Issue,73155.56,Completed
3718,20991,63225,8128,924,2024-07-08,3,Wrong Product,107998.71,Completed
3719,20997,63244,1759,122,2025-09-10,2,Size/Fit Issue,122932.54,Completed
3720,21000,63253,9204,49,2023-09-16,1,Quality Issue,52319.21,Completed
3721,21020,63314,5489,815,2025-12-21,1,Changed Mind,36440.07,Completed
3722,21021,63315,1119,638,2025-11-27,1,Changed Mind,48836.11,Completed
3723,21027,63330,7933,470,2024-01-19,1,Damaged Product,36050.61,Completed
3724,21032,63342,5223,971,2025-08-08,1,Quality Issue,11973.02,Completed
3725,21038,63354,9457,423,2024-02-09,1,Size/Fit Issue,40200.35,Completed
3726,21042,63369,7980,208,2025-12-25,1,Damaged Product,53391.84,Completed
3727,21043,63373,8425,947,2025-12-20,2,Late Delivery,19373.4,Completed
3728,21045,63381,3110,214,2024-11-04,1,Changed Mind,17174.56,Completed
3729,21067,63442,1871,48,2023-09-08,1,Late Delivery,24215.99,Completed
3730,21070,63449,890,385,2024-12-27,1,Quality Issue,51195.51,Completed
3731,21080,63483,9469,53,2024-09-29,1,Late Delivery,69627.87,Completed
3732,21086,63502,1532,204,2023-11-14,1,Quality Issue,56156.15,Completed
3733,21089,63514,1029,985,2025-02-10,1,Changed Mind,59739.18,Completed
3734,21092,63522,6916,938,2023-03-23,1,Product Not as Expected,41472.77,Completed
3735,21094,63528,2644,268,2023-11-23,2,Quality Issue,153443.04,Completed
3736,21110,63571,9180,535,2023-12-10,4,Product Not as Expected,167191.36,Completed
3737,21112,63577,3324,720,2023-09-30,1,Damaged Product,54891.8,Completed
3738,21122,63601,2698,933,2024-12-13,1,Product Not as Expected,33858.42,Completed
3739,21125,63612,3003,147,2025-04-11,1,Changed Mind,18186.11,Completed
3740,21130,63631,5057,869,2024-11-08,2,Changed Mind,55199.48,Completed
3741,21143,63664,1785,62,2024-01-21,1,Changed Mind,64455.04,Completed
3742,21144,63666,7853,208,2025-03-21,1,Size/Fit Issue,53391.84,Completed
3743,21146,63671,8332,654,2023-12-29,1,Product Not as Expected,55499.06,Completed
3744,21155,63696,491,226,2023-09-18,1,Size/Fit Issue,3033.14,Completed
3745,21167,63731,5336,533,2025-01-06,2,Wrong Product,88790.62,Completed
3746,21201,63845,247,54,2024-04-19,1,Size/Fit Issue,83257.08,Completed
3747,21214,63882,8828,480,2023-01-12,1,Late Delivery,4003.79,Completed
3748,21216,63887,9889,524,2024-10-30,2,Size/Fit Issue,69928.36,Completed
3749,21220,63900,7856,441,2023-01-27,1,Damaged Product,7558.87,Completed
3750,21223,63905,6005,395,2023-08-07,1,Size/Fit Issue,32399.17,Completed
3751,21228,63917,7659,395,2025-06-06,1,Changed Mind,32399.17,Completed
3752,21230,63925,3032,195,2024-08-13,1,Damaged Product,80598.63,Completed
3753,21236,63942,1764,890,2024-06-08,1,Wrong Product,38320.04,Completed
3754,21239,63950,1204,197,2025-10-18,2,Product Not as Expected,36354.38,Completed
3755,21246,63971,501,190,2023-06-29,2,Quality Issue,62929.42,Completed
3756,21254,63991,7485,273,2025-10-17,1,Quality Issue,58733.95,Completed
3757,21259,64007,3405,31,2023-04-01,2,Size/Fit Issue,10556.4,Completed
3758,21272,64041,3733,391,2024-12-14,2,Late Delivery,31259.78,Completed
3759,21286,64080,5442,901,2023-07-23,1,Product Not as Expected,49064.78,Completed
3760,21303,64137,773,895,2023-10-01,4,Quality Issue,201468.0,Completed
3761,21305,64144,2578,804,2024-06-08,1,Quality Issue,65569.03,Completed
3762,21308,64149,8397,590,2023-10-05,1,Damaged Product,32485.63,Completed
3763,21312,64166,6393,258,2023-03-15,1,Wrong Product,30912.25,Completed
3764,21312,64167,6393,70,2023-03-15,1,Product Not as Expected,34867.93,Completed
3765,21314,64173,5419,692,2024-06-14,1,Damaged Product,30114.26,Completed
3766,21318,64181,748,678,2025-01-03,1,Changed Mind,49387.32,Completed
3767,21326,64200,5670,129,2025-01-16,1,Late Delivery,55203.8,Completed
3768,21330,64208,1821,325,2024-06-14,1,Product Not as Expected,13778.84,Completed
3769,21331,64214,344,634,2023-01-09,1,Changed Mind,39143.06,Completed
3770,21349,64266,3134,509,2024-04-13,2,Changed Mind,38496.32,Completed
3771,21371,64331,9234,855,2023-06-15,2,Product Not as Expected,100185.38,Completed
3772,21371,64334,9234,617,2023-06-15,1,Changed Mind,37738.08,Completed
3773,21375,64342,9913,262,2025-07-27,1,Late Delivery,24152.91,Completed
3774,21384,64369,732,246,2024-03-15,5,Damaged Product,236288.6,Completed
3775,21389,64386,1850,248,2025-03-01,2,Product Not as Expected,2744.42,Completed
3776,21407,64437,2978,381,2024-07-26,2,Size/Fit Issue,17232.54,Completed
3777,21411,64447,1540,996,2025-05-04,2,Late Delivery,86015.56,Completed
3778,21413,64451,1644,310,2024-05-15,1,Changed Mind,56308.84,Completed
3779,21417,64470,734,604,2023-07-20,1,Product Not as Expected,36921.48,Completed
3780,21435,64507,7541,937,2023-04-24,1,Size/Fit Issue,75287.48,Completed
3781,21436,64509,4028,532,2025-05-16,3,Late Delivery,180081.87,Completed
3782,21445,64534,1463,506,2025-01-14,1,Product Not as Expected,48220.73,Completed
3783,21450,64551,5768,410,2023-05-07,3,Size/Fit Issue,55575.06,Completed
3784,21454,64564,7313,255,2024-04-28,1,Damaged Product,58340.7,Completed
3785,21462,64587,8509,134,2023-06-14,1,Size/Fit Issue,51523.91,Completed
3786,21466,64594,8175,543,2025-02-21,1,Late Delivery,44593.0,Completed
3787,21467,64595,3918,869,2024-08-30,1,Product Not as Expected,27599.74,Completed
3788,21478,64618,8807,913,2024-04-17,2,Quality Issue,59479.48,Completed
3789,21480,64625,6688,544,2025-04-16,1,Wrong Product,60516.54,Completed
3790,21486,64643,9233,102,2025-02-09,1,Late Delivery,41669.88,Completed
3791,21492,64668,5657,641,2024-10-24,1,Quality Issue,12415.84,Completed
3792,21497,64683,1469,455,2023-03-23,1,Damaged Product,27450.46,Completed
3793,21499,64690,928,634,2023-04-10,2,Late Delivery,78286.12,Completed
3794,21504,64711,5236,187,2025-02-25,1,Size/Fit Issue,11139.84,Completed
3795,21511,64733,7066,558,2023-01-25,1,Product Not as Expected,75889.41,Completed
3796,21513,64739,4303,428,2024-01-06,2,Damaged Product,56341.04,Completed
3797,21517,64751,5231,509,2025-10-03,1,Quality Issue,19248.16,Completed
3798,21526,64785,2722,412,2024-06-08,2,Quality Issue,60762.86,Completed
3799,21538,64829,3068,111,2025-02-04,1,Product Not as Expected,18562.68,Completed
3800,21540,64837,1082,871,2024-02-18,1,Size/Fit Issue,12164.93,Completed
3801,21540,64838,1082,577,2024-02-18,1,Size/Fit Issue,28640.16,Completed
3802,21544,64849,8789,429,2024-10-16,1,Quality Issue,13493.42,Completed
3803,21546,64855,8827,251,2025-11-09,4,Product Not as Expected,108800.0,Completed
3804,21547,64856,7597,776,2023-08-09,1,Quality Issue,26241.11,Completed
3805,21548,64861,5793,520,2025-07-15,1,Late Delivery,49223.86,Completed
3806,21549,64867,1353,878,2024-08-11,1,Changed Mind,81467.72,Completed
3807,21551,64869,4435,552,2024-01-18,1,Damaged Product,36436.81,Completed
3808,21553,64876,6887,412,2023-05-13,2,Late Delivery,60762.86,Completed
3809,21554,64879,2933,184,2023-03-07,1,Quality Issue,30008.52,Completed
3810,21560,64903,5923,754,2025-01-26,3,Late Delivery,30476.37,Completed
3811,21562,64910,346,441,2023-07-07,2,Product Not as Expected,15117.74,Completed
3812,21564,64916,9495,186,2024-07-05,2,Late Delivery,126058.18,Completed
3813,21565,64917,8063,408,2024-12-17,2,Wrong Product,98745.2,Completed
3814,21567,64922,6800,344,2023-04-17,4,Wrong Product,16328.04,Completed
3815,21572,64943,712,124,2025-09-13,1,Product Not as Expected,32253.1,Completed
3816,21576,64957,4743,689,2025-04-22,1,Wrong Product,25507.31,Completed
3817,21577,64960,2288,898,2025-08-31,1,Product Not as Expected,31657.0,Completed
3818,21582,64973,2828,792,2024-07-17,1,Late Delivery,41133.39,Completed
3819,21586,64989,3372,923,2023-01-11,1,Damaged Product,3340.47,Completed
3820,21590,64996,9557,953,2024-12-07,1,Product Not as Expected,12070.59,Completed
3821,21592,65003,879,250,2023-04-26,1,Wrong Product,38589.27,Completed
3822,21597,65015,2090,110,2025-11-13,1,Damaged Product,61600.35,Completed
3823,21599,65021,9379,888,2025-05-16,3,Size/Fit Issue,84366.6,Completed
3824,21609,65050,3423,883,2024-08-08,1,Size/Fit Issue,70912.74,Completed
3825,21617,65068,5626,35,2024-08-07,1,Quality Issue,27954.63,Completed
3826,21622,65083,7131,728,2024-10-04,2,Wrong Product,144113.02,Completed
3827,21628,65100,7808,89,2025-12-10,2,Damaged Product,122060.9,Completed
3828,21631,65109,807,128,2024-07-31,1,Product Not as Expected,25679.16,Completed
3829,21631,65110,807,187,2024-07-31,1,Quality Issue,11139.84,Completed
3830,21631,65111,807,291,2024-07-31,1,Size/Fit Issue,65760.73,Completed
3831,21637,65125,2270,489,2024-06-01,1,Product Not as Expected,36153.44,Completed
3832,21640,65139,2573,453,2025-03-06,2,Size/Fit Issue,32730.68,Completed
3833,21647,65159,272,499,2025-02-07,1,Size/Fit Issue,29026.89,Completed
3834,21658,65190,8530,517,2023-06-20,1,Damaged Product,27837.58,Completed
3835,21659,65193,6221,479,2023-03-07,1,Quality Issue,1432.07,Completed
3836,21663,65207,7225,987,2023-04-08,1,Damaged Product,52051.56,Completed
3837,21673,65239,5676,802,2023-11-27,1,Late Delivery,14817.63,Completed
3838,21679,65258,1206,517,2024-06-22,1,Damaged Product,27837.58,Completed
3839,21681,65265,4923,617,2025-10-06,1,Damaged Product,37738.08,Completed
3840,21684,65271,6425,836,2023-02-15,1,Late Delivery,41004.0,Completed
3841,21687,65282,7765,882,2025-04-30,1,Product Not as Expected,8514.18,Completed
3842,21694,65300,2820,987,2025-01-03,1,Wrong Product,52051.56,Completed
3843,21702,65322,366,506,2024-09-28,2,Size/Fit Issue,96441.46,Completed
3844,21704,65326,4502,804,2023-03-14,1,Quality Issue,65569.03,Completed
3845,21704,65327,4502,269,2023-03-14,2,Size/Fit Issue,42382.08,Completed
3846,21709,65341,6482,170,2024-09-29,3,Damaged Product,156996.72,Completed
3847,21712,65351,9229,376,2023-07-14,1,Quality Issue,63521.81,Completed
3848,21717,65370,4453,808,2024-06-29,1,Wrong Product,14621.63,Completed
3849,21718,65372,9038,385,2024-04-18,1,Changed Mind,51195.51,Completed
3850,21721,65382,3309,440,2024-05-23,1,Damaged Product,53089.24,Completed
3851,21723,65389,9551,928,2025-12-04,2,Size/Fit Issue,175051.38,Completed
3852,21725,65394,7385,673,2023-12-14,1,Changed Mind,46606.91,Completed
3853,21728,65402,3917,791,2024-04-02,2,Late Delivery,128833.82,Completed
3854,21753,65492,7617,73,2024-02-27,1,Late Delivery,2096.83,Completed
3855,21763,65526,2344,385,2025-12-23,2,Late Delivery,102391.02,Completed
3856,21769,65545,8210,283,2025-08-24,1,Damaged Product,68428.94,Completed
3857,21773,65559,6395,784,2024-02-06,1,Wrong Product,66280.45,Completed
3858,21776,65563,8972,203,2024-12-17,2,Size/Fit Issue,41250.06,Completed
3859,21785,65586,7351,948,2024-03-22,1,Changed Mind,22542.75,Completed
3860,21789,65597,9677,845,2024-11-28,1,Size/Fit Issue,16357.94,Completed
3861,21806,65652,4169,916,2025-10-22,1,Size/Fit Issue,48367.88,Completed
3862,21808,65659,2240,131,2024-09-03,1,Wrong Product,72766.86,Completed
3863,21814,65683,3405,544,2024-01-28,1,Quality Issue,60516.54,Completed
3864,21817,65690,9360,968,2025-04-16,1,Wrong Product,83807.16,Completed
3865,21822,65705,7854,938,2024-11-20,2,Damaged Product,82945.54,Completed
3866,21828,65722,8499,518,2025-08-05,3,Quality Issue,19719.18,Completed
3867,21851,65793,9647,698,2023-06-07,1,Product Not as Expected,36376.6,Completed
3868,21852,65796,4479,745,2024-12-09,3,Wrong Product,238328.16,Completed
3869,21856,65808,9874,91,2023-08-22,1,Size/Fit Issue,35131.7,Completed
3870,21860,65825,6744,92,2024-06-18,1,Product Not as Expected,20472.41,Completed
3871,21874,65869,9742,628,2025-09-21,5,Changed Mind,357304.25,Completed
3872,21874,65870,9742,347,2025-09-21,1,Damaged Product,45770.45,Completed
3873,21878,65881,2205,124,2024-08-13,2,Late Delivery,64506.2,Completed
3874,21880,65884,1394,546,2024-06-21,1,Late Delivery,37536.93,Completed
3875,21882,65890,5067,479,2023-10-11,2,Product Not as Expected,2864.14,Completed
3876,21882,65891,5067,2,2023-10-11,1,Changed Mind,76394.93,Completed
3877,21884,65897,5916,544,2023-01-22,1,Size/Fit Issue,60516.54,Completed
3878,21892,65918,9077,887,2024-12-24,1,Size/Fit Issue,31901.21,Completed
3879,21893,65923,2756,991,2025-07-18,2,Damaged Product,32630.24,Completed
3880,21894,65924,9379,808,2023-10-13,2,Damaged Product,29243.26,Completed
3881,21902,65955,395,854,2023-08-07,1,Quality Issue,32541.32,Completed
3882,21903,65958,8693,508,2024-06-22,1,Quality Issue,66003.7,Completed
3883,21908,65974,3016,294,2024-08-22,1,Damaged Product,41899.87,Completed
3884,21914,65996,7510,13,2024-01-14,1,Damaged Product,701.82,Completed
3885,21916,66000,7722,882,2025-09-03,1,Product Not as Expected,8514.18,Completed
3886,21917,66006,2128,34,2023-03-08,2,Wrong Product,109776.64,Completed
3887,21926,66029,7793,456,2023-06-27,1,Late Delivery,39470.43,Completed
3888,21929,66038,4760,385,2023-08-29,1,Size/Fit Issue,51195.51,Completed
3889,21930,66041,4887,106,2023-09-30,1,Size/Fit Issue,46627.58,Completed
3890,21933,66050,781,774,2025-08-02,1,Damaged Product,43979.66,Completed
3891,21939,66068,4651,574,2024-04-02,1,Size/Fit Issue,8147.88,Completed
3892,21948,66096,3790,30,2024-03-31,1,Wrong Product,71072.0,Completed
3893,21952,66102,6903,341,2025-02-09,1,Damaged Product,11306.84,Completed
3894,21953,66106,2343,376,2025-06-04,1,Changed Mind,63521.81,Completed
3895,21962,66130,173,537,2023-06-20,1,Quality Issue,53194.66,Completed
3896,21979,66182,3441,274,2024-05-26,1,Size/Fit Issue,45493.53,Completed
3897,21981,66190,5504,820,2025-11-01,1,Wrong Product,41957.83,Completed
3898,21982,66193,3568,680,2023-01-02,2,Late Delivery,132856.34,Completed
3899,22003,66264,6878,344,2023-11-13,1,Wrong Product,4082.01,Completed
3900,22003,66265,6878,774,2023-11-13,1,Product Not as Expected,43979.66,Completed
3901,22014,66292,9364,440,2025-10-30,3,Changed Mind,159267.72,Completed
3902,22016,66297,4879,542,2025-10-01,1,Wrong Product,71946.34,Completed
3903,22021,66306,5146,901,2023-05-23,1,Damaged Product,49064.78,Completed
3904,22023,66310,5805,383,2025-11-23,3,Changed Mind,112715.22,Completed
3905,22026,66325,6374,319,2024-11-11,1,Wrong Product,1269.69,Completed
3906,22026,66326,6374,487,2024-11-11,1,Wrong Product,86706.08,Completed
3907,22037,66352,5884,728,2024-06-15,1,Quality Issue,72056.51,Completed
3908,22048,66375,6703,818,2025-03-22,2,Damaged Product,5034.4,Completed
3909,22055,66396,6045,956,2024-06-07,2,Quality Issue,78652.28,Completed
3910,22056,66403,9870,502,2025-03-06,5,Size/Fit Issue,249655.1,Completed
3911,22061,66419,2407,885,2025-03-07,2,Wrong Product,115004.54,Completed
3912,22065,66433,4939,97,2025-12-06,1,Changed Mind,6899.98,Completed
3913,22065,66434,4939,160,2025-12-06,2,Changed Mind,119053.52,Completed
3914,22075,66466,3952,507,2024-03-12,1,Quality Issue,60624.2,Completed
3915,22079,66478,1782,251,2023-04-05,3,Quality Issue,81600.0,Completed
3916,22081,66486,4962,945,2023-08-16,1,Changed Mind,51605.76,Completed
3917,22081,66487,4962,14,2023-08-16,1,Quality Issue,25186.17,Completed
3918,22091,66518,6726,220,2025-01-29,2,Wrong Product,44084.54,Completed
3919,22091,66519,6726,624,2025-01-29,1,Product Not as Expected,36321.03,Completed
3920,22092,66524,2991,973,2024-09-07,1,Size/Fit Issue,48884.9,Completed
3921,22094,66529,698,934,2023-12-12,1,Wrong Product,13975.94,Completed
3922,22095,66534,2460,14,2024-01-08,3,Size/Fit Issue,75558.51,Completed
3923,22098,66540,6828,815,2023-02-15,1,Product Not as Expected,36440.07,Completed
3924,22101,66549,2354,394,2025-10-18,1,Quality Issue,42580.81,Completed
3925,22102,66554,635,873,2024-06-20,3,Changed Mind,30818.94,Completed
3926,22114,66590,3682,41,2024-05-21,1,Changed Mind,47175.64,Completed
3927,22132,66632,2262,390,2024-12-01,1,Late Delivery,58992.99,Completed
3928,22133,66636,9731,493,2025-10-08,1,Product Not as Expected,14869.71,Completed
3929,22138,66654,6888,439,2025-08-23,1,Late Delivery,45327.89,Completed
3930,22144,66673,9245,285,2023-02-24,1,Wrong Product,1335.75,Completed
3931,22146,66678,489,607,2024-05-22,1,Size/Fit Issue,4401.63,Completed
3932,22152,66695,3385,528,2023-07-24,4,Damaged Product,194746.52,Completed
3933,22153,66696,2066,383,2024-06-22,3,Late Delivery,112715.22,Completed
3934,22157,66713,8387,870,2025-12-06,1,Changed Mind,11548.78,Completed
3935,22165,66731,7451,341,2025-10-15,1,Size/Fit Issue,11306.84,Completed
3936,22177,66772,9801,441,2025-04-20,3,Size/Fit Issue,22676.61,Completed
3937,22180,66784,7885,451,2024-11-14,2,Product Not as Expected,34977.6,Completed
3938,22181,66788,6238,819,2025-06-20,1,Wrong Product,46497.58,Completed
3939,22184,66799,9455,869,2023-03-07,1,Quality Issue,27599.74,Completed
3940,22216,66901,9027,862,2025-08-11,1,Quality Issue,57732.85,Completed
3941,22217,66903,2105,329,2024-01-21,1,Size/Fit Issue,53518.66,Completed
3942,22219,66912,4559,730,2023-10-29,1,Wrong Product,6687.12,Completed
3943,22226,66933,9766,822,2023-07-04,1,Quality Issue,12880.11,Completed
3944,22236,66961,9416,862,2024-04-30,1,Wrong Product,57732.85,Completed
3945,22241,66980,8271,714,2023-05-02,1,Late Delivery,48096.56,Completed
3946,22248,67003,9409,276,2024-04-12,1,Size/Fit Issue,39861.23,Completed
3947,22269,67064,1669,439,2025-02-15,2,Product Not as Expected,90655.78,Completed
3948,22269,67066,1669,410,2025-02-15,1,Wrong Product,18525.02,Completed
3949,22270,67068,8236,815,2023-06-14,1,Quality Issue,36440.07,Completed
3950,22272,67072,4502,958,2024-02-20,1,Damaged Product,11746.01,Completed
3951,22278,67092,9337,89,2023-10-01,1,Size/Fit Issue,61030.45,Completed
3952,22286,67110,3852,712,2024-09-03,1,Quality Issue,7038.7,Completed
3953,22294,67138,1173,879,2024-10-15,2,Late Delivery,4934.38,Completed
3954,22301,67155,4967,916,2025-04-21,1,Quality Issue,48367.88,Completed
3955,22302,67158,2423,538,2023-10-12,1,Quality Issue,20684.14,Completed
3956,22307,67171,909,542,2023-03-06,1,Quality Issue,71946.34,Completed
3957,22308,67176,9990,532,2024-07-18,1,Product Not as Expected,60027.29,Completed
3958,22310,67180,9639,115,2023-11-12,4,Product Not as Expected,63805.4,Completed
3959,22311,67185,1887,580,2023-05-26,1,Product Not as Expected,2770.25,Completed
3960,22319,67211,451,638,2023-08-18,2,Size/Fit Issue,97672.22,Completed
3961,22323,67223,562,49,2024-08-15,2,Late Delivery,104638.42,Completed
3962,22325,67231,910,287,2024-09-07,1,Product Not as Expected,3433.59,Completed
3963,22334,67256,855,502,2025-12-23,1,Changed Mind,49931.02,Completed
3964,22342,67282,8081,509,2024-01-12,1,Quality Issue,19248.16,Completed
3965,22350,67310,4397,186,2024-02-09,1,Size/Fit Issue,63029.09,Completed
3966,22350,67311,4397,517,2024-02-09,1,Quality Issue,27837.58,Completed
3967,22351,67314,3415,51,2024-11-07,2,Damaged Product,13783.92,Completed
3968,22354,67327,2871,916,2025-06-14,1,Wrong Product,48367.88,Completed
3969,22367,67373,8683,394,2023-06-09,1,Late Delivery,42580.81,Completed
3970,22384,67417,2680,934,2024-09-28,1,Size/Fit Issue,13975.94,Completed
3971,22386,67424,7149,69,2024-09-11,1,Size/Fit Issue,32929.62,Completed
3972,22407,67482,545,97,2023-11-04,1,Late Delivery,6899.98,Completed
3973,22412,67497,7103,891,2023-06-19,1,Wrong Product,31788.05,Completed
3974,22419,67523,6006,456,2023-08-24,2,Quality Issue,78940.86,Completed
3975,22422,67531,5048,918,2025-12-09,1,Late Delivery,12904.52,Completed
3976,22430,67554,3742,226,2023-11-02,1,Late Delivery,3033.14,Completed
3977,22434,67567,47,982,2024-04-20,1,Size/Fit Issue,39666.28,Completed
3978,22440,67589,4748,685,2025-10-28,4,Changed Mind,45113.32,Completed
3979,22449,67611,8648,159,2025-08-18,1,Changed Mind,47345.28,Completed
3980,22461,67646,1952,518,2024-11-15,3,Quality Issue,19719.18,Completed
3981,22461,67647,1952,36,2024-11-15,1,Quality Issue,4657.36,Completed
3982,22464,67659,8787,932,2024-10-22,2,Size/Fit Issue,107357.38,Completed
3983,22466,67663,3803,537,2025-10-02,1,Product Not as Expected,53194.66,Completed
3984,22474,67686,2648,858,2025-09-06,1,Size/Fit Issue,8955.57,Completed
3985,22474,67687,2648,513,2025-09-06,1,Size/Fit Issue,282.11,Completed
3986,22475,67688,9403,94,2024-02-25,1,Wrong Product,17477.85,Completed
3987,22490,67728,7407,309,2025-08-10,1,Wrong Product,19179.39,Completed
3988,22494,67741,4809,62,2025-11-13,1,Late Delivery,64455.04,Completed
3989,22498,67749,8389,846,2023-04-02,1,Changed Mind,21886.79,Completed
3990,22503,67765,6749,382,2023-04-04,2,Changed Mind,127502.54,Completed
3991,22529,67845,4829,716,2024-12-02,1,Product Not as Expected,37907.5,Completed
3992,22532,67854,1768,157,2025-10-18,1,Product Not as Expected,13213.71,Completed
3993,22543,67895,3652,214,2023-11-26,4,Damaged Product,68698.24,Completed
3994,22545,67899,3522,862,2025-09-28,1,Product Not as Expected,57732.85,Completed
3995,22561,67950,857,687,2024-06-10,2,Late Delivery,11466.58,Completed
3996,22584,68017,1433,244,2025-02-24,1,Wrong Product,28864.17,Completed
3997,22604,68081,2581,572,2023-08-05,1,Damaged Product,16804.56,Completed
3998,22614,68113,9353,573,2023-11-18,2,Changed Mind,34422.62,Completed
3999,22614,68115,9353,88,2023-11-18,1,Quality Issue,47049.95,Completed
4000,22623,68139,4705,174,2025-12-21,1,Size/Fit Issue,27857.23,Completed
4001,22633,68170,2339,440,2024-03-29,1,Quality Issue,53089.24,Completed
4002,22633,68172,2339,438,2024-03-29,1,Size/Fit Issue,62279.76,Completed
4003,22633,68173,2339,616,2024-03-29,1,Damaged Product,61297.48,Completed
4004,22634,68178,584,596,2025-10-13,1,Size/Fit Issue,18491.15,Completed
4005,22636,68182,6717,797,2025-11-10,2,Quality Issue,118035.24,Completed
4006,22637,68188,7867,739,2024-01-01,1,Wrong Product,49616.69,Completed
4007,22648,68219,2747,744,2024-03-28,2,Changed Mind,21476.44,Completed
4008,22655,68247,3179,799,2023-10-08,1,Quality Issue,8251.88,Completed
4009,22658,68258,4789,429,2024-09-11,2,Damaged Product,26986.84,Completed
4010,22662,68270,329,362,2024-10-14,1,Product Not as Expected,32081.22,Completed
4011,22667,68286,8977,523,2024-02-03,1,Changed Mind,19573.08,Completed
4012,22675,68304,6675,281,2025-08-31,1,Quality Issue,4708.56,Completed
4013,22676,68307,4722,717,2024-03-11,1,Damaged Product,79658.52,Completed
4014,22678,68311,7685,442,2025-07-18,1,Damaged Product,63464.4,Completed
4015,22684,68330,6806,367,2023-09-30,3,Wrong Product,174485.07,Completed
4016,22693,68365,1184,512,2025-11-24,4,Size/Fit Issue,32512.08,Completed
4017,22694,68366,4110,528,2024-01-04,3,Size/Fit Issue,146059.89,Completed
4018,22694,68369,4110,58,2024-01-04,1,Changed Mind,46121.52,Completed
4019,22707,68403,2913,991,2023-05-14,1,Quality Issue,16315.12,Completed
4020,22711,68411,9939,440,2025-03-06,3,Changed Mind,159267.72,Completed
4021,22733,68473,4582,466,2024-08-11,1,Wrong Product,39504.07,Completed
4022,22742,68494,5096,581,2025-11-27,1,Product Not as Expected,43359.64,Completed
4023,22745,68499,8038,202,2024-05-30,1,Changed Mind,32355.55,Completed
4024,22757,68537,2250,330,2025-05-29,1,Quality Issue,8572.48,Completed
4025,22762,68549,1070,343,2025-12-22,1,Wrong Product,2521.22,Completed
4026,22764,68551,738,554,2024-09-27,4,Size/Fit Issue,102795.48,Completed
4027,22767,68561,7464,923,2023-04-10,2,Product Not as Expected,6680.94,Completed
4028,22771,68572,5557,83,2024-12-17,1,Late Delivery,37264.04,Completed
4029,22774,68578,9844,981,2025-08-09,1,Damaged Product,48465.68,Completed
4030,22776,68586,7231,124,2025-04-19,1,Wrong Product,32253.1,Completed
4031,22783,68611,6538,713,2023-07-29,1,Size/Fit Issue,39163.32,Completed
4032,22792,68633,4807,862,2024-09-06,1,Changed Mind,57732.85,Completed
4033,22798,68646,3493,190,2023-08-13,1,Wrong Product,31464.71,Completed
4034,22814,68687,9066,550,2023-08-13,1,Quality Issue,8198.61,Completed
4035,22816,68692,8649,3,2023-05-05,2,Damaged Product,86940.0,Completed
4036,22818,68696,3658,427,2024-01-03,1,Changed Mind,43138.66,Completed
4037,22822,68710,692,292,2023-01-28,2,Size/Fit Issue,111195.16,Completed
4038,22822,68711,692,834,2023-01-28,2,Quality Issue,21216.46,Completed
4039,22828,68733,7650,64,2024-12-01,1,Size/Fit Issue,12866.2,Completed
4040,22829,68736,9381,438,2024-09-15,2,Quality Issue,124559.52,Completed
4041,22830,68741,6164,344,2024-06-20,3,Late Delivery,12246.03,Completed
4042,22832,68752,8218,462,2025-09-05,2,Changed Mind,85216.9,Completed
4043,22844,68783,1422,52,2023-06-04,2,Changed Mind,50532.5,Completed
4044,22847,68793,104,706,2024-09-15,1,Changed Mind,39123.19,Completed
4045,22848,68801,1784,798,2025-04-17,1,Size/Fit Issue,52611.13,Completed
4046,22857,68830,6,26,2023-07-12,2,Late Delivery,17886.16,Completed
4047,22859,68836,8698,842,2023-03-15,1,Product Not as Expected,9424.2,Completed
4048,22861,68845,5807,377,2024-07-23,1,Product Not as Expected,38654.29,Completed
4049,22861,68846,5807,506,2024-07-23,1,Size/Fit Issue,48220.73,Completed
4050,22863,68853,9799,805,2025-11-25,3,Quality Issue,88989.63,Completed
4051,22864,68857,7097,950,2025-07-26,1,Changed Mind,4878.32,Completed
4052,22873,68884,2793,981,2025-11-28,1,Product Not as Expected,48465.68,Completed
4053,22879,68899,4747,852,2024-09-11,1,Product Not as Expected,76828.94,Completed
4054,22885,68916,9567,873,2024-07-20,1,Changed Mind,10272.98,Completed
4055,22891,68929,6183,49,2023-03-31,1,Damaged Product,52319.21,Completed
4056,22901,68963,995,573,2025-01-25,2,Damaged Product,34422.62,Completed
4057,22903,68972,5153,268,2023-01-26,1,Late Delivery,76721.52,Completed
4058,22912,69006,8607,106,2023-02-14,1,Changed Mind,46627.58,Completed
4059,22915,69010,7639,544,2023-10-03,1,Quality Issue,60516.54,Completed
4060,22919,69023,5556,202,2023-05-14,1,Quality Issue,32355.55,Completed
4061,22920,69026,7173,795,2025-09-11,1,Wrong Product,316.29,Completed
4062,22922,69033,8935,116,2025-08-27,1,Wrong Product,84644.25,Completed
4063,22932,69054,4901,734,2023-02-28,1,Wrong Product,4017.31,Completed
4064,22937,69070,8958,718,2025-04-26,1,Changed Mind,74041.38,Completed
4065,22942,69087,9960,722,2024-01-20,1,Late Delivery,26197.06,Completed
4066,22943,69091,5805,449,2024-08-16,1,Late Delivery,51653.16,Completed
4067,22945,69095,6324,705,2023-10-09,2,Changed Mind,96888.84,Completed
4068,22949,69107,3467,825,2024-09-25,4,Changed Mind,175922.56,Completed
4069,22952,69119,2278,882,2024-08-05,1,Changed Mind,8514.18,Completed
4070,22954,69124,3877,604,2023-11-30,1,Size/Fit Issue,36921.48,Completed
4071,22955,69128,9373,932,2025-01-17,1,Size/Fit Issue,53678.69,Completed
4072,22963,69151,4770,354,2025-02-01,1,Changed Mind,24299.68,Completed
4073,22966,69160,5175,824,2024-02-05,1,Late Delivery,26487.37,Completed
4074,22973,69181,1621,566,2025-02-05,1,Changed Mind,53985.24,Completed
4075,22979,69197,7316,994,2025-03-11,1,Changed Mind,55468.6,Completed
4076,22980,69204,9132,168,2025-02-16,1,Product Not as Expected,28085.21,Completed
4077,22984,69211,6162,666,2023-03-30,4,Wrong Product,147623.72,Completed
4078,22985,69214,7967,456,2025-07-18,1,Wrong Product,39470.43,Completed
4079,22992,69237,5977,67,2024-07-08,1,Quality Issue,27469.03,Completed
4080,22996,69251,424,53,2025-12-06,1,Changed Mind,69627.87,Completed
4081,23003,69273,5262,555,2023-08-30,1,Wrong Product,39589.69,Completed
4082,23008,69285,9838,433,2024-03-20,3,Size/Fit Issue,142290.15,Completed
4083,23017,69300,2539,600,2023-10-21,4,Late Delivery,42258.08,Completed
4084,23022,69313,5551,157,2025-11-13,1,Wrong Product,13213.71,Completed
4085,23028,69327,8858,587,2024-12-30,3,Quality Issue,116057.19,Completed
4086,23032,69340,712,160,2023-11-08,3,Late Delivery,178580.28,Completed
4087,23035,69352,8822,766,2025-05-16,1,Size/Fit Issue,48070.39,Completed
4088,23040,69372,9226,542,2023-11-03,4,Wrong Product,287785.36,Completed
4089,23045,69393,8380,930,2023-04-29,1,Late Delivery,39320.83,Completed
4090,23060,69436,8806,324,2024-09-18,1,Wrong Product,65084.11,Completed
4091,23072,69473,2818,35,2024-09-08,1,Late Delivery,27954.63,Completed
4092,23083,69505,5761,506,2025-10-08,1,Late Delivery,48220.73,Completed
4093,23089,69528,740,552,2023-02-11,1,Quality Issue,36436.81,Completed
4094,23095,69547,1868,685,2023-02-05,1,Late Delivery,11278.33,Completed
4095,23099,69557,6945,89,2024-02-21,1,Product Not as Expected,61030.45,Completed
4096,23104,69572,770,299,2024-04-06,1,Changed Mind,40394.77,Completed
4097,23106,69577,7401,64,2024-04-18,1,Damaged Product,12866.2,Completed
4098,23113,69605,4781,636,2024-03-15,1,Size/Fit Issue,27784.14,Completed
4099,23118,69614,4419,341,2024-01-11,1,Quality Issue,11306.84,Completed
4100,23118,69617,4419,712,2024-01-11,1,Quality Issue,7038.7,Completed
4101,23121,69626,7751,544,2024-06-12,1,Quality Issue,60516.54,Completed
4102,23134,69669,5811,978,2025-04-10,1,Size/Fit Issue,70358.3,Completed
4103,23134,69672,5811,387,2025-04-10,1,Late Delivery,52394.46,Completed
4104,23136,69676,6761,15,2024-01-24,1,Damaged Product,62755.39,Completed
4105,23144,69701,4964,676,2025-08-01,2,Quality Issue,19072.7,Completed
4106,23144,69704,4964,909,2025-08-01,1,Product Not as Expected,56420.47,Completed
4107,23145,69707,5744,987,2025-04-28,1,Product Not as Expected,52051.56,Completed
4108,23169,69785,1576,930,2025-09-07,1,Damaged Product,39320.83,Completed
4109,23182,69820,2820,783,2023-06-18,1,Late Delivery,37236.78,Completed
4110,23186,69836,6526,203,2025-05-28,2,Late Delivery,41250.06,Completed
4111,23188,69843,7903,190,2025-01-28,1,Late Delivery,31464.71,Completed
4112,23193,69861,555,689,2023-03-02,1,Wrong Product,25507.31,Completed
4113,23194,69864,5962,622,2024-02-28,1,Quality Issue,69524.11,Completed
4114,23195,69866,8707,549,2025-12-11,1,Quality Issue,51380.02,Completed
4115,23200,69878,6579,581,2025-11-03,2,Damaged Product,86719.28,Completed
4116,23204,69895,6563,739,2023-11-09,1,Product Not as Expected,49616.69,Completed
4117,23208,69906,3059,293,2024-02-20,2,Wrong Product,28027.22,Completed
4118,23210,69911,3900,135,2024-01-24,3,Size/Fit Issue,163339.29,Completed
4119,23216,69929,1514,102,2025-05-29,1,Late Delivery,41669.88,Completed
4120,23218,69937,4075,532,2023-06-15,1,Size/Fit Issue,60027.29,Completed
4121,23218,69938,4075,566,2023-06-15,1,Size/Fit Issue,53985.24,Completed
4122,23219,69941,6319,581,2025-12-24,1,Wrong Product,43359.64,Completed
4123,23222,69950,974,394,2023-12-26,1,Wrong Product,42580.81,Completed
4124,23232,69987,8906,27,2025-02-02,1,Quality Issue,29873.78,Completed
4125,23241,70016,1787,523,2025-09-14,1,Changed Mind,19573.08,Completed
4126,23243,70023,1032,948,2023-05-07,1,Quality Issue,22542.75,Completed
4127,23245,70029,4133,888,2024-08-06,3,Damaged Product,84366.6,Completed
4128,23265,70087,7300,160,2025-09-19,1,Quality Issue,59526.76,Completed
4129,23268,70095,4020,266,2024-06-14,1,Size/Fit Issue,9890.24,Completed
4130,23271,70107,7440,41,2023-03-27,1,Late Delivery,47175.64,Completed
4131,23273,70115,7776,89,2023-04-05,1,Size/Fit Issue,61030.45,Completed
4132,23277,70125,2496,49,2023-06-30,1,Quality Issue,52319.21,Completed
4133,23281,70139,516,462,2025-04-13,1,Damaged Product,42608.45,Completed
4134,23284,70149,4990,56,2024-09-28,3,Late Delivery,27974.64,Completed
4135,23291,70171,2645,462,2023-01-08,1,Wrong Product,42608.45,Completed
4136,23293,70176,7797,512,2023-03-04,1,Changed Mind,8128.02,Completed
4137,23297,70186,4353,579,2024-05-26,4,Damaged Product,294974.6,Completed
4138,23297,70187,4353,270,2024-05-26,1,Wrong Product,6830.43,Completed
4139,23325,70262,2891,87,2024-09-25,2,Late Delivery,35378.48,Completed
4140,23329,70273,425,439,2024-06-26,1,Quality Issue,45327.89,Completed
4141,23356,70351,6649,108,2023-01-25,1,Product Not as Expected,18525.05,Completed
4142,23358,70360,9883,824,2023-03-14,2,Wrong Product,52974.74,Completed
4143,23364,70381,3729,133,2025-09-06,1,Product Not as Expected,12468.39,Completed
4144,23364,70383,3729,814,2025-09-06,1,Changed Mind,29179.36,Completed
4145,23372,70403,9441,68,2023-11-29,3,Wrong Product,182056.8,Completed
4146,23373,70409,7988,293,2023-08-11,1,Product Not as Expected,14013.61,Completed
4147,23404,70499,2090,383,2023-07-11,1,Size/Fit Issue,37571.74,Completed
4148,23409,70513,3123,932,2024-05-05,1,Late Delivery,53678.69,Completed
4149,23409,70514,3123,636,2024-05-05,2,Quality Issue,55568.28,Completed
4150,23413,70528,2421,571,2023-02-19,1,Late Delivery,7669.53,Completed
4151,23414,70530,9766,846,2023-09-22,2,Damaged Product,43773.58,Completed
4152,23416,70536,4914,106,2025-10-18,2,Damaged Product,93255.16,Completed
4153,23421,70550,5685,832,2025-06-12,4,Wrong Product,217117.16,Completed
4154,23435,70594,6647,660,2024-06-10,1,Changed Mind,24698.97,Completed
4155,23440,70613,8631,966,2024-01-14,4,Product Not as Expected,180813.68,Completed
4156,23446,70629,5788,998,2024-02-08,1,Wrong Product,15593.9,Completed
4157,23447,70631,6970,302,2024-09-14,2,Damaged Product,25164.6,Completed
4158,23455,70655,6359,207,2025-08-05,3,Quality Issue,251950.44,Completed
4159,23460,70669,6201,162,2024-08-19,3,Changed Mind,49440.39,Completed
4160,23467,70686,297,578,2024-10-29,1,Late Delivery,39704.69,Completed
4161,23467,70688,297,395,2024-10-29,2,Wrong Product,64798.34,Completed
4162,23475,70704,6582,385,2024-08-19,1,Quality Issue,51195.51,Completed
4163,23476,70708,1380,549,2024-06-19,2,Quality Issue,102760.04,Completed
4164,23481,70723,622,651,2023-11-21,1,Late Delivery,58787.12,Completed
4165,23491,70748,2389,156,2025-05-18,1,Size/Fit Issue,25532.83,Completed
4166,23495,70760,5159,335,2024-12-26,1,Product Not as Expected,53401.61,Completed
4167,23498,70771,6281,217,2023-02-25,1,Wrong Product,33435.22,Completed
4168,23501,70777,2433,169,2024-01-13,1,Product Not as Expected,48368.89,Completed
4169,23503,70780,50,34,2023-12-11,1,Quality Issue,54888.32,Completed
4170,23530,70856,9238,702,2025-09-10,1,Damaged Product,47715.26,Completed
4171,23533,70866,8547,433,2025-04-25,1,Wrong Product,47430.05,Completed
4172,23542,70895,9359,109,2024-11-02,2,Changed Mind,37007.72,Completed
4173,23544,70900,5588,584,2025-03-21,1,Late Delivery,28733.31,Completed
4174,23546,70913,5906,50,2025-04-30,1,Size/Fit Issue,31672.75,Completed
4175,23551,70926,7241,635,2025-03-16,2,Quality Issue,122145.08,Completed
4176,23557,70943,7825,147,2023-11-04,1,Quality Issue,18186.11,Completed
4177,23564,70967,659,930,2024-02-21,1,Wrong Product,39320.83,Completed
4178,23566,70977,8084,830,2023-05-13,1,Product Not as Expected,2181.3,Completed
4179,23566,70978,8084,202,2023-05-13,1,Late Delivery,32355.55,Completed
4180,23566,70979,8084,717,2023-05-13,1,Wrong Product,79658.52,Completed
4181,23573,71007,493,502,2023-09-28,3,Damaged Product,149793.06,Completed
4182,23585,71041,8731,824,2023-02-28,1,Size/Fit Issue,26487.37,Completed
4183,23588,71055,115,922,2023-03-30,1,Quality Issue,12986.88,Completed
4184,23593,71070,9610,271,2024-12-01,2,Changed Mind,56782.66,Completed
4185,23594,71075,8911,442,2024-06-18,1,Size/Fit Issue,63464.4,Completed
4186,23609,71115,547,641,2024-07-30,1,Wrong Product,12415.84,Completed
4187,23613,71127,8348,975,2024-06-18,4,Size/Fit Issue,211251.72,Completed
4188,23619,71144,716,483,2024-02-07,1,Quality Issue,81445.06,Completed
4189,23622,71156,1253,635,2024-03-03,1,Quality Issue,61072.54,Completed
4190,23624,71160,4953,520,2023-04-10,1,Late Delivery,49223.86,Completed
4191,23625,71161,2192,22,2025-08-18,1,Product Not as Expected,18377.28,Completed
4192,23633,71182,9764,328,2024-04-04,1,Late Delivery,71127.26,Completed
4193,23635,71189,4848,888,2025-08-04,2,Damaged Product,56244.4,Completed
4194,23641,71205,6559,774,2023-03-20,1,Changed Mind,43979.66,Completed
4195,23644,71214,9993,576,2025-09-29,1,Wrong Product,62418.64,Completed
4196,23650,71236,9738,208,2025-02-06,4,Quality Issue,213567.36,Completed
4197,23661,71265,9672,559,2024-08-11,1,Size/Fit Issue,46321.8,Completed
4198,23661,71266,9672,31,2024-08-11,1,Wrong Product,5278.2,Completed
4199,23662,71271,2269,486,2024-02-23,1,Product Not as Expected,11617.86,Completed
4200,23668,71289,3296,934,2023-12-14,1,Damaged Product,13975.94,Completed
4201,23676,71307,1755,920,2024-08-30,1,Late Delivery,34221.06,Completed
4202,23683,71326,5138,46,2023-09-01,1,Late Delivery,46849.91,Completed
4203,23683,71327,5138,509,2023-09-01,1,Damaged Product,19248.16,Completed
4204,23711,71398,2964,776,2024-03-07,1,Wrong Product,26241.11,Completed
4205,23712,71402,4569,518,2024-05-19,1,Changed Mind,6573.06,Completed
4206,23732,71473,5540,462,2023-11-15,3,Product Not as Expected,127825.35,Completed
4207,23743,71506,3139,901,2023-06-20,1,Size/Fit Issue,49064.78,Completed
4208,23746,71516,6247,878,2024-02-13,1,Product Not as Expected,81467.72,Completed
4209,23749,71524,5630,705,2023-03-11,1,Size/Fit Issue,48444.42,Completed
4210,23754,71541,7270,296,2024-12-16,1,Late Delivery,34627.87,Completed
4211,23762,71567,7859,479,2025-01-27,1,Damaged Product,1432.07,Completed
4212,23764,71575,5030,278,2025-05-18,1,Wrong Product,32103.08,Completed
4213,23770,71590,3825,422,2023-07-14,1,Damaged Product,36577.78,Completed
4214,23771,71593,2142,821,2023-07-23,1,Size/Fit Issue,38888.0,Completed
4215,23781,71617,7148,799,2025-05-13,1,Wrong Product,8251.88,Completed
4216,23784,71629,4156,585,2024-12-16,1,Late Delivery,22512.71,Completed
4217,23786,71635,2002,252,2023-05-05,1,Quality Issue,14289.54,Completed
4218,23798,71677,4529,536,2025-10-29,1,Wrong Product,64629.73,Completed
4219,23800,71682,838,835,2025-02-11,1,Damaged Product,33595.66,Completed
4220,23815,71720,6631,431,2023-01-12,1,Size/Fit Issue,8289.77,Completed
4221,23817,71727,1974,192,2025-03-19,1,Quality Issue,52336.65,Completed
4222,23826,71754,6006,775,2024-07-01,1,Changed Mind,19621.3,Completed
4223,23831,71769,26,996,2025-11-03,1,Changed Mind,43007.78,Completed
4224,23831,71770,26,884,2025-11-03,3,Size/Fit Issue,40978.23,Completed
4225,23832,71773,9531,581,2023-12-04,1,Size/Fit Issue,43359.64,Completed
4226,23843,71801,7272,271,2023-12-06,1,Late Delivery,28391.33,Completed
4227,23858,71849,6365,202,2024-03-07,1,Changed Mind,32355.55,Completed
4228,23884,71912,1839,626,2023-01-07,1,Damaged Product,59305.86,Completed
4229,23898,71964,4165,836,2024-06-14,1,Quality Issue,41004.0,Completed
4230,23900,71969,3948,357,2023-08-26,1,Size/Fit Issue,38950.15,Completed
4231,23901,71975,4772,74,2025-03-04,1,Late Delivery,25500.32,Completed
4232,23903,71981,6028,412,2025-10-05,3,Late Delivery,91144.29,Completed
4233,23922,72041,7659,313,2025-08-16,1,Wrong Product,14796.08,Completed
4234,23936,72090,968,75,2024-08-07,4,Wrong Product,37264.36,Completed
4235,23947,72122,2330,525,2024-09-21,1,Quality Issue,64720.45,Completed
4236,23948,72126,7805,836,2024-02-09,1,Quality Issue,41004.0,Completed
4237,23958,72152,7714,439,2025-08-14,2,Late Delivery,90655.78,Completed
4238,23964,72169,4722,706,2025-04-14,1,Product Not as Expected,39123.19,Completed
4239,23967,72176,9850,913,2023-11-08,1,Damaged Product,29739.74,Completed
4240,23971,72188,8782,824,2025-07-26,1,Product Not as Expected,26487.37,Completed
4241,23973,72195,6805,96,2024-05-07,1,Size/Fit Issue,4198.69,Completed
4242,23977,72205,4398,232,2025-10-30,1,Product Not as Expected,5776.45,Completed
4243,23979,72211,3587,298,2025-08-27,1,Damaged Product,64159.18,Completed
4244,23986,72229,2451,228,2023-08-22,1,Late Delivery,36535.13,Completed
4245,23991,72243,9786,453,2025-12-07,1,Product Not as Expected,16365.34,Completed
4246,23991,72244,9786,576,2025-12-07,2,Size/Fit Issue,124837.28,Completed
4247,23995,72251,2720,9,2024-01-04,1,Size/Fit Issue,61804.18,Completed
4248,24002,72273,6146,776,2024-01-08,3,Changed Mind,78723.33,Completed
4249,24015,72305,2092,534,2024-06-14,1,Product Not as Expected,3962.65,Completed
4250,24016,72310,3980,686,2024-07-13,1,Size/Fit Issue,1171.85,Completed
4251,24018,72314,3162,137,2023-08-30,1,Changed Mind,55784.74,Completed
4252,24060,72424,3275,962,2023-09-21,1,Product Not as Expected,27001.15,Completed
4253,24073,72470,6485,818,2025-11-22,2,Damaged Product,5034.4,Completed
4254,24075,72484,2154,135,2025-06-16,1,Changed Mind,54446.43,Completed
4255,24082,72500,3850,660,2024-05-22,1,Late Delivery,24698.97,Completed
4256,24085,72510,3059,9,2024-02-27,1,Size/Fit Issue,61804.18,Completed
4257,24089,72523,1389,36,2023-10-28,1,Damaged Product,4657.36,Completed
4258,24092,72530,7127,910,2023-05-20,3,Wrong Product,138402.18,Completed
4259,24098,72554,2260,954,2024-01-12,1,Size/Fit Issue,36145.73,Completed
4260,24111,72578,2853,462,2025-06-13,1,Late Delivery,42608.45,Completed
4261,24116,72595,9039,216,2023-12-29,1,Damaged Product,2917.11,Completed
4262,24118,72599,3447,93,2023-01-19,2,Product Not as Expected,41509.94,Completed
4263,24140,72664,9460,678,2023-01-13,1,Changed Mind,49387.32,Completed
4264,24145,72679,5875,419,2025-05-12,1,Changed Mind,55047.34,Completed
4265,24145,72680,5875,115,2025-05-12,1,Size/Fit Issue,15951.35,Completed
4266,24153,72705,4519,193,2023-08-30,2,Changed Mind,175970.1,Completed
4267,24166,72740,3395,680,2023-08-25,1,Quality Issue,66428.17,Completed
4268,24174,72767,3190,355,2024-05-20,2,Quality Issue,13230.0,Completed
4269,24190,72810,1121,671,2023-03-06,1,Quality Issue,65136.28,Completed
4270,24190,72813,1121,986,2023-03-06,1,Product Not as Expected,12731.58,Completed
4271,24194,72823,2167,589,2023-08-06,1,Product Not as Expected,60461.14,Completed
4272,24200,72842,4912,827,2023-12-16,2,Changed Mind,59747.02,Completed
4273,24214,72888,7528,528,2024-02-27,1,Quality Issue,48686.63,Completed
4274,24220,72900,5744,521,2024-09-15,1,Late Delivery,27762.23,Completed
4275,24227,72919,9318,281,2023-09-11,2,Changed Mind,9417.12,Completed
4276,24232,72933,5574,5,2025-03-04,2,Damaged Product,51924.16,Completed
4277,24236,72948,8528,734,2023-02-03,1,Size/Fit Issue,4017.31,Completed
4278,24238,72952,7387,483,2023-09-08,1,Late Delivery,81445.06,Completed
4279,24239,72956,6988,765,2025-04-11,1,Quality Issue,25081.25,Completed
4280,24244,72971,1154,247,2025-06-30,1,Late Delivery,54589.55,Completed
4281,24245,72974,162,818,2025-02-03,1,Wrong Product,2517.2,Completed
4282,24246,72977,6581,740,2025-12-29,1,Damaged Product,38333.46,Completed
4283,24251,72988,1623,370,2024-06-22,1,Changed Mind,42652.44,Completed
4284,24255,73004,2842,878,2025-01-12,1,Quality Issue,81467.72,Completed
4285,24257,73010,7040,160,2023-05-04,2,Size/Fit Issue,119053.52,Completed
4286,24272,73051,3666,567,2023-11-15,1,Product Not as Expected,31754.53,Completed
4287,24297,73128,5750,433,2025-10-09,2,Late Delivery,94860.1,Completed
4288,24299,73132,7803,53,2023-07-12,1,Quality Issue,69627.87,Completed
4289,24333,73223,9832,460,2025-03-09,1,Wrong Product,19125.51,Completed
4290,24333,73224,9832,31,2025-03-09,2,Quality Issue,10556.4,Completed
4291,24333,73225,9832,214,2025-03-09,1,Changed Mind,17174.56,Completed
4292,24339,73238,9545,928,2024-02-25,2,Size/Fit Issue,175051.38,Completed
4293,24342,73247,6445,268,2024-06-21,3,Wrong Product,230164.56,Completed
4294,24353,73275,8705,235,2024-10-07,2,Changed Mind,37412.46,Completed
4295,24358,73290,8323,401,2023-07-02,3,Product Not as Expected,252599.94,Completed
4296,24362,73303,7254,638,2024-08-01,1,Quality Issue,48836.11,Completed
4297,24367,73318,927,357,2023-04-04,2,Late Delivery,77900.3,Completed
4298,24368,73321,9250,820,2023-10-25,1,Changed Mind,41957.83,Completed
4299,24375,73347,1818,329,2024-08-30,1,Size/Fit Issue,53518.66,Completed
4300,24376,73348,4517,550,2024-11-27,1,Size/Fit Issue,8198.61,Completed
4301,24383,73373,5569,53,2025-05-30,3,Quality Issue,208883.61,Completed
4302,24394,73406,7693,539,2024-11-22,1,Wrong Product,59193.59,Completed
4303,24397,73410,7094,2,2024-02-27,1,Size/Fit Issue,76394.93,Completed
4304,24397,73411,7094,227,2024-02-27,1,Quality Issue,15855.11,Completed
4305,24400,73422,5285,754,2024-12-21,3,Changed Mind,30476.37,Completed
4306,24411,73453,397,991,2025-08-28,1,Changed Mind,16315.12,Completed
4307,24425,73493,707,652,2024-08-21,1,Product Not as Expected,44850.32,Completed
4308,24425,73494,707,985,2024-08-21,1,Wrong Product,59739.18,Completed
4309,24429,73505,1373,520,2023-04-19,1,Wrong Product,49223.86,Completed
4310,24433,73517,1794,278,2025-09-06,2,Late Delivery,64206.16,Completed
4311,24446,73548,1676,433,2025-01-29,1,Quality Issue,47430.05,Completed
4312,24457,73585,9406,498,2024-09-23,1,Wrong Product,59585.39,Completed
4313,24469,73607,1068,522,2024-06-07,1,Size/Fit Issue,7220.86,Completed
4314,24473,73618,796,604,2023-05-21,1,Late Delivery,36921.48,Completed
4315,24474,73623,2754,31,2024-05-31,1,Changed Mind,5278.2,Completed
4316,24487,73666,7579,418,2025-05-30,1,Late Delivery,6259.15,Completed
4317,24492,73681,5336,5,2025-08-27,1,Product Not as Expected,25962.08,Completed
4318,24495,73688,1709,923,2025-10-31,1,Damaged Product,3340.47,Completed
4319,24507,73726,7707,462,2025-07-16,1,Changed Mind,42608.45,Completed
4320,24516,73749,9989,266,2025-08-12,4,Quality Issue,39560.96,Completed
4321,24517,73753,9274,302,2025-09-30,2,Late Delivery,25164.6,Completed
4322,24521,73767,7137,22,2023-12-26,1,Late Delivery,18377.28,Completed
4323,24522,73774,4757,376,2023-08-11,2,Changed Mind,127043.62,Completed
4324,24532,73805,5676,996,2023-05-30,1,Late Delivery,43007.78,Completed
4325,24546,73857,1779,634,2025-09-26,3,Damaged Product,117429.18,Completed
4326,24552,73879,4640,294,2024-11-26,1,Product Not as Expected,41899.87,Completed
4327,24556,73889,8491,900,2023-02-14,1,Wrong Product,10764.09,Completed
4328,24556,73890,8491,705,2023-02-14,1,Late Delivery,48444.42,Completed
4329,24558,73898,2424,84,2025-01-04,1,Wrong Product,12692.83,Completed
4330,24563,73913,6814,221,2024-08-14,1,Quality Issue,9501.02,Completed
4331,24566,73917,7732,537,2025-10-18,1,Product Not as Expected,53194.66,Completed
4332,24571,73932,2388,133,2024-01-26,1,Quality Issue,12468.39,Completed
4333,24573,73939,7661,303,2024-09-19,1,Changed Mind,30281.73,Completed
4334,24576,73950,398,640,2024-12-27,1,Changed Mind,21322.1,Completed
4335,24585,73968,7934,994,2024-06-10,3,Quality Issue,166405.8,Completed
4336,24586,73969,2005,403,2025-02-09,1,Damaged Product,13616.52,Completed
4337,24597,74008,526,358,2023-11-15,1,Damaged Product,43775.04,Completed
4338,24607,74033,4085,274,2024-05-13,3,Late Delivery,136480.59,Completed
4339,24618,74069,9488,847,2024-11-14,1,Damaged Product,86269.16,Completed
4340,24647,74163,4768,862,2024-04-04,2,Changed Mind,115465.7,Completed
4341,24658,74184,5708,820,2025-01-08,1,Late Delivery,41957.83,Completed
4342,24659,74186,763,61,2025-05-04,2,Quality Issue,110656.1,Completed
4343,24661,74189,1121,547,2023-09-19,1,Damaged Product,12707.2,Completed
4344,24664,74198,8840,451,2025-11-15,1,Size/Fit Issue,17488.8,Completed
4345,24664,74200,8840,698,2025-11-15,1,Size/Fit Issue,36376.6,Completed
4346,24667,74206,9411,438,2024-03-11,1,Damaged Product,62279.76,Completed
4347,24675,74232,511,603,2024-07-16,1,Changed Mind,3198.92,Completed
4348,24679,74241,5417,410,2025-06-07,3,Quality Issue,55575.06,Completed
4349,24680,74248,3515,433,2023-03-02,2,Size/Fit Issue,94860.1,Completed
4350,24686,74266,522,815,2025-12-30,1,Damaged Product,36440.07,Completed
4351,24690,74275,5312,208,2025-05-01,2,Late Delivery,106783.68,Completed
4352,24699,74298,4144,248,2024-05-12,1,Damaged Product,1372.21,Completed
4353,24702,74308,7398,831,2024-07-17,3,Late Delivery,217279.08,Completed
4354,24708,74329,4257,604,2023-03-30,1,Late Delivery,36921.48,Completed
4355,24709,74332,7032,878,2024-10-23,1,Late Delivery,81467.72,Completed
4356,24716,74350,6040,531,2024-08-12,1,Late Delivery,10649.77,Completed
4357,24717,74352,1020,950,2023-12-01,3,Size/Fit Issue,14634.96,Completed
4358,24720,74359,802,306,2025-07-11,1,Changed Mind,43852.88,Completed
4359,24727,74381,9293,186,2023-09-19,1,Quality Issue,63029.09,Completed
4360,24734,74401,3425,774,2024-09-29,1,Damaged Product,43979.66,Completed
4361,24736,74406,7227,990,2025-04-19,1,Late Delivery,16191.64,Completed
4362,24746,74438,4102,47,2025-06-26,1,Wrong Product,33493.63,Completed
4363,24750,74458,1642,888,2023-06-29,1,Quality Issue,28122.2,Completed
4364,24753,74470,491,475,2023-07-28,1,Damaged Product,22537.66,Completed
4365,24758,74482,7747,488,2024-05-22,2,Quality Issue,21629.02,Completed
4366,24763,74500,4142,67,2023-03-18,1,Changed Mind,27469.03,Completed
4367,24765,74509,9844,694,2024-08-11,1,Late Delivery,75656.77,Completed
4368,24767,74520,5944,479,2023-03-23,1,Damaged Product,1432.07,Completed
4369,24780,74562,2134,122,2024-04-29,1,Product Not as Expected,61466.27,Completed
4370,24789,74589,9444,210,2025-08-16,1,Damaged Product,56937.99,Completed
4371,24792,74595,1046,219,2023-04-05,3,Changed Mind,161030.1,Completed
4372,24793,74603,5201,799,2024-09-13,2,Changed Mind,16503.76,Completed
4373,24795,74607,887,91,2023-08-25,1,Product Not as Expected,35131.7,Completed
4374,24795,74608,887,887,2023-08-25,1,Changed Mind,31901.21,Completed
4375,24796,74612,3432,330,2024-12-14,1,Size/Fit Issue,8572.48,Completed
4376,24804,74642,2130,503,2024-08-02,1,Size/Fit Issue,59379.17,Completed
4377,24808,74649,9356,189,2023-06-13,1,Size/Fit Issue,20527.13,Completed
4378,24808,74650,9356,314,2023-06-13,1,Damaged Product,18663.84,Completed
4379,24821,74685,6535,734,2025-06-09,1,Quality Issue,4017.31,Completed
4380,24831,74713,165,462,2024-01-13,1,Late Delivery,42608.45,Completed
4381,24836,74728,379,27,2023-11-21,1,Damaged Product,29873.78,Completed
4382,24838,74737,6101,523,2023-02-10,1,Damaged Product,19573.08,Completed
4383,24839,74742,2503,135,2025-10-09,1,Changed Mind,54446.43,Completed
4384,24841,74747,2680,188,2025-03-15,2,Late Delivery,102071.26,Completed
4385,24843,74757,2716,775,2025-11-13,1,Damaged Product,19621.3,Completed
4386,24859,74797,8842,695,2024-05-17,1,Wrong Product,36339.69,Completed
4387,24861,74803,2447,224,2023-07-25,1,Product Not as Expected,29142.1,Completed
4388,24864,74812,7692,502,2023-08-13,2,Product Not as Expected,99862.04,Completed
4389,24880,74857,8950,303,2024-09-26,1,Wrong Product,30281.73,Completed
4390,24892,74891,8958,923,2023-06-30,1,Quality Issue,3340.47,Completed
4391,24897,74914,2057,950,2024-07-06,1,Size/Fit Issue,4878.32,Completed
4392,24909,74942,9217,531,2024-03-26,1,Size/Fit Issue,10649.77,Completed
4393,24909,74944,9217,924,2024-03-26,1,Wrong Product,35999.57,Completed
4394,24916,74958,770,124,2025-04-19,2,Quality Issue,64506.2,Completed
4395,24918,74962,6319,552,2023-03-23,1,Damaged Product,36436.81,Completed
4396,24919,74964,887,439,2024-05-26,5,Wrong Product,226639.45,Completed
4397,24922,74976,3744,963,2025-07-27,1,Size/Fit Issue,31741.06,Completed
4398,24925,74986,1449,409,2023-02-11,1,Quality Issue,61954.7,Completed
4399,24927,74993,9139,649,2023-01-27,1,Changed Mind,52465.73,Completed
4400,24936,75019,9165,342,2025-11-09,1,Wrong Product,15005.18,Completed
4401,24938,75025,5782,247,2025-11-24,1,Quality Issue,54589.55,Completed
4402,24940,75034,3922,900,2023-07-12,1,Late Delivery,10764.09,Completed
4403,24946,75055,4005,409,2023-04-25,1,Product Not as Expected,61954.7,Completed
4404,24952,75070,7748,820,2025-05-23,1,Product Not as Expected,41957.83,Completed
4405,24954,75077,3456,200,2023-06-08,2,Damaged Product,53980.8,Completed
4406,24956,75081,9500,985,2024-04-13,1,Changed Mind,59739.18,Completed
4407,24968,75123,305,835,2025-03-10,1,Wrong Product,33595.66,Completed
4408,24976,75149,1866,119,2023-02-11,3,Changed Mind,187382.4,Completed
4409,24985,75168,6077,352,2024-11-08,1,Product Not as Expected,3351.05,Completed
4410,24990,75179,499,862,2023-11-23,3,Changed Mind,173198.55,Completed
4411,24997,75197,1895,638,2025-11-09,1,Wrong Product,48836.11,Completed
4412,24999,75204,7819,695,2025-09-06,1,Late Delivery,36339.69,Completed
4413,25007,75230,4672,626,2023-11-11,1,Late Delivery,59305.86,Completed
4414,25011,75241,9897,926,2023-07-25,1,Quality Issue,1457.04,Completed
4415,25015,75254,1142,592,2024-05-03,1,Product Not as Expected,8207.23,Completed
4416,25025,75278,8474,749,2025-08-11,1,Changed Mind,36739.73,Completed
4417,25033,75291,2960,433,2024-09-13,1,Size/Fit Issue,47430.05,Completed
4418,25044,75327,2584,431,2025-04-24,1,Late Delivery,8289.77,Completed
4419,25052,75351,1416,247,2023-04-12,1,Product Not as Expected,54589.55,Completed
4420,25055,75359,847,483,2023-02-28,3,Product Not as Expected,244335.18,Completed
4421,25062,75381,4744,376,2023-05-21,1,Quality Issue,63521.81,Completed
4422,25068,75402,8465,539,2024-12-30,1,Changed Mind,59193.59,Completed
4423,25076,75428,8895,518,2023-01-14,2,Changed Mind,13146.12,Completed
4424,25080,75439,6636,1000,2025-05-27,1,Late Delivery,35293.76,Completed
4425,25082,75450,4228,9,2023-02-05,1,Changed Mind,61804.18,Completed
4426,25094,75488,7676,995,2023-07-08,2,Damaged Product,44173.58,Completed
4427,25102,75513,5561,371,2023-09-30,1,Wrong Product,58976.75,Completed
4428,25105,75525,1547,226,2024-03-25,1,Quality Issue,3033.14,Completed
4429,25109,75535,7832,800,2025-03-06,2,Damaged Product,23238.9,Completed
4430,25112,75542,314,499,2025-01-05,2,Wrong Product,58053.78,Completed
4431,25115,75552,3132,990,2023-04-05,1,Product Not as Expected,16191.64,Completed
4432,25126,75578,4413,436,2025-02-28,2,Product Not as Expected,44218.08,Completed
4433,25131,75589,697,55,2023-01-29,2,Late Delivery,98621.26,Completed
4434,25147,75638,2093,317,2025-08-15,2,Quality Issue,101482.58,Completed
4435,25149,75644,9415,457,2023-03-02,1,Changed Mind,8011.23,Completed
4436,25155,75663,6607,722,2025-03-18,1,Size/Fit Issue,26197.06,Completed
4437,25159,75675,3631,273,2025-06-06,1,Size/Fit Issue,58733.95,Completed
4438,25162,75684,3408,353,2023-07-11,1,Wrong Product,44608.27,Completed
4439,25165,75691,5804,433,2023-01-25,2,Changed Mind,94860.1,Completed
4440,25170,75706,6953,638,2025-06-13,2,Damaged Product,97672.22,Completed
4441,25172,75710,7186,854,2024-07-04,1,Quality Issue,32541.32,Completed
4442,25178,75722,7830,523,2025-05-16,1,Product Not as Expected,19573.08,Completed
4443,25179,75727,5662,144,2025-11-13,2,Damaged Product,80939.08,Completed
4444,25186,75755,2576,528,2024-02-13,1,Wrong Product,48686.63,Completed
4445,25188,75764,5424,62,2023-12-08,1,Changed Mind,64455.04,Completed
4446,25190,75774,901,682,2025-03-09,4,Late Delivery,355846.6,Completed
4447,25193,75781,1961,539,2025-05-11,1,Damaged Product,59193.59,Completed
4448,25202,75806,9572,822,2023-07-18,2,Wrong Product,25760.22,Completed
4449,25206,75818,2996,390,2025-10-06,1,Product Not as Expected,58992.99,Completed
4450,25209,75828,7558,869,2024-02-15,1,Product Not as Expected,27599.74,Completed
4451,25212,75836,8063,162,2023-09-29,2,Size/Fit Issue,32960.26,Completed
4452,25221,75860,7890,523,2023-04-30,1,Product Not as Expected,19573.08,Completed
4453,25239,75916,4767,390,2023-06-05,5,Late Delivery,294964.95,Completed
4454,25239,75917,4767,484,2023-06-05,1,Damaged Product,62844.55,Completed
4455,25244,75926,3054,855,2025-02-25,2,Quality Issue,100185.38,Completed
4456,25245,75931,5941,815,2025-06-18,1,Quality Issue,36440.07,Completed
4457,25246,75937,4667,347,2025-12-23,5,Wrong Product,228852.25,Completed
4458,25254,75961,1639,329,2025-07-23,1,Size/Fit Issue,53518.66,Completed
4459,25259,75972,7592,818,2025-01-03,1,Late Delivery,2517.2,Completed
4460,25260,75974,4857,429,2025-05-22,1,Size/Fit Issue,13493.42,Completed
4461,25260,75975,4857,799,2025-05-22,1,Product Not as Expected,8251.88,Completed
4462,25261,75977,3643,638,2023-07-24,1,Changed Mind,48836.11,Completed
4463,25285,76054,2849,602,2023-07-27,3,Late Delivery,90438.6,Completed
4464,25287,76057,1466,592,2023-02-18,1,Changed Mind,8207.23,Completed
4465,25291,76068,985,959,2024-04-14,1,Late Delivery,70639.35,Completed
4466,25291,76069,985,69,2024-04-14,2,Size/Fit Issue,65859.24,Completed
4467,25297,76094,3901,176,2025-04-07,1,Wrong Product,4905.76,Completed
4468,25300,76103,2151,49,2024-10-06,1,Changed Mind,52319.21,Completed
4469,25303,76110,3431,176,2024-03-24,1,Wrong Product,4905.76,Completed
4470,25317,76162,2548,60,2023-04-26,1,Wrong Product,71063.14,Completed
4471,25321,76173,6112,541,2025-07-04,1,Quality Issue,38960.03,Completed
4472,25324,76185,6392,418,2024-07-01,1,Changed Mind,6259.15,Completed
4473,25324,76187,6392,292,2024-07-01,2,Wrong Product,111195.16,Completed
4474,25327,76195,7132,883,2024-05-02,1,Changed Mind,70912.74,Completed
4475,25328,76198,4148,135,2025-09-21,2,Changed Mind,108892.86,Completed
4476,25328,76200,4148,423,2025-09-21,1,Changed Mind,40200.35,Completed
4477,25328,76201,4148,510,2025-09-21,2,Changed Mind,100691.32,Completed
4478,25329,76203,8149,886,2023-07-15,2,Wrong Product,98670.36,Completed
4479,25335,76223,3525,80,2023-11-29,2,Product Not as Expected,110151.04,Completed
4480,25336,76227,2129,714,2025-11-21,1,Wrong Product,48096.56,Completed
4481,25337,76232,5034,685,2025-10-10,2,Damaged Product,22556.66,Completed
4482,25340,76238,9002,191,2024-01-28,2,Quality Issue,91597.34,Completed
4483,25343,76244,5208,830,2024-10-04,2,Late Delivery,4362.6,Completed
4484,25343,76246,5208,541,2024-10-04,1,Product Not as Expected,38960.03,Completed
4485,25345,76254,7986,109,2023-12-23,1,Quality Issue,18503.86,Completed
4486,25345,76257,7986,929,2023-12-23,1,Late Delivery,38049.95,Completed
4487,25346,76260,4524,929,2023-05-12,2,Late Delivery,76099.9,Completed
4488,25346,76262,4524,709,2023-05-12,1,Changed Mind,1203.2,Completed
4489,25347,76266,5318,180,2025-02-25,1,Size/Fit Issue,20525.8,Completed
4490,25357,76300,4510,273,2023-01-22,2,Damaged Product,117467.9,Completed
4491,25364,76318,1863,681,2024-02-09,1,Changed Mind,68806.9,Completed
4492,25366,76325,9520,604,2024-08-14,1,Damaged Product,36921.48,Completed
4493,25368,76329,6043,934,2025-08-05,1,Changed Mind,13975.94,Completed
4494,25385,76377,4082,842,2025-10-29,1,Product Not as Expected,9424.2,Completed
4495,25390,76391,6168,35,2025-01-05,1,Size/Fit Issue,27954.63,Completed
4496,25394,76403,8374,266,2024-08-31,3,Product Not as Expected,29670.72,Completed
4497,25396,76406,4326,232,2025-03-26,1,Damaged Product,5776.45,Completed
4498,25398,76417,1102,422,2025-09-20,1,Quality Issue,36577.78,Completed
4499,25401,76428,2752,341,2025-06-18,2,Quality Issue,22613.68,Completed
4500,25404,76437,2325,581,2025-09-08,4,Quality Issue,173438.56,Completed
4501,25408,76446,5996,239,2024-08-06,2,Quality Issue,5123.68,Completed
4502,25422,76495,3729,780,2025-06-17,2,Late Delivery,79741.86,Completed
4503,25424,76499,6081,86,2025-05-18,1,Wrong Product,55528.31,Completed
4504,25443,76561,2738,354,2024-03-27,4,Size/Fit Issue,97198.72,Completed
4505,25444,76564,2083,227,2025-04-09,1,Wrong Product,15855.11,Completed
4506,25451,76587,5443,188,2024-11-08,1,Size/Fit Issue,51035.63,Completed
4507,25454,76600,9677,125,2023-09-16,1,Quality Issue,70030.43,Completed
4508,25456,76607,8569,440,2023-01-07,1,Wrong Product,53089.24,Completed
4509,25461,76619,3400,178,2023-09-09,1,Late Delivery,11810.77,Completed
4510,25470,76646,8779,3,2024-02-05,1,Late Delivery,43470.0,Completed
4511,25474,76661,8206,920,2023-06-25,3,Product Not as Expected,102663.18,Completed
4512,25493,76719,537,716,2024-04-19,4,Damaged Product,151630.0,Completed
4513,25494,76724,4053,732,2024-09-24,1,Quality Issue,61153.47,Completed
4514,25497,76732,1703,929,2023-10-29,2,Product Not as Expected,76099.9,Completed
4515,25500,76742,5307,75,2024-10-19,1,Late Delivery,9316.09,Completed
4516,25505,76752,5634,991,2024-11-12,1,Wrong Product,16315.12,Completed
4517,25516,76790,7087,962,2023-07-01,1,Product Not as Expected,27001.15,Completed
4518,25517,76791,6951,523,2025-12-20,1,Late Delivery,19573.08,Completed
4519,25518,76794,4197,739,2025-10-23,1,Changed Mind,49616.69,Completed
4520,25529,76820,6613,840,2025-12-04,1,Damaged Product,75935.96,Completed
4521,25532,76829,4514,168,2025-11-13,1,Damaged Product,28085.21,Completed
4522,25535,76844,1570,566,2025-02-04,1,Product Not as Expected,53985.24,Completed
4523,25540,76860,3177,73,2024-10-23,1,Wrong Product,2096.83,Completed
4524,25544,76876,1748,429,2025-12-12,1,Wrong Product,13493.42,Completed
4525,25545,76880,7304,869,2023-01-05,1,Damaged Product,27599.74,Completed
4526,25562,76921,6295,43,2025-01-01,1,Quality Issue,44927.43,Completed
4527,25568,76943,3014,831,2023-03-02,1,Late Delivery,72426.36,Completed
4528,25573,76959,6879,341,2025-08-02,1,Late Delivery,11306.84,Completed
4529,25578,76972,6863,12,2025-08-02,1,Changed Mind,35202.17,Completed
4530,25582,76981,6778,110,2025-09-08,1,Damaged Product,61600.35,Completed
4531,25583,76982,4464,317,2023-08-03,2,Changed Mind,101482.58,Completed
4532,25584,76986,9406,779,2024-10-12,1,Wrong Product,52000.66,Completed
4533,25599,77028,6511,477,2024-12-05,1,Late Delivery,35861.59,Completed
4534,25608,77054,9975,617,2024-07-13,1,Wrong Product,37738.08,Completed
4535,25610,77059,9324,25,2024-05-02,1,Late Delivery,30269.48,Completed
4536,25614,77069,9097,286,2025-07-16,2,Changed Mind,140236.32,Completed
4537,25617,77079,7944,517,2025-12-26,1,Product Not as Expected,27837.58,Completed
4538,25638,77142,2958,201,2025-01-09,1,Late Delivery,26322.63,Completed
4539,25640,77150,1773,626,2025-10-10,2,Size/Fit Issue,118611.72,Completed
4540,25654,77196,8301,958,2023-12-27,1,Quality Issue,11746.01,Completed
4541,25655,77203,3806,830,2025-12-18,2,Size/Fit Issue,4362.6,Completed
4542,25656,77207,322,929,2023-10-18,1,Product Not as Expected,38049.95,Completed
4543,25658,77209,2944,900,2025-02-20,1,Size/Fit Issue,10764.09,Completed
4544,25662,77224,7213,990,2023-01-06,1,Product Not as Expected,16191.64,Completed
4545,25663,77225,5310,576,2023-10-12,1,Quality Issue,62418.64,Completed
4546,25663,77227,5310,866,2023-10-12,1,Wrong Product,26357.51,Completed
4547,25665,77234,6355,566,2023-11-06,1,Wrong Product,53985.24,Completed
4548,25675,77269,8035,632,2024-09-22,1,Late Delivery,43423.57,Completed
4549,25684,77292,2159,648,2024-11-28,1,Damaged Product,7799.17,Completed
4550,25685,77293,9698,172,2025-03-14,1,Product Not as Expected,47976.13,Completed
4551,25692,77314,1903,31,2025-12-27,2,Quality Issue,10556.4,Completed
4552,25692,77318,1903,764,2025-12-27,1,Size/Fit Issue,48726.1,Completed
4553,25700,77345,1386,41,2025-07-16,1,Late Delivery,47175.64,Completed
4554,25702,77349,9689,145,2025-08-20,1,Product Not as Expected,1006.29,Completed
4555,25707,77358,8549,897,2024-05-11,1,Changed Mind,53721.31,Completed
4556,25716,77390,4308,896,2024-06-27,1,Quality Issue,14625.74,Completed
4557,25716,77391,4308,720,2024-06-27,1,Size/Fit Issue,54891.8,Completed
4558,25717,77394,329,573,2023-02-10,1,Damaged Product,17211.31,Completed
4559,25727,77423,8296,144,2023-04-05,1,Size/Fit Issue,40469.54,Completed
4560,25733,77439,4813,820,2025-11-28,1,Wrong Product,41957.83,Completed
4561,25741,77467,8474,723,2023-06-10,2,Damaged Product,35496.4,Completed
4562,25742,77468,6027,694,2023-06-10,1,Late Delivery,75656.77,Completed
4563,25746,77485,1352,344,2024-03-22,2,Changed Mind,8164.02,Completed
4564,25754,77512,3248,353,2025-12-29,1,Wrong Product,44608.27,Completed
4565,25762,77540,6903,6,2025-11-26,1,Changed Mind,32520.87,Completed
4566,25771,77558,675,981,2024-09-29,1,Damaged Product,48465.68,Completed
4567,25771,77560,675,94,2024-09-29,1,Changed Mind,17477.85,Completed
4568,25773,77566,4837,274,2024-03-15,2,Damaged Product,90987.06,Completed
4569,25776,77571,7410,756,2023-01-23,1,Late Delivery,19745.61,Completed
4570,25794,77629,7664,659,2023-08-10,1,Damaged Product,41906.8,Completed
4571,25804,77666,7392,877,2024-09-07,1,Late Delivery,30569.83,Completed
4572,25814,77696,162,694,2024-03-05,2,Damaged Product,151313.54,Completed
4573,25814,77698,162,324,2024-03-05,1,Late Delivery,65084.11,Completed
4574,25815,77701,6975,799,2024-04-03,2,Size/Fit Issue,16503.76,Completed
4575,25820,77722,9583,750,2023-05-20,1,Late Delivery,32361.89,Completed
4576,25824,77734,4,166,2024-07-19,1,Wrong Product,33798.55,Completed
4577,25825,77738,8374,830,2024-05-03,1,Changed Mind,2181.3,Completed
4578,25832,77760,6809,966,2023-12-22,1,Damaged Product,45203.42,Completed
4579,25837,77775,180,63,2025-07-13,2,Late Delivery,39492.46,Completed
4580,25838,77778,1827,324,2023-04-14,1,Size/Fit Issue,65084.11,Completed
4581,25863,77852,124,231,2023-04-08,1,Quality Issue,21715.73,Completed
4582,25879,77899,8846,503,2023-12-16,1,Product Not as Expected,59379.17,Completed
4583,25893,77938,4183,376,2023-06-07,1,Product Not as Expected,63521.81,Completed
4584,25894,77941,6754,621,2024-04-11,3,Changed Mind,29805.33,Completed
4585,25899,77953,479,779,2025-10-03,1,Product Not as Expected,52000.66,Completed
4586,25906,77969,4035,453,2025-04-02,1,Product Not as Expected,16365.34,Completed
4587,25907,77977,9922,642,2024-01-13,1,Damaged Product,9120.83,Completed
4588,25908,77979,31,989,2025-11-04,1,Size/Fit Issue,20210.29,Completed
4589,25910,77985,2095,100,2025-10-15,1,Quality Issue,30150.66,Completed
4590,25910,77986,2095,550,2025-10-15,1,Late Delivery,8198.61,Completed
4591,25911,77987,3081,878,2025-07-07,1,Late Delivery,81467.72,Completed
4592,25912,77992,4789,607,2023-07-28,1,Changed Mind,4401.63,Completed
4593,25925,78047,6619,251,2024-02-15,1,Product Not as Expected,27200.0,Completed
4594,25934,78078,8886,298,2025-07-06,1,Changed Mind,64159.18,Completed
4595,25938,78093,1825,251,2023-01-30,1,Late Delivery,27200.0,Completed
4596,25940,78102,5349,155,2024-08-17,1,Size/Fit Issue,75355.28,Completed
4597,25943,78106,3204,76,2024-10-27,2,Quality Issue,49382.44,Completed
4598,25944,78109,8442,75,2024-06-29,1,Late Delivery,9316.09,Completed
4599,25951,78135,1920,796,2023-11-16,1,Product Not as Expected,22992.5,Completed
4600,25951,78137,1920,856,2023-11-16,1,Changed Mind,5045.15,Completed
4601,25957,78154,8993,765,2023-04-15,1,Damaged Product,25081.25,Completed
4602,25957,78157,8993,928,2023-04-15,1,Changed Mind,87525.69,Completed
4603,25966,78179,801,276,2023-12-07,1,Changed Mind,39861.23,Completed
4604,25966,78180,801,491,2023-12-07,3,Product Not as Expected,155522.01,Completed
4605,25981,78230,878,10,2024-06-18,1,Wrong Product,2841.22,Completed
4606,25983,78238,6736,957,2025-05-09,1,Changed Mind,58003.08,Completed
4607,25986,78249,4566,238,2023-08-07,1,Changed Mind,54878.07,Completed
4608,25988,78258,8412,525,2025-10-04,1,Product Not as Expected,64720.45,Completed
4609,25998,78285,6363,47,2023-06-14,1,Changed Mind,33493.63,Completed
4610,26002,78296,4474,715,2025-12-30,1,Damaged Product,47169.08,Completed
4611,26006,78307,5412,814,2025-03-15,3,Wrong Product,87538.08,Completed
4612,26015,78334,3479,685,2023-02-06,1,Product Not as Expected,11278.33,Completed
4613,26030,78373,8644,357,2025-10-26,1,Quality Issue,38950.15,Completed
4614,26032,78376,3023,948,2024-11-13,2,Damaged Product,45085.5,Completed
4615,26056,78451,3089,993,2023-11-04,2,Size/Fit Issue,110248.86,Completed
4616,26056,78452,3089,131,2023-11-04,2,Changed Mind,145533.72,Completed
4617,26060,78463,6547,88,2023-04-26,2,Wrong Product,94099.9,Completed
4618,26062,78469,7384,541,2023-08-21,1,Product Not as Expected,38960.03,Completed
4619,26063,78473,3958,368,2023-09-29,1,Quality Issue,54568.01,Completed
4620,26067,78483,1623,633,2024-07-31,1,Changed Mind,16271.17,Completed
4621,26075,78506,3817,101,2024-08-06,1,Changed Mind,74696.66,Completed
4622,26081,78525,6218,91,2024-08-01,1,Late Delivery,35131.7,Completed
4623,26086,78540,3912,263,2023-03-26,1,Size/Fit Issue,73307.77,Completed
4624,26087,78544,3699,96,2025-08-05,1,Late Delivery,4198.69,Completed
4625,26095,78574,6096,866,2025-01-04,1,Product Not as Expected,26357.51,Completed
4626,26097,78580,7314,902,2023-12-06,1,Changed Mind,32965.09,Completed
4627,26101,78591,9258,589,2023-08-30,1,Quality Issue,60461.14,Completed
4628,26105,78609,1051,662,2023-05-26,1,Late Delivery,43228.98,Completed
4629,26106,78610,3555,684,2024-11-09,3,Wrong Product,74434.14,Completed
4630,26106,78611,3555,117,2024-11-09,1,Wrong Product,34750.87,Completed
4631,26115,78636,5544,573,2024-11-06,1,Late Delivery,17211.31,Completed
4632,26119,78649,2750,823,2024-12-14,1,Late Delivery,15069.09,Completed
4633,26120,78656,7800,523,2025-04-04,3,Product Not as Expected,58719.24,Completed
4634,26126,78667,9757,87,2025-05-26,1,Damaged Product,17689.24,Completed
4635,26133,78692,870,124,2025-07-11,1,Changed Mind,32253.1,Completed
4636,26137,78705,3747,574,2023-10-19,1,Late Delivery,8147.88,Completed
4637,26142,78723,7415,581,2025-03-17,1,Quality Issue,43359.64,Completed
4638,26155,78757,3346,151,2023-03-12,1,Damaged Product,14069.72,Completed
4639,26158,78763,1845,517,2024-04-08,1,Product Not as Expected,27837.58,Completed
4640,26165,78787,1704,351,2024-08-06,2,Damaged Product,84401.92,Completed
4641,26166,78793,3592,97,2025-03-14,1,Quality Issue,6899.98,Completed
4642,26167,78794,92,176,2023-09-02,1,Wrong Product,4905.76,Completed
4643,26172,78809,435,798,2025-06-04,1,Changed Mind,52611.13,Completed
4644,26175,78815,7332,134,2024-02-18,1,Changed Mind,51523.91,Completed
4645,26196,78868,7944,456,2023-05-01,1,Wrong Product,39470.43,Completed
4646,26206,78888,107,525,2023-02-17,1,Damaged Product,64720.45,Completed
4647,26208,78896,4053,70,2025-09-02,1,Changed Mind,34867.93,Completed
4648,26221,78931,869,975,2023-11-09,1,Quality Issue,52812.93,Completed
4649,26230,78962,1814,742,2025-03-30,1,Damaged Product,47022.51,Completed
4650,26232,78965,7409,368,2023-09-15,1,Product Not as Expected,54568.01,Completed
4651,26236,78974,9055,177,2025-10-21,1,Product Not as Expected,55232.52,Completed
4652,26241,78993,5039,581,2024-11-06,2,Late Delivery,86719.28,Completed
4653,26245,79007,7208,236,2025-01-30,3,Damaged Product,50048.97,Completed
4654,26250,79027,2429,186,2023-12-29,1,Size/Fit Issue,63029.09,Completed
4655,26255,79040,3992,171,2023-12-25,1,Size/Fit Issue,30953.01,Completed
4656,26262,79065,5022,888,2023-08-11,1,Quality Issue,28122.2,Completed
4657,26263,79071,9493,883,2025-09-14,1,Size/Fit Issue,70912.74,Completed
4658,26264,79073,4863,998,2025-01-19,4,Wrong Product,62375.6,Completed
4659,26266,79081,4559,97,2023-03-21,2,Size/Fit Issue,13799.96,Completed
4660,26277,79115,6658,929,2024-07-01,1,Wrong Product,38049.95,Completed
4661,26294,79165,6842,209,2025-07-08,2,Damaged Product,86509.18,Completed
4662,26299,79184,3627,306,2025-02-22,1,Damaged Product,43852.88,Completed
4663,26304,79196,4956,924,2023-06-03,2,Product Not as Expected,71999.14,Completed
4664,26310,79217,9262,165,2024-06-06,1,Wrong Product,32402.49,Completed
4665,26321,79256,2650,464,2025-02-03,1,Quality Issue,66431.66,Completed
4666,26324,79263,5816,848,2023-04-19,1,Size/Fit Issue,49254.59,Completed
4667,26330,79281,4811,532,2025-07-04,1,Quality Issue,60027.29,Completed
4668,26332,79289,6593,107,2025-06-17,1,Damaged Product,63426.1,Completed
4669,26332,79291,6593,324,2025-06-17,1,Changed Mind,65084.11,Completed
4670,26337,79305,4946,410,2025-01-28,3,Quality Issue,55575.06,Completed
4671,26340,79316,21,131,2023-02-18,2,Wrong Product,145533.72,Completed
4672,26350,79339,8595,775,2024-06-04,1,Size/Fit Issue,19621.3,Completed
4673,26350,79340,8595,503,2024-06-04,1,Late Delivery,59379.17,Completed
4674,26351,79341,732,47,2023-12-12,1,Quality Issue,33493.63,Completed
4675,26354,79354,6929,799,2024-01-20,1,Wrong Product,8251.88,Completed
4676,26356,79357,1264,335,2023-02-23,3,Late Delivery,160204.83,Completed
4677,26359,79370,1319,702,2025-07-19,2,Late Delivery,95430.52,Completed
4678,26360,79373,6163,52,2024-02-16,1,Changed Mind,25266.25,Completed
4679,26381,79438,755,573,2024-12-27,2,Late Delivery,34422.62,Completed
4680,26381,79441,755,383,2024-12-27,1,Changed Mind,37571.74,Completed
4681,26382,79442,2078,175,2024-12-09,1,Damaged Product,39232.57,Completed
4682,26383,79449,9244,342,2024-07-28,1,Changed Mind,15005.18,Completed
4683,26403,79501,2571,231,2024-04-12,1,Changed Mind,21715.73,Completed
4684,26404,79503,4578,779,2024-06-29,1,Size/Fit Issue,52000.66,Completed
4685,26405,79506,9846,508,2025-05-04,2,Quality Issue,132007.4,Completed
4686,26410,79518,7431,1,2025-02-14,1,Changed Mind,3628.51,Completed
4687,26418,79535,8291,513,2023-05-14,2,Wrong Product,564.22,Completed
4688,26422,79545,3839,119,2024-04-13,1,Wrong Product,62460.8,Completed
4689,26425,79557,8137,41,2024-08-11,3,Wrong Product,141526.92,Completed
4690,26426,79564,4032,315,2024-03-02,1,Product Not as Expected,13505.06,Completed
4691,26427,79568,6215,310,2024-06-07,1,Wrong Product,56308.84,Completed
4692,26433,79588,6761,47,2025-08-17,1,Quality Issue,33493.63,Completed
4693,26446,79631,6445,509,2025-10-11,1,Changed Mind,19248.16,Completed
4694,26451,79647,4750,610,2024-12-19,1,Damaged Product,49221.69,Completed
4695,26452,79655,8415,728,2024-08-06,1,Wrong Product,72056.51,Completed
4696,26472,79710,7112,836,2025-03-25,1,Late Delivery,41004.0,Completed
4697,26478,79728,7589,641,2024-11-13,2,Late Delivery,24831.68,Completed
4698,26485,79745,7910,870,2025-06-18,1,Size/Fit Issue,11548.78,Completed
4699,26490,79759,7122,751,2023-07-04,1,Product Not as Expected,67959.34,Completed
4700,26509,79818,6528,449,2025-02-21,1,Quality Issue,51653.16,Completed
4701,26515,79841,2812,456,2023-09-01,1,Quality Issue,39470.43,Completed
4702,26517,79846,9755,281,2023-07-26,1,Product Not as Expected,4708.56,Completed
4703,26520,79852,9575,552,2023-01-02,1,Late Delivery,36436.81,Completed
4704,26524,79865,1012,157,2024-02-22,1,Product Not as Expected,13213.71,Completed
4705,26539,79913,9395,682,2025-10-14,2,Changed Mind,177923.3,Completed
4706,26543,79929,2615,31,2023-10-04,1,Damaged Product,5278.2,Completed
4707,26544,79932,5965,498,2023-01-26,1,Quality Issue,59585.39,Completed
4708,26545,79936,8752,341,2024-07-18,1,Changed Mind,11306.84,Completed
4709,26550,79949,5402,870,2024-09-22,2,Product Not as Expected,23097.56,Completed
4710,26552,79954,1223,625,2025-02-09,1,Product Not as Expected,60670.26,Completed
4711,26556,79968,3950,587,2023-06-02,1,Changed Mind,38685.73,Completed
4712,26559,79978,4934,678,2025-11-10,1,Changed Mind,49387.32,Completed
4713,26560,79982,3887,566,2024-03-10,1,Wrong Product,53985.24,Completed
4714,26563,79986,4504,528,2024-09-30,1,Product Not as Expected,48686.63,Completed
4715,26565,79992,7898,137,2024-11-13,1,Size/Fit Issue,55784.74,Completed
4716,26566,79999,7970,905,2025-01-21,1,Damaged Product,34121.05,Completed
4717,26569,80006,7049,342,2023-03-01,1,Product Not as Expected,15005.18,Completed
4718,26570,80009,3963,520,2024-04-03,1,Product Not as Expected,49223.86,Completed
4719,26586,80059,2551,290,2023-03-10,2,Late Delivery,51860.04,Completed
4720,26593,80086,9873,956,2024-06-21,1,Wrong Product,39326.14,Completed
4721,26594,80088,2628,202,2025-06-10,1,Product Not as Expected,32355.55,Completed
4722,26594,80090,2628,539,2025-06-10,2,Size/Fit Issue,118387.18,Completed
4723,26600,80109,942,137,2024-03-14,1,Damaged Product,55784.74,Completed
4724,26603,80119,5262,237,2025-11-20,1,Product Not as Expected,17431.72,Completed
4725,26609,80133,9767,64,2025-11-03,1,Product Not as Expected,12866.2,Completed
4726,26611,80138,5624,907,2023-01-03,3,Wrong Product,68245.98,Completed
4727,26614,80148,8383,166,2025-06-09,1,Damaged Product,33798.55,Completed
4728,26616,80156,1911,814,2023-01-28,1,Changed Mind,29179.36,Completed
4729,26620,80169,548,934,2025-08-16,1,Late Delivery,13975.94,Completed
4730,26623,80176,2264,61,2023-10-26,1,Size/Fit Issue,55328.05,Completed
4731,26628,80194,2571,724,2024-12-12,1,Size/Fit Issue,32467.48,Completed
4732,26631,80204,2018,433,2023-01-18,1,Late Delivery,47430.05,Completed
4733,26635,80219,8127,403,2023-01-12,2,Product Not as Expected,27233.04,Completed
4734,26638,80225,4216,480,2024-10-15,1,Size/Fit Issue,4003.79,Completed
4735,26641,80238,1826,193,2025-12-10,1,Late Delivery,87985.05,Completed
4736,26642,80241,5518,936,2023-03-08,1,Damaged Product,23282.26,Completed
4737,26646,80248,1937,133,2025-02-01,1,Changed Mind,12468.39,Completed
4738,26652,80264,6091,981,2023-02-10,1,Damaged Product,48465.68,Completed
4739,26662,80300,8256,314,2024-08-16,1,Damaged Product,18663.84,Completed
4740,26663,80303,2982,64,2023-07-07,3,Late Delivery,38598.6,Completed
4741,26666,80314,9725,487,2024-05-06,1,Wrong Product,86706.08,Completed
4742,26671,80325,7896,777,2023-02-21,3,Damaged Product,107850.21,Completed
4743,26679,80343,9205,353,2025-04-25,2,Product Not as Expected,89216.54,Completed
4744,26682,80357,2862,573,2023-06-20,1,Quality Issue,17211.31,Completed
4745,26687,80372,3838,188,2023-11-22,1,Wrong Product,51035.63,Completed
4746,26690,80384,6819,806,2023-02-06,1,Changed Mind,56644.92,Completed
4747,26695,80400,3915,663,2024-02-29,1,Late Delivery,57881.87,Completed
4748,26704,80427,8870,626,2024-11-26,1,Quality Issue,59305.86,Completed
4749,26706,80433,9609,971,2023-08-26,1,Quality Issue,11973.02,Completed
4750,26710,80447,7839,173,2025-07-26,1,Changed Mind,83103.03,Completed
4751,26714,80463,3036,800,2025-12-22,1,Changed Mind,11619.45,Completed
4752,26716,80471,7032,891,2025-09-06,3,Product Not as Expected,95364.15,Completed
4753,26717,80474,9235,509,2025-04-28,1,Product Not as Expected,19248.16,Completed
4754,26719,80478,2627,297,2023-10-30,2,Damaged Product,18968.46,Completed
4755,26721,80484,7466,685,2025-12-15,1,Product Not as Expected,11278.33,Completed
4756,26721,80487,7466,35,2025-12-15,1,Wrong Product,27954.63,Completed
4757,26730,80512,8000,147,2024-02-09,1,Product Not as Expected,18186.11,Completed
4758,26732,80518,6674,733,2023-08-03,1,Changed Mind,2797.99,Completed
4759,26741,80544,8629,237,2023-06-11,1,Size/Fit Issue,17431.72,Completed
4760,26745,80553,8139,622,2023-01-07,3,Wrong Product,208572.33,Completed
4761,26755,80583,5128,121,2025-12-17,1,Changed Mind,23334.81,Completed
4762,26773,80632,6990,684,2024-09-27,1,Damaged Product,24811.38,Completed
4763,26784,80664,7645,273,2024-04-10,3,Changed Mind,176201.85,Completed
4764,26784,80666,7645,477,2024-04-10,2,Quality Issue,71723.18,Completed
4765,26788,80679,3213,907,2025-04-30,3,Size/Fit Issue,68245.98,Completed
4766,26799,80714,8685,928,2025-03-05,1,Damaged Product,87525.69,Completed
4767,26807,80735,1617,878,2023-07-16,1,Product Not as Expected,81467.72,Completed
4768,26815,80761,7479,518,2024-05-09,1,Late Delivery,6573.06,Completed
4769,26817,80766,4070,991,2025-01-01,2,Product Not as Expected,32630.24,Completed
4770,26821,80774,9217,177,2024-12-18,1,Size/Fit Issue,55232.52,Completed
4771,26828,80790,6126,634,2024-06-03,1,Quality Issue,39143.06,Completed
4772,26839,80825,2714,661,2023-01-07,4,Changed Mind,27204.68,Completed
4773,26859,80895,7254,433,2025-02-22,1,Size/Fit Issue,47430.05,Completed
4774,26870,80926,5517,836,2024-08-18,1,Product Not as Expected,41004.0,Completed
4775,26881,80951,3607,69,2024-08-08,1,Product Not as Expected,32929.62,Completed
4776,26905,81023,4810,143,2024-11-18,1,Late Delivery,57065.25,Completed
4777,26907,81030,3379,517,2023-03-12,1,Damaged Product,27837.58,Completed
4778,26910,81039,8349,662,2024-03-17,1,Damaged Product,43228.98,Completed
4779,26927,81088,3012,878,2023-01-30,1,Wrong Product,81467.72,Completed
4780,26931,81100,6906,923,2023-02-22,1,Late Delivery,3340.47,Completed
4781,26933,81107,3775,875,2025-06-29,1,Damaged Product,42404.31,Completed
4782,26934,81113,1299,665,2023-04-29,2,Product Not as Expected,21182.98,Completed
4783,26938,81127,5809,833,2025-08-08,1,Late Delivery,49984.05,Completed
4784,26938,81129,5809,332,2025-08-08,1,Changed Mind,48366.16,Completed
4785,26938,81130,5809,412,2025-08-08,2,Late Delivery,60762.86,Completed
4786,26940,81136,2452,702,2024-05-22,2,Wrong Product,95430.52,Completed
4787,26951,81170,5452,344,2023-11-03,1,Late Delivery,4082.01,Completed
4788,26965,81216,7261,122,2023-12-29,1,Changed Mind,61466.27,Completed
4789,26970,81227,6060,482,2024-05-28,1,Product Not as Expected,55752.77,Completed
4790,26973,81234,2088,936,2025-09-19,2,Quality Issue,46564.52,Completed
4791,26977,81245,3072,442,2024-08-02,1,Quality Issue,63464.4,Completed
4792,26989,81282,998,144,2023-10-24,1,Damaged Product,40469.54,Completed
4793,26994,81300,1758,64,2025-11-11,2,Damaged Product,25732.4,Completed
4794,27006,81339,7599,147,2023-02-27,1,Size/Fit Issue,18186.11,Completed
4795,27009,81348,1979,227,2023-01-03,1,Changed Mind,15855.11,Completed
4796,27013,81360,6844,186,2023-05-25,2,Late Delivery,126058.18,Completed
4797,27027,81404,2813,942,2024-03-24,3,Damaged Product,53412.42,Completed
4798,27038,81435,3674,130,2024-07-10,1,Late Delivery,38866.1,Completed
4799,27039,81438,6732,14,2025-01-11,1,Size/Fit Issue,25186.17,Completed
4800,27040,81439,1022,573,2024-12-04,2,Quality Issue,34422.62,Completed
4801,27050,81469,8228,663,2025-02-15,1,Damaged Product,57881.87,Completed
4802,27053,81478,1688,385,2025-09-26,1,Quality Issue,51195.51,Completed
4803,27055,81482,5192,574,2025-01-12,1,Size/Fit Issue,8147.88,Completed
4804,27068,81520,2080,40,2024-04-12,1,Changed Mind,25898.95,Completed
4805,27076,81551,8160,570,2024-05-09,1,Late Delivery,4934.47,Completed
4806,27086,81576,6036,837,2023-01-18,2,Late Delivery,133936.48,Completed
4807,27088,81582,4543,883,2023-03-31,1,Damaged Product,70912.74,Completed
4808,27092,81595,9957,500,2023-10-17,2,Changed Mind,42693.46,Completed
4809,27096,81609,8636,465,2025-04-26,2,Late Delivery,108948.28,Completed
4810,27097,81610,1819,39,2024-09-05,1,Wrong Product,34579.22,Completed
4811,27099,81620,5011,739,2024-11-16,2,Changed Mind,99233.38,Completed
4812,27108,81651,8514,319,2023-06-14,1,Product Not as Expected,1269.69,Completed
4813,27118,81683,1579,109,2024-07-17,1,Wrong Product,18503.86,Completed
4814,27121,81694,9445,895,2023-11-11,2,Size/Fit Issue,100734.0,Completed
4815,27122,81695,2751,1,2023-03-12,1,Changed Mind,3628.51,Completed
4816,27134,81739,73,35,2024-03-25,1,Late Delivery,27954.63,Completed
4817,27140,81760,1665,296,2023-06-22,1,Late Delivery,34627.87,Completed
4818,27141,81763,9745,732,2025-05-18,2,Product Not as Expected,122306.94,Completed
4819,27146,81782,3678,558,2025-08-06,1,Late Delivery,75889.41,Completed
4820,27154,81807,3000,762,2023-04-17,1,Quality Issue,4852.55,Completed
4821,27159,81819,1475,66,2023-01-08,1,Damaged Product,17293.32,Completed
4822,27160,81823,4795,886,2023-04-07,2,Wrong Product,98670.36,Completed
4823,27201,81940,8926,621,2023-09-30,1,Quality Issue,9935.11,Completed
4824,27212,81978,4632,462,2024-11-20,1,Size/Fit Issue,42608.45,Completed
4825,27214,81987,2186,791,2024-04-14,1,Size/Fit Issue,64416.91,Completed
4826,27215,81988,3161,766,2025-12-24,1,Size/Fit Issue,48070.39,Completed
4827,27217,81995,6399,124,2024-12-07,1,Size/Fit Issue,32253.1,Completed
4828,27219,82001,1727,686,2025-09-04,2,Changed Mind,2343.7,Completed
4829,27224,82023,9142,779,2023-10-30,1,Size/Fit Issue,52000.66,Completed
4830,27238,82059,6173,362,2025-02-02,1,Changed Mind,32081.22,Completed
4831,27238,82060,6173,928,2025-02-02,1,Damaged Product,87525.69,Completed
4832,27242,82072,5635,592,2025-03-07,1,Size/Fit Issue,8207.23,Completed
4833,27245,82081,2876,124,2024-09-02,1,Quality Issue,32253.1,Completed
4834,27245,82085,2876,825,2024-09-02,5,Size/Fit Issue,219903.2,Completed
4835,27248,82098,1026,611,2025-02-18,1,Quality Issue,56897.12,Completed
4836,27249,82100,4191,774,2024-06-01,1,Wrong Product,43979.66,Completed
4837,27251,82105,9302,324,2024-05-14,1,Late Delivery,65084.11,Completed
4838,27276,82180,5989,599,2024-09-15,1,Late Delivery,44761.52,Completed
4839,27282,82196,3556,836,2025-11-19,1,Size/Fit Issue,41004.0,Completed
4840,27282,82198,3556,725,2025-11-19,1,Quality Issue,65498.22,Completed
4841,27286,82207,5022,250,2025-07-17,1,Changed Mind,38589.27,Completed
4842,27287,82208,5613,127,2025-04-15,2,Size/Fit Issue,45921.42,Completed
4843,27289,82212,3679,798,2024-09-02,1,Changed Mind,52611.13,Completed
4844,27292,82221,2210,53,2025-06-14,2,Wrong Product,139255.74,Completed
4845,27293,82224,8992,549,2025-08-29,1,Changed Mind,51380.02,Completed
4846,27301,82259,5091,773,2025-06-05,2,Late Delivery,21323.66,Completed
4847,27314,82294,5864,742,2025-12-05,1,Damaged Product,47022.51,Completed
4848,27320,82315,2254,713,2025-04-30,1,Late Delivery,39163.32,Completed
4849,27320,82316,2254,392,2025-04-30,1,Quality Issue,51403.58,Completed
4850,27342,82378,3654,266,2023-08-25,1,Quality Issue,9890.24,Completed
4851,27348,82400,1706,886,2025-11-01,1,Quality Issue,49335.18,Completed
4852,27360,82436,3292,202,2024-07-27,1,Changed Mind,32355.55,Completed
4853,27364,82450,4782,934,2023-02-02,2,Quality Issue,27951.88,Completed
4854,27364,82451,4782,716,2023-02-02,2,Damaged Product,75815.0,Completed
4855,27364,82452,4782,314,2023-02-02,1,Wrong Product,18663.84,Completed
4856,27365,82455,497,592,2025-02-07,1,Late Delivery,8207.23,Completed
4857,27368,82463,1208,3,2024-06-09,2,Changed Mind,86940.0,Completed
4858,27375,82485,148,48,2024-09-03,1,Quality Issue,24215.99,Completed
4859,27377,82494,7717,837,2025-12-18,1,Damaged Product,66968.24,Completed
4860,27385,82520,7990,484,2025-11-28,2,Late Delivery,125689.1,Completed
4861,27389,82531,7626,726,2023-06-07,1,Wrong Product,49127.83,Completed
4862,27390,82536,5294,216,2024-10-10,1,Damaged Product,2917.11,Completed
4863,27394,82548,182,224,2023-12-27,2,Late Delivery,58284.2,Completed
4864,27398,82558,4528,291,2025-02-07,1,Damaged Product,65760.73,Completed
4865,27407,82591,4220,838,2023-09-22,2,Product Not as Expected,135152.9,Completed
4866,27420,82625,6328,381,2025-03-27,2,Changed Mind,17232.54,Completed
4867,27425,82640,7226,456,2025-06-14,1,Changed Mind,39470.43,Completed
4868,27428,82649,1663,691,2023-12-01,1,Size/Fit Issue,58470.91,Completed
4869,27431,82656,7734,186,2025-07-19,1,Late Delivery,63029.09,Completed
4870,27433,82662,5196,923,2025-11-22,1,Product Not as Expected,3340.47,Completed
4871,27440,82680,1643,27,2023-02-24,1,Product Not as Expected,29873.78,Completed
4872,27446,82693,6926,227,2023-05-29,1,Product Not as Expected,15855.11,Completed
4873,27449,82699,8304,248,2023-06-23,1,Quality Issue,1372.21,Completed
4874,27451,82702,7733,204,2024-01-03,1,Size/Fit Issue,56156.15,Completed
4875,27458,82730,3379,97,2025-12-18,1,Damaged Product,6899.98,Completed
4876,27463,82748,1835,231,2024-03-26,1,Damaged Product,21715.73,Completed
4877,27468,82756,1802,78,2024-01-09,1,Wrong Product,40031.47,Completed
4878,27469,82760,1807,914,2023-10-06,1,Damaged Product,22155.25,Completed
4879,27476,82782,4675,231,2025-07-01,1,Damaged Product,21715.73,Completed
4880,27480,82799,3972,52,2023-02-16,1,Product Not as Expected,25266.25,Completed
4881,27486,82810,2838,323,2024-07-31,1,Changed Mind,10234.87,Completed
4882,27500,82856,7017,382,2023-06-03,1,Quality Issue,63751.27,Completed
4883,27505,82873,6274,466,2024-06-01,1,Late Delivery,39504.07,Completed
4884,27508,82884,5411,410,2025-09-07,2,Product Not as Expected,37050.04,Completed
4885,27510,82889,431,278,2025-04-18,1,Size/Fit Issue,32103.08,Completed
4886,27514,82902,5388,63,2023-07-12,1,Quality Issue,19746.23,Completed
4887,27518,82914,2031,573,2025-10-30,1,Late Delivery,17211.31,Completed
4888,27521,82923,4296,657,2025-10-23,1,Wrong Product,35285.91,Completed
4889,27538,82972,3191,75,2024-12-14,1,Quality Issue,9316.09,Completed
4890,27539,82973,5256,156,2024-11-27,1,Wrong Product,25532.83,Completed
4891,27540,82975,7888,990,2025-01-13,1,Quality Issue,16191.64,Completed
4892,27549,82995,7962,225,2023-05-01,2,Size/Fit Issue,85524.92,Completed
4893,27553,83010,8932,908,2024-09-22,1,Wrong Product,18026.39,Completed
4894,27555,83021,3625,241,2023-04-13,1,Product Not as Expected,34918.52,Completed
4895,27556,83023,8191,342,2024-09-20,1,Damaged Product,15005.18,Completed
4896,27564,83044,5968,292,2023-04-25,1,Late Delivery,55597.58,Completed
4897,27567,83053,2863,653,2023-06-23,1,Size/Fit Issue,36919.84,Completed
4898,27570,83060,3047,641,2025-11-13,3,Product Not as Expected,37247.52,Completed
4899,27581,83089,875,603,2024-11-25,1,Size/Fit Issue,3198.92,Completed
4900,27586,83109,2024,712,2024-10-27,1,Wrong Product,7038.7,Completed
4901,27586,83110,2024,566,2024-10-27,2,Product Not as Expected,107970.48,Completed
4902,27588,83114,3170,479,2025-04-30,1,Changed Mind,1432.07,Completed
4903,27591,83120,4801,652,2025-03-30,1,Wrong Product,44850.32,Completed
4904,27593,83123,1890,798,2024-12-30,1,Quality Issue,52611.13,Completed
4905,27608,83166,807,973,2025-09-23,2,Damaged Product,97769.8,Completed
4906,27612,83174,4403,506,2023-06-07,2,Quality Issue,96441.46,Completed
4907,27614,83178,1480,869,2023-09-15,2,Quality Issue,55199.48,Completed
4908,27620,83192,2126,107,2025-09-03,1,Size/Fit Issue,63426.1,Completed
4909,27631,83235,5269,641,2023-12-06,1,Late Delivery,12415.84,Completed
4910,27635,83246,2011,739,2025-02-15,1,Quality Issue,49616.69,Completed
4911,27637,83251,9163,219,2023-08-23,1,Changed Mind,53676.7,Completed
4912,27647,83282,2027,489,2025-01-14,1,Late Delivery,36153.44,Completed
4913,27649,83288,733,453,2025-11-04,1,Damaged Product,16365.34,Completed
4914,27651,83293,2607,865,2024-09-08,1,Late Delivery,68180.76,Completed
4915,27662,83333,4598,881,2025-08-29,1,Quality Issue,55162.54,Completed
4916,27665,83340,3936,525,2024-04-15,1,Size/Fit Issue,64720.45,Completed
4917,27671,83356,9676,52,2025-07-29,2,Size/Fit Issue,50532.5,Completed
4918,27693,83424,4685,723,2023-11-03,2,Quality Issue,35496.4,Completed
4919,27695,83427,4220,20,2024-08-18,1,Late Delivery,4130.41,Completed
4920,27696,83429,5831,418,2023-05-30,1,Quality Issue,6259.15,Completed
4921,27698,83442,1399,328,2023-08-21,1,Size/Fit Issue,71127.26,Completed
4922,27704,83457,9917,539,2025-07-19,2,Late Delivery,118387.18,Completed
4923,27709,83469,2677,846,2024-10-10,1,Size/Fit Issue,21886.79,Completed
4924,27713,83479,2789,92,2023-11-01,5,Damaged Product,102362.05,Completed
4925,27713,83481,2789,422,2023-11-01,1,Damaged Product,36577.78,Completed
4926,27717,83487,5690,990,2025-12-30,4,Product Not as Expected,64766.56,Completed
4927,27721,83499,2299,224,2023-06-11,1,Changed Mind,29142.1,Completed
4928,27724,83509,6670,830,2025-12-14,1,Size/Fit Issue,2181.3,Completed
4929,27728,83522,714,385,2024-04-19,1,Quality Issue,51195.51,Completed
4930,27734,83541,5070,573,2023-05-22,1,Changed Mind,17211.31,Completed
4931,27742,83568,463,642,2023-01-15,1,Changed Mind,9120.83,Completed
4932,27745,83579,9,248,2024-12-04,3,Damaged Product,4116.63,Completed
4933,27750,83590,7107,15,2023-06-15,3,Wrong Product,188266.17,Completed
4934,27752,83598,7272,687,2025-07-05,2,Wrong Product,11466.58,Completed
4935,27752,83599,7272,56,2025-07-05,1,Damaged Product,9324.88,Completed
4936,27760,83628,6586,614,2025-07-24,1,Late Delivery,54167.99,Completed
4937,27764,83641,3822,442,2024-12-30,1,Wrong Product,63464.4,Completed
4938,27770,83654,6322,784,2025-11-18,4,Product Not as Expected,265121.8,Completed
4939,27786,83710,9159,62,2023-08-05,1,Product Not as Expected,64455.04,Completed
4940,27795,83741,7275,948,2023-09-14,2,Damaged Product,45085.5,Completed
4941,27806,83774,485,984,2025-12-21,1,Quality Issue,37563.24,Completed
4942,27806,83777,485,216,2025-12-21,1,Quality Issue,2917.11,Completed
4943,27815,83805,7558,120,2024-11-18,1,Damaged Product,21190.89,Completed
4944,27816,83808,7048,49,2024-08-08,1,Wrong Product,52319.21,Completed
4945,27820,83825,3474,14,2025-09-27,2,Damaged Product,50372.34,Completed
4946,27829,83847,7471,910,2024-06-15,1,Damaged Product,46134.06,Completed
4947,27831,83854,2503,281,2024-06-27,1,Product Not as Expected,4708.56,Completed
4948,27831,83856,2503,695,2024-06-27,3,Wrong Product,109019.07,Completed
4949,27835,83871,2114,440,2023-01-28,1,Late Delivery,53089.24,Completed
4950,27842,83894,2802,712,2024-08-17,1,Changed Mind,7038.7,Completed
4951,27846,83905,9527,733,2025-04-19,1,Damaged Product,2797.99,Completed
4952,27848,83912,6494,314,2023-05-24,1,Late Delivery,18663.84,Completed
4953,27856,83938,80,589,2023-12-31,1,Size/Fit Issue,60461.14,Completed
4954,27866,83980,2807,115,2024-03-17,2,Wrong Product,31902.7,Completed
4955,27866,83982,2807,54,2024-03-17,1,Damaged Product,83257.08,Completed
4956,27886,84045,9638,736,2023-01-10,2,Size/Fit Issue,154373.8,Completed
4957,27886,84046,9638,834,2023-01-10,1,Late Delivery,10608.23,Completed
4958,27892,84061,304,70,2024-12-11,2,Wrong Product,69735.86,Completed
4959,27902,84087,6530,328,2024-06-01,1,Wrong Product,71127.26,Completed
4960,27904,84094,9408,883,2024-05-11,1,Changed Mind,70912.74,Completed
4961,27911,84111,1253,937,2025-06-16,1,Late Delivery,75287.48,Completed
4962,27921,84144,7313,803,2024-03-14,1,Size/Fit Issue,41338.57,Completed
4963,27922,84145,6020,396,2023-01-25,1,Changed Mind,49585.04,Completed
4964,27926,84156,9894,792,2024-07-15,1,Wrong Product,41133.39,Completed
4965,27930,84164,9519,391,2023-07-02,1,Product Not as Expected,15629.89,Completed
4966,27943,84204,3114,523,2025-05-18,1,Size/Fit Issue,19573.08,Completed
4967,27949,84221,9101,390,2024-04-25,1,Late Delivery,58992.99,Completed
4968,27958,84251,8492,655,2023-08-14,1,Late Delivery,43388.81,Completed
4969,27961,84262,8470,479,2024-08-02,1,Wrong Product,1432.07,Completed
4970,27963,84267,495,777,2023-01-20,1,Late Delivery,35950.07,Completed
4971,27980,84310,7502,918,2023-10-09,1,Product Not as Expected,12904.52,Completed
4972,27990,84344,701,799,2024-04-04,1,Damaged Product,8251.88,Completed
4973,27995,84360,1235,950,2025-01-18,1,Changed Mind,4878.32,Completed
4974,27996,84365,4388,713,2025-02-21,1,Damaged Product,39163.32,Completed
4975,28004,84383,4619,552,2024-12-08,2,Wrong Product,72873.62,Completed
4976,28021,84429,3869,750,2024-06-08,2,Damaged Product,64723.78,Completed
4977,28021,84431,3869,888,2024-06-08,1,Quality Issue,28122.2,Completed
4978,28023,84439,3885,223,2023-08-13,1,Product Not as Expected,8494.22,Completed
4979,28024,84442,7830,69,2024-01-24,1,Late Delivery,32929.62,Completed
4980,28027,84453,2176,196,2024-09-20,1,Late Delivery,35740.62,Completed
4981,28029,84459,4044,879,2024-05-12,2,Late Delivery,4934.38,Completed
4982,28051,84528,1236,596,2024-09-04,2,Quality Issue,36982.3,Completed
4983,28059,84561,3040,140,2025-11-12,2,Quality Issue,2241.48,Completed
4984,28059,84562,3040,645,2025-11-12,1,Changed Mind,23430.55,Completed
4985,28064,84574,5413,934,2023-08-03,1,Late Delivery,13975.94,Completed
4986,28066,84580,519,534,2024-01-16,1,Size/Fit Issue,3962.65,Completed
4987,28070,84589,9855,830,2024-07-05,1,Wrong Product,2181.3,Completed
4988,28076,84609,5088,5,2024-10-27,1,Product Not as Expected,25962.08,Completed
4989,28077,84616,818,709,2024-12-21,1,Size/Fit Issue,1203.2,Completed
4990,28091,84659,1983,51,2025-08-05,2,Wrong Product,13783.92,Completed
4991,28096,84677,9490,887,2024-11-13,1,Product Not as Expected,31901.21,Completed
4992,28106,84705,1736,888,2025-11-10,3,Product Not as Expected,84366.6,Completed
4993,28107,84708,4146,517,2023-05-28,1,Quality Issue,27837.58,Completed
4994,28112,84721,3202,56,2024-08-26,1,Changed Mind,9324.88,Completed
4995,28119,84743,4641,868,2023-11-29,1,Late Delivery,30561.21,Completed
4996,28127,84765,3622,61,2025-11-21,1,Quality Issue,55328.05,Completed
4997,28128,84768,9682,992,2024-02-05,1,Late Delivery,26378.31,Completed
4998,28145,84826,4868,409,2023-06-22,1,Size/Fit Issue,61954.7,Completed
4999,28145,84827,4868,61,2023-06-22,1,Changed Mind,55328.05,Completed
5000,28153,84854,9420,573,2025-08-10,1,Changed Mind,17211.31,Completed
5001,28154,84859,9203,692,2023-05-23,2,Changed Mind,60228.52,Completed
5002,28156,84865,686,960,2025-04-08,3,Late Delivery,189542.4,Completed
5003,28176,84923,9704,122,2025-11-28,1,Size/Fit Issue,61466.27,Completed
5004,28184,84954,1291,496,2025-12-25,1,Changed Mind,3172.96,Completed
5005,28196,84986,3335,933,2025-07-19,1,Late Delivery,33858.42,Completed
5006,28202,85002,6372,604,2024-12-26,2,Quality Issue,73842.96,Completed
5007,28216,85056,1569,41,2023-02-15,1,Size/Fit Issue,47175.64,Completed
5008,28217,85059,3491,153,2023-10-21,2,Late Delivery,61960.16,Completed
5009,28219,85063,3234,725,2023-10-26,1,Size/Fit Issue,65498.22,Completed
5010,28227,85082,3929,396,2023-12-08,1,Wrong Product,49585.04,Completed
5011,28228,85087,6595,503,2024-04-30,2,Damaged Product,118758.34,Completed
5012,28231,85096,4287,924,2023-02-14,1,Wrong Product,35999.57,Completed
5013,28234,85106,1099,706,2023-12-02,1,Late Delivery,39123.19,Completed
5014,28236,85115,6382,716,2023-05-03,1,Damaged Product,37907.5,Completed
5015,28240,85123,6134,799,2024-10-17,1,Damaged Product,8251.88,Completed
5016,28244,85131,405,177,2023-04-14,4,Late Delivery,220930.08,Completed
5017,28273,85211,4840,897,2023-03-14,2,Changed Mind,107442.62,Completed
5018,28277,85224,2455,808,2024-09-11,1,Late Delivery,14621.63,Completed
5019,28281,85234,9525,10,2025-10-15,1,Late Delivery,2841.22,Completed
5020,28281,85235,9525,730,2025-10-15,4,Size/Fit Issue,26748.48,Completed
5021,28289,85257,3745,972,2024-07-13,3,Changed Mind,90926.01,Completed
5022,28299,85279,8859,716,2023-07-24,1,Late Delivery,37907.5,Completed
5023,28306,85290,2375,972,2025-03-01,1,Product Not as Expected,30308.67,Completed
5024,28312,85315,521,9,2024-08-28,1,Product Not as Expected,61804.18,Completed
5025,28313,85317,9416,831,2024-01-26,3,Quality Issue,217279.08,Completed
5026,28314,85319,1089,434,2023-10-06,3,Late Delivery,28376.88,Completed
5027,28333,85364,8166,377,2025-07-01,3,Damaged Product,115962.87,Completed
5028,28333,85365,8166,48,2025-07-01,1,Damaged Product,24215.99,Completed
5029,28339,85385,5403,578,2024-05-18,1,Product Not as Expected,39704.69,Completed
5030,28361,85447,9193,49,2024-11-21,3,Changed Mind,156957.63,Completed
5031,28362,85450,604,605,2023-12-12,1,Changed Mind,28301.75,Completed
5032,28366,85460,2546,532,2024-08-17,1,Changed Mind,60027.29,Completed
5033,28383,85511,7699,494,2023-11-05,1,Changed Mind,46086.19,Completed
5034,28397,85551,3341,124,2024-03-25,1,Late Delivery,32253.1,Completed
5035,28399,85556,3269,231,2024-10-05,2,Late Delivery,43431.46,Completed
5036,28414,85598,8945,68,2025-03-31,4,Size/Fit Issue,242742.4,Completed
5037,28417,85606,9526,221,2023-09-08,3,Product Not as Expected,28503.06,Completed
5038,28420,85614,4707,734,2025-09-09,1,Quality Issue,4017.31,Completed
5039,28421,85617,4300,451,2025-10-13,1,Damaged Product,17488.8,Completed
5040,28423,85626,4983,893,2024-05-30,1,Size/Fit Issue,24158.85,Completed
5041,28425,85632,3710,834,2025-01-03,2,Damaged Product,21216.46,Completed
5042,28426,85636,4028,14,2025-06-13,1,Late Delivery,25186.17,Completed
5043,28446,85698,1226,324,2023-12-06,1,Size/Fit Issue,65084.11,Completed
5044,28449,85705,4785,544,2023-07-06,1,Wrong Product,60516.54,Completed
5045,28451,85717,3571,225,2024-01-29,1,Late Delivery,42762.46,Completed
5046,28453,85719,5239,468,2024-05-08,1,Product Not as Expected,31010.39,Completed
5047,28454,85722,8463,847,2025-02-06,1,Damaged Product,86269.16,Completed
5048,28461,85744,76,567,2024-10-04,1,Size/Fit Issue,31754.53,Completed
5049,28473,85772,5674,634,2024-05-29,2,Product Not as Expected,78286.12,Completed
5050,28482,85806,3306,901,2025-05-05,1,Late Delivery,49064.78,Completed
5051,28483,85809,1737,398,2025-01-03,1,Quality Issue,68881.06,Completed
5052,28492,85835,4680,227,2024-11-26,1,Wrong Product,15855.11,Completed
5053,28494,85840,8873,611,2025-06-07,1,Size/Fit Issue,56897.12,Completed
5054,28501,85860,3956,604,2024-02-19,2,Damaged Product,73842.96,Completed
5055,28503,85866,8266,153,2024-07-23,1,Late Delivery,30980.08,Completed
5056,28507,85882,9809,456,2023-12-11,1,Quality Issue,39470.43,Completed
5057,28509,85888,8564,394,2023-10-27,1,Late Delivery,42580.81,Completed
5058,28528,85938,6878,966,2023-05-25,1,Size/Fit Issue,45203.42,Completed
5059,28528,85939,6878,3,2023-05-25,1,Quality Issue,43470.0,Completed
5060,28529,85942,2450,401,2023-10-21,2,Changed Mind,168399.96,Completed
5061,28534,85957,3450,948,2024-06-23,1,Product Not as Expected,22542.75,Completed
5062,28536,85963,2140,603,2025-04-26,1,Changed Mind,3198.92,Completed
5063,28545,85990,5646,250,2024-11-22,1,Product Not as Expected,38589.27,Completed
5064,28547,85997,5468,930,2025-05-22,2,Product Not as Expected,78641.66,Completed
5065,28552,86013,9011,678,2024-05-28,1,Late Delivery,49387.32,Completed
5066,28557,86028,3789,743,2024-08-27,1,Damaged Product,22075.79,Completed
5067,28559,86032,3860,573,2023-09-27,1,Damaged Product,17211.31,Completed
5068,28561,86041,1842,357,2023-04-04,2,Damaged Product,77900.3,Completed
5069,28569,86067,4133,273,2024-12-10,3,Wrong Product,176201.85,Completed
5070,28580,86091,7715,67,2025-03-28,3,Damaged Product,82407.09,Completed
5071,28583,86102,6163,625,2024-12-10,1,Quality Issue,60670.26,Completed
5072,28585,86107,5373,976,2023-05-09,1,Quality Issue,58220.65,Completed
5073,28585,86109,5373,869,2023-05-09,1,Damaged Product,27599.74,Completed
5074,28596,86140,2785,728,2025-06-03,1,Size/Fit Issue,72056.51,Completed
5075,28602,86157,1737,356,2024-02-10,1,Damaged Product,27519.26,Completed
5076,28606,86169,6771,996,2025-10-05,3,Product Not as Expected,129023.34,Completed
5077,28607,86174,1665,97,2023-01-23,1,Changed Mind,6899.98,Completed
5078,28618,86197,2985,734,2025-07-18,1,Changed Mind,4017.31,Completed
5079,28620,86204,1419,726,2023-06-29,1,Product Not as Expected,49127.83,Completed
5080,28623,86211,4174,176,2024-01-30,1,Wrong Product,4905.76,Completed
5081,28624,86218,2575,191,2024-08-19,2,Late Delivery,91597.34,Completed
5082,28629,86229,6292,419,2025-03-01,1,Changed Mind,55047.34,Completed
5083,28630,86231,7821,84,2023-03-21,1,Wrong Product,12692.83,Completed
5084,28641,86253,3452,82,2025-12-27,1,Late Delivery,40379.87,Completed
5085,28642,86256,6633,778,2024-09-26,1,Quality Issue,84709.59,Completed
5086,28645,86267,2733,394,2025-01-23,2,Changed Mind,85161.62,Completed
5087,28649,86279,4975,704,2024-12-19,4,Product Not as Expected,6750.08,Completed
5088,28650,86281,7668,920,2024-12-23,1,Late Delivery,34221.06,Completed
5089,28656,86301,790,235,2025-04-28,1,Late Delivery,18706.23,Completed
5090,28658,86305,1035,649,2023-06-16,1,Changed Mind,52465.73,Completed
5091,28660,86312,5564,728,2023-09-23,1,Damaged Product,72056.51,Completed
5092,28665,86324,576,420,2024-05-13,2,Size/Fit Issue,139777.32,Completed
5093,28682,86374,7008,641,2024-07-11,1,Size/Fit Issue,12415.84,Completed
5094,28683,86378,3529,505,2023-11-04,1,Product Not as Expected,19424.05,Completed
5095,28686,86390,1674,527,2024-09-27,2,Wrong Product,26379.56,Completed
5096,28699,86435,4384,797,2025-04-25,1,Damaged Product,59017.62,Completed
5097,28705,86446,6056,438,2024-01-11,1,Changed Mind,62279.76,Completed
5098,28705,86449,6056,509,2024-01-11,1,Damaged Product,19248.16,Completed
5099,28706,86450,7799,777,2024-04-18,1,Product Not as Expected,35950.07,Completed
5100,28710,86464,2589,430,2024-10-27,1,Damaged Product,28848.05,Completed
5101,28728,86507,9642,370,2024-03-29,2,Changed Mind,85304.88,Completed
5102,28742,86539,6938,665,2024-12-28,1,Wrong Product,10591.49,Completed
5103,28745,86550,2861,923,2023-11-30,1,Size/Fit Issue,3340.47,Completed
5104,28754,86574,4978,352,2024-06-06,1,Quality Issue,3351.05,Completed
5105,28759,86587,7722,328,2024-09-04,2,Wrong Product,142254.52,Completed
5106,28762,86600,7670,288,2023-11-20,4,Damaged Product,75427.4,Completed
5107,28770,86630,6661,552,2024-03-12,1,Quality Issue,36436.81,Completed
5108,28771,86632,1496,984,2024-05-25,1,Changed Mind,37563.24,Completed
5109,28779,86656,6763,315,2025-07-17,1,Late Delivery,13505.06,Completed
5110,28781,86659,5941,975,2025-04-20,1,Quality Issue,52812.93,Completed
5111,28782,86661,2869,143,2023-03-19,1,Quality Issue,57065.25,Completed
5112,28791,86688,5503,820,2023-04-18,1,Changed Mind,41957.83,Completed
5113,28792,86694,2022,640,2025-06-27,1,Wrong Product,21322.1,Completed
5114,28793,86696,860,988,2025-02-10,1,Size/Fit Issue,39079.27,Completed
5115,28814,86764,1374,176,2025-02-14,1,Changed Mind,4905.76,Completed
5116,28819,86778,2397,847,2024-12-05,1,Size/Fit Issue,86269.16,Completed
5117,28829,86804,7566,456,2025-12-29,2,Changed Mind,78940.86,Completed
5118,28830,86806,6080,310,2025-05-05,1,Product Not as Expected,56308.84,Completed
5119,28831,86809,8977,507,2023-05-14,1,Wrong Product,60624.2,Completed
5120,28837,86822,8967,62,2023-03-01,1,Quality Issue,64455.04,Completed
5121,28838,86826,7213,135,2025-02-21,1,Quality Issue,54446.43,Completed
5122,28845,86847,3245,751,2024-02-18,2,Size/Fit Issue,135918.68,Completed
5123,28853,86872,5780,869,2025-10-29,1,Changed Mind,27599.74,Completed
5124,28877,86941,7849,552,2025-08-30,1,Late Delivery,36436.81,Completed
5125,28880,86952,58,63,2023-11-08,1,Changed Mind,19746.23,Completed
5126,28885,86968,4493,468,2024-10-08,1,Damaged Product,31010.39,Completed
5127,28889,86979,6944,577,2025-10-13,1,Size/Fit Issue,28640.16,Completed
5128,28889,86980,6944,703,2025-10-13,1,Damaged Product,52335.37,Completed
5129,28891,86986,3387,357,2024-08-04,1,Product Not as Expected,38950.15,Completed
5130,28893,86993,3660,72,2025-11-18,1,Late Delivery,13728.33,Completed
5131,28908,87047,2351,990,2024-04-02,1,Quality Issue,16191.64,Completed
5132,28910,87055,2862,137,2023-05-05,1,Late Delivery,55784.74,Completed
5133,28930,87109,5726,370,2025-09-14,1,Product Not as Expected,42652.44,Completed
5134,28940,87133,4451,674,2023-09-16,1,Quality Issue,44208.19,Completed
5135,28941,87136,2068,846,2024-05-20,1,Late Delivery,21886.79,Completed
5136,28951,87170,736,717,2024-07-28,2,Changed Mind,159317.04,Completed
5137,28953,87175,3342,27,2024-01-31,1,Quality Issue,29873.78,Completed
5138,28958,87188,7026,845,2023-05-06,1,Size/Fit Issue,16357.94,Completed
5139,28964,87204,9102,671,2024-09-27,2,Damaged Product,130272.56,Completed
5140,28965,87207,1620,34,2023-12-17,1,Damaged Product,54888.32,Completed
5141,28970,87222,3516,61,2023-03-14,1,Changed Mind,55328.05,Completed
5142,28973,87225,6400,353,2025-08-14,1,Size/Fit Issue,44608.27,Completed
5143,28980,87250,407,994,2024-12-23,2,Size/Fit Issue,110937.2,Completed
5144,28992,87287,4870,875,2023-11-28,1,Changed Mind,42404.31,Completed
5145,28993,87291,4243,273,2023-04-17,1,Size/Fit Issue,58733.95,Completed
5146,28993,87293,4243,712,2023-04-17,1,Quality Issue,7038.7,Completed
5147,29004,87319,3317,712,2024-05-25,1,Damaged Product,7038.7,Completed
5148,29010,87337,7870,89,2023-10-31,1,Changed Mind,61030.45,Completed
5149,29012,87341,7797,209,2024-09-13,1,Size/Fit Issue,43254.59,Completed
5150,29013,87342,40,525,2023-11-22,1,Wrong Product,64720.45,Completed
5151,29013,87343,40,294,2023-11-22,1,Changed Mind,41899.87,Completed
5152,29020,87368,6225,689,2025-01-11,2,Damaged Product,51014.62,Completed
5153,29021,87369,5091,934,2024-01-04,1,Damaged Product,13975.94,Completed
5154,29022,87374,3945,233,2025-12-22,1,Wrong Product,11531.39,Completed
5155,29024,87382,1370,534,2025-10-26,2,Wrong Product,7925.3,Completed
5156,29025,87386,8338,208,2025-12-16,1,Quality Issue,53391.84,Completed
5157,29033,87409,8555,634,2023-01-30,1,Damaged Product,39143.06,Completed
5158,29034,87416,9569,730,2023-06-14,1,Late Delivery,6687.12,Completed
5159,29042,87442,8483,901,2024-07-24,1,Changed Mind,49064.78,Completed
5160,29042,87443,8483,814,2024-07-24,3,Changed Mind,87538.08,Completed
5161,29042,87445,8483,31,2024-07-24,1,Wrong Product,5278.2,Completed
5162,29044,87450,9705,978,2023-12-10,1,Late Delivery,70358.3,Completed
5163,29066,87528,1993,672,2023-11-29,1,Changed Mind,6215.74,Completed
5164,29069,87534,8181,824,2023-03-04,1,Quality Issue,26487.37,Completed
5165,29083,87578,6206,623,2025-01-12,1,Damaged Product,71271.12,Completed
5166,29093,87613,555,105,2025-09-30,3,Quality Issue,41472.93,Completed
5167,29098,87632,9829,449,2024-08-21,2,Late Delivery,103306.32,Completed
5168,29103,87651,9864,350,2024-01-08,5,Size/Fit Issue,178503.65,Completed
5169,29114,87684,1324,483,2025-12-16,1,Quality Issue,81445.06,Completed
5170,29118,87695,5837,784,2025-11-16,1,Wrong Product,66280.45,Completed
5171,29126,87715,4122,377,2024-11-09,1,Quality Issue,38654.29,Completed
5172,29127,87721,1498,146,2024-06-20,1,Late Delivery,9172.39,Completed
5173,29149,87784,6089,260,2023-02-28,1,Damaged Product,2939.69,Completed
5174,29164,87826,8417,87,2024-11-18,3,Product Not as Expected,53067.72,Completed
5175,29171,87848,7550,51,2025-09-24,1,Wrong Product,6891.96,Completed
5176,29173,87859,1885,18,2023-09-07,1,Changed Mind,13809.81,Completed
5177,29180,87879,292,762,2024-05-25,1,Product Not as Expected,4852.55,Completed
5178,29181,87886,3740,144,2023-04-01,2,Wrong Product,80939.08,Completed
5179,29194,87927,5329,266,2025-10-31,2,Quality Issue,19780.48,Completed
5180,29198,87941,442,994,2023-03-28,1,Quality Issue,55468.6,Completed
5181,29207,87966,9969,102,2025-09-15,1,Late Delivery,41669.88,Completed
5182,29209,87973,9463,573,2024-12-11,1,Damaged Product,17211.31,Completed
5183,29211,87979,2462,461,2024-07-23,1,Quality Issue,57237.0,Completed
5184,29216,87995,5918,9,2024-05-26,2,Late Delivery,123608.36,Completed
5185,29223,88017,9440,712,2025-04-01,1,Size/Fit Issue,7038.7,Completed
5186,29226,88026,8347,624,2024-12-01,1,Late Delivery,36321.03,Completed
5187,29238,88051,9125,93,2024-04-26,1,Quality Issue,20754.97,Completed
5188,29239,88055,3030,186,2023-10-06,1,Size/Fit Issue,63029.09,Completed
5189,29251,88083,9387,660,2025-03-04,1,Wrong Product,24698.97,Completed
5190,29255,88101,6204,91,2023-09-10,2,Wrong Product,70263.4,Completed
5191,29257,88107,9941,920,2024-07-26,1,Late Delivery,34221.06,Completed
5192,29258,88109,8529,304,2025-01-15,1,Changed Mind,55996.86,Completed
5193,29268,88139,7960,804,2024-03-23,1,Late Delivery,65569.03,Completed
5194,29268,88140,7960,30,2024-03-23,1,Damaged Product,71072.0,Completed
5195,29269,88146,3810,182,2025-07-10,1,Wrong Product,3021.26,Completed
5196,29271,88150,3,991,2024-10-04,2,Product Not as Expected,32630.24,Completed
5197,29273,88159,152,231,2024-01-22,1,Quality Issue,21715.73,Completed
5198,29277,88174,6892,109,2023-12-01,2,Quality Issue,37007.72,Completed
5199,29278,88178,9224,357,2024-05-07,1,Quality Issue,38950.15,Completed
5200,29279,88181,713,124,2025-10-03,1,Late Delivery,32253.1,Completed
5201,29280,88185,872,940,2025-11-01,2,Product Not as Expected,2966.36,Completed
5202,29286,88207,7082,762,2025-06-03,1,Late Delivery,4852.55,Completed
5203,29292,88223,8661,410,2024-02-26,1,Wrong Product,18525.02,Completed
5204,29303,88259,1852,894,2025-05-01,1,Damaged Product,503.72,Completed
5205,29325,88324,3471,534,2023-07-05,2,Late Delivery,7925.3,Completed
5206,29326,88326,8483,712,2025-12-29,1,Damaged Product,7038.7,Completed
5207,29328,88335,8408,91,2023-08-06,2,Size/Fit Issue,70263.4,Completed
5208,29332,88343,9520,251,2023-04-15,1,Damaged Product,27200.0,Completed
5209,29338,88358,3001,563,2024-07-06,1,Product Not as Expected,39906.77,Completed
5210,29341,88363,4103,862,2023-06-22,2,Size/Fit Issue,115465.7,Completed
5211,29349,88391,6618,528,2024-09-15,2,Product Not as Expected,97373.26,Completed
5212,29361,88423,8432,811,2024-01-23,2,Wrong Product,59870.96,Completed
5213,29363,88431,4412,934,2024-07-21,1,Wrong Product,13975.94,Completed
5214,29364,88436,1785,239,2023-06-14,1,Wrong Product,2561.84,Completed
5215,29367,88446,2400,417,2023-07-03,1,Size/Fit Issue,64295.73,Completed
5216,29368,88447,2122,294,2025-01-02,1,Product Not as Expected,41899.87,Completed
5217,29371,88455,5075,64,2024-03-06,4,Damaged Product,51464.8,Completed
5218,29375,88466,3931,259,2024-04-20,1,Product Not as Expected,3555.42,Completed
5219,29378,88475,6676,227,2024-05-14,2,Size/Fit Issue,31710.22,Completed
5220,29381,88486,6126,394,2024-12-06,1,Damaged Product,42580.81,Completed
5221,29382,88488,3230,798,2023-03-21,3,Size/Fit Issue,157833.39,Completed
5222,29384,88491,3416,869,2024-11-04,1,Damaged Product,27599.74,Completed
5223,29387,88503,9117,16,2023-02-09,1,Late Delivery,74350.75,Completed
5224,29393,88518,257,815,2025-05-03,1,Changed Mind,36440.07,Completed
5225,29395,88521,7753,84,2025-12-21,1,Late Delivery,12692.83,Completed
5226,29398,88534,6133,439,2025-10-07,3,Changed Mind,135983.67,Completed
5227,29403,88546,6409,368,2023-09-26,1,Size/Fit Issue,54568.01,Completed
5228,29404,88548,4221,992,2025-11-06,2,Wrong Product,52756.62,Completed
5229,29413,88571,7896,357,2023-01-08,1,Changed Mind,38950.15,Completed
5230,29414,88574,8589,167,2025-03-10,1,Size/Fit Issue,43711.63,Completed
5231,29418,88585,1276,856,2025-04-13,2,Quality Issue,10090.3,Completed
5232,29424,88603,5934,676,2023-09-27,1,Wrong Product,9536.35,Completed
5233,29429,88619,1720,572,2024-11-04,1,Changed Mind,16804.56,Completed
5234,29436,88634,82,498,2024-08-29,2,Changed Mind,119170.78,Completed
5235,29449,88685,6353,604,2023-08-23,1,Late Delivery,36921.48,Completed
5236,29449,88688,6353,12,2023-08-23,1,Damaged Product,35202.17,Completed
5237,29452,88694,5702,878,2023-01-14,1,Quality Issue,81467.72,Completed
5238,29461,88710,9562,932,2025-08-16,1,Late Delivery,53678.69,Completed
5239,29464,88721,3764,862,2024-03-03,1,Wrong Product,57732.85,Completed
5240,29467,88730,1864,495,2024-11-22,2,Wrong Product,73415.64,Completed
5241,29467,88731,1864,451,2024-11-22,1,Late Delivery,17488.8,Completed
5242,29467,88732,1864,717,2024-11-22,2,Quality Issue,159317.04,Completed
5243,29469,88736,5200,619,2025-11-16,2,Product Not as Expected,73559.9,Completed
5244,29487,88790,3977,578,2023-11-05,1,Product Not as Expected,39704.69,Completed
5245,29491,88802,9482,299,2025-07-03,1,Wrong Product,40394.77,Completed
5246,29506,88849,1610,928,2024-02-28,3,Size/Fit Issue,262577.07,Completed
5247,29517,88879,3000,147,2023-10-17,2,Changed Mind,36372.22,Completed
5248,29519,88883,9135,269,2023-09-19,1,Product Not as Expected,21191.04,Completed
5249,29529,88915,1254,281,2023-04-26,1,Late Delivery,4708.56,Completed
5250,29534,88931,891,624,2025-03-06,1,Quality Issue,36321.03,Completed
5251,29536,88937,1867,566,2025-05-17,1,Product Not as Expected,53985.24,Completed
5252,29543,88959,3959,578,2023-11-16,2,Late Delivery,79409.38,Completed
5253,29544,88962,4978,716,2025-02-09,1,Late Delivery,37907.5,Completed
5254,29559,89004,1135,815,2025-01-08,1,Changed Mind,36440.07,Completed
5255,29560,89011,9064,468,2023-10-19,1,Late Delivery,31010.39,Completed
5256,29573,89050,8414,713,2024-01-23,2,Product Not as Expected,78326.64,Completed
5257,29576,89053,9038,555,2024-04-05,1,Size/Fit Issue,39589.69,Completed
5258,29579,89066,683,290,2023-06-27,1,Product Not as Expected,25930.02,Completed
5259,29579,89069,683,883,2023-06-27,2,Damaged Product,141825.48,Completed
5260,29589,89105,4033,295,2024-07-19,1,Product Not as Expected,10218.51,Completed
5261,29595,89133,2335,303,2023-02-04,3,Damaged Product,90845.19,Completed
5262,29599,89139,9425,69,2025-05-21,1,Quality Issue,32929.62,Completed
5263,29604,89155,3622,821,2024-12-21,1,Late Delivery,38888.0,Completed
5264,29606,89161,1328,875,2025-01-08,2,Quality Issue,84808.62,Completed
5265,29609,89171,2261,440,2025-03-10,1,Quality Issue,53089.24,Completed
5266,29616,89195,3401,994,2023-11-13,1,Quality Issue,55468.6,Completed
5267,29619,89204,7261,227,2025-06-16,3,Quality Issue,47565.33,Completed
5268,29624,89219,9706,89,2023-03-05,1,Quality Issue,61030.45,Completed
5269,29629,89232,2844,124,2025-11-21,1,Quality Issue,32253.1,Completed
5270,29631,89238,922,733,2025-06-13,2,Size/Fit Issue,5595.98,Completed
5271,29644,89278,1523,811,2024-08-10,2,Quality Issue,59870.96,Completed
5272,29650,89294,7609,607,2024-08-25,1,Changed Mind,4401.63,Completed
5273,29654,89310,3771,35,2023-06-01,2,Wrong Product,55909.26,Completed
5274,29658,89319,6717,248,2023-06-25,2,Product Not as Expected,2744.42,Completed
5275,29668,89340,6072,176,2025-05-17,2,Size/Fit Issue,9811.52,Completed
5276,29674,89361,7113,509,2023-06-27,1,Product Not as Expected,19248.16,Completed
5277,29675,89364,5677,990,2025-03-02,1,Damaged Product,16191.64,Completed
5278,29679,89385,2740,727,2025-06-06,1,Wrong Product,45186.84,Completed
5279,29705,89466,6866,69,2025-02-24,1,Damaged Product,32929.62,Completed
5280,29731,89548,4189,17,2024-02-28,2,Late Delivery,9930.04,Completed
5281,29735,89559,3153,790,2025-10-17,1,Changed Mind,60122.61,Completed
5282,29748,89597,4181,68,2025-11-07,2,Product Not as Expected,121371.2,Completed
5283,29751,89610,1094,729,2025-06-14,3,Quality Issue,151213.2,Completed
5284,29759,89639,8299,723,2023-09-14,1,Wrong Product,17748.2,Completed
5285,29763,89646,7652,938,2025-05-29,2,Changed Mind,82945.54,Completed
5286,29770,89664,3111,180,2024-08-21,1,Wrong Product,20525.8,Completed
5287,29777,89682,9765,731,2024-10-19,1,Size/Fit Issue,63563.73,Completed
5288,29780,89690,2940,36,2023-08-22,1,Wrong Product,4657.36,Completed
5289,29797,89730,1657,827,2025-02-14,1,Late Delivery,29873.51,Completed
5290,29798,89734,4717,192,2024-01-04,1,Changed Mind,52336.65,Completed
5291,29800,89739,739,766,2023-11-18,1,Changed Mind,48070.39,Completed
5292,29803,89751,1775,833,2024-08-03,1,Quality Issue,49984.05,Completed
5293,29807,89760,4904,910,2023-03-15,2,Damaged Product,92268.12,Completed
5294,29810,89771,5095,498,2024-08-10,2,Damaged Product,119170.78,Completed
5295,29815,89783,5718,84,2024-09-15,1,Product Not as Expected,12692.83,Completed
5296,29824,89804,121,604,2025-09-17,2,Changed Mind,73842.96,Completed
5297,29825,89807,1588,938,2025-08-22,1,Changed Mind,41472.77,Completed
5298,29827,89812,8237,212,2024-01-28,1,Changed Mind,14959.55,Completed
5299,29852,89890,7735,66,2023-08-18,2,Changed Mind,34586.64,Completed
5300,29858,89912,1670,533,2025-07-03,3,Changed Mind,133185.93,Completed
5301,29858,89914,1670,833,2025-07-03,1,Changed Mind,49984.05,Completed
5302,29859,89916,5428,498,2023-08-31,3,Product Not as Expected,178756.17,Completed
5303,29864,89933,5891,924,2023-05-27,1,Wrong Product,35999.57,Completed
5304,29870,89953,6208,500,2023-08-07,1,Product Not as Expected,21346.73,Completed
5305,29877,89979,5044,780,2025-11-02,1,Quality Issue,39870.93,Completed
5306,29878,89982,9479,200,2025-09-12,1,Changed Mind,26990.4,Completed
5307,29879,89986,6041,89,2024-05-13,2,Late Delivery,122060.9,Completed
5308,29884,89999,5476,350,2023-02-11,2,Quality Issue,71401.46,Completed
5309,29884,90002,5476,155,2023-02-11,1,Size/Fit Issue,75355.28,Completed
5310,29887,90009,3168,381,2024-06-05,1,Size/Fit Issue,8616.27,Completed
5311,29901,90057,1841,638,2025-10-05,2,Wrong Product,97672.22,Completed
5312,29905,90067,5475,151,2023-06-25,1,Wrong Product,14069.72,Completed
5313,29908,90074,5139,456,2023-03-15,2,Product Not as Expected,78940.86,Completed
5314,29908,90076,5139,131,2023-03-15,1,Changed Mind,72766.86,Completed
5315,29911,90088,1016,869,2025-01-05,2,Damaged Product,55199.48,Completed
5316,29915,90099,2202,303,2023-01-16,3,Late Delivery,90845.19,Completed
5317,29920,90118,4446,47,2023-10-26,1,Changed Mind,33493.63,Completed
5318,29931,90154,2786,641,2023-06-01,1,Damaged Product,12415.84,Completed
5319,29936,90164,707,465,2024-10-20,1,Damaged Product,54474.14,Completed
5320,29941,90181,2465,914,2024-12-04,1,Quality Issue,22155.25,Completed
5321,29942,90183,8266,76,2024-11-21,1,Quality Issue,24691.22,Completed
5322,29948,90203,4990,590,2025-01-20,1,Changed Mind,32485.63,Completed
5323,29952,90212,6464,171,2025-07-12,1,Size/Fit Issue,30953.01,Completed
5324,29954,90215,6230,293,2024-11-10,2,Changed Mind,28027.22,Completed
5325,29956,90223,3434,294,2025-09-06,2,Changed Mind,83799.74,Completed
5326,29957,90225,6903,110,2025-10-11,2,Product Not as Expected,123200.7,Completed
5327,29961,90234,4658,107,2025-01-25,1,Size/Fit Issue,63426.1,Completed
5328,29973,90266,4402,614,2025-04-18,1,Wrong Product,54167.99,Completed
5329,29976,90270,2217,526,2024-10-13,2,Late Delivery,19031.44,Completed
5330,29978,90277,6657,847,2024-02-12,2,Size/Fit Issue,172538.32,Completed
5331,29986,90305,4077,342,2023-11-11,3,Size/Fit Issue,45015.54,Completed
5332,29993,90327,1658,461,2025-04-07,1,Product Not as Expected,57237.0,Completed
5333,29997,90341,3261,757,2023-10-08,3,Damaged Product,73530.36,Completed
5334,30006,90363,396,207,2025-06-27,1,Damaged Product,83983.48,Completed
5335,30011,90378,3689,616,2024-04-02,2,Damaged Product,122594.96,Completed
5336,30012,90383,4019,68,2023-12-21,1,Quality Issue,60685.6,Completed
5337,30016,90398,852,196,2024-06-30,3,Quality Issue,107221.86,Completed
5338,30018,90403,2843,70,2024-05-12,1,Wrong Product,34867.93,Completed
5339,30037,90466,3216,934,2023-07-24,1,Changed Mind,13975.94,Completed
5340,30044,90486,9465,672,2024-04-26,1,Size/Fit Issue,6215.74,Completed
5341,30064,90546,1208,84,2023-03-05,3,Wrong Product,38078.49,Completed
5342,30066,90553,2852,674,2024-06-16,1,Damaged Product,44208.19,Completed
5343,30066,90555,2852,936,2024-06-16,1,Changed Mind,23282.26,Completed
5344,30070,90569,3681,433,2024-12-10,1,Product Not as Expected,47430.05,Completed
5345,30085,90616,4331,978,2025-10-17,1,Quality Issue,70358.3,Completed
5346,30088,90632,3947,709,2025-08-17,3,Damaged Product,3609.6,Completed
5347,30091,90640,1445,434,2024-10-18,3,Product Not as Expected,28376.88,Completed
5348,30099,90662,7399,657,2025-04-06,1,Size/Fit Issue,35285.91,Completed
5349,30111,90701,7678,39,2024-04-04,1,Damaged Product,34579.22,Completed
5350,30128,90756,991,27,2025-08-20,1,Quality Issue,29873.78,Completed
5351,30133,90769,4106,466,2025-04-29,1,Wrong Product,39504.07,Completed
5352,30133,90770,4106,726,2025-04-29,3,Quality Issue,147383.49,Completed
5353,30144,90803,603,951,2024-05-31,1,Quality Issue,71761.83,Completed
5354,30149,90818,4491,900,2024-08-26,1,Quality Issue,10764.09,Completed
5355,30163,90848,425,332,2025-05-27,1,Product Not as Expected,48366.16,Completed
5356,30166,90859,2296,154,2024-09-05,1,Quality Issue,8484.39,Completed
5357,30166,90860,2296,480,2024-09-05,1,Quality Issue,4003.79,Completed
5358,30176,90886,8210,871,2023-04-30,1,Damaged Product,12164.93,Completed
5359,30180,90894,6211,892,2023-01-05,1,Changed Mind,26907.95,Completed
5360,30182,90898,5384,432,2025-01-13,2,Size/Fit Issue,115198.42,Completed
5361,30183,90902,4650,376,2025-08-14,1,Size/Fit Issue,63521.81,Completed
5362,30184,90904,523,197,2023-11-16,1,Changed Mind,18177.19,Completed
5363,30185,90907,6513,587,2024-07-27,2,Damaged Product,77371.46,Completed
5364,30189,90925,9789,754,2023-07-30,1,Size/Fit Issue,10158.79,Completed
5365,30191,90934,9920,862,2023-11-21,1,Product Not as Expected,57732.85,Completed
5366,30193,90941,5616,566,2024-11-28,1,Late Delivery,53985.24,Completed
5367,30195,90950,1819,981,2023-04-26,1,Product Not as Expected,48465.68,Completed
5368,30197,90957,3372,118,2023-01-29,1,Changed Mind,40481.81,Completed
5369,30202,90968,6149,947,2025-01-01,1,Late Delivery,9686.7,Completed
5370,30209,90987,9135,619,2023-04-16,4,Changed Mind,147119.8,Completed
5371,30209,90988,9135,401,2023-04-16,2,Size/Fit Issue,168399.96,Completed
5372,30215,91004,5310,773,2025-12-11,1,Product Not as Expected,10661.83,Completed
5373,30222,91020,2768,442,2023-12-16,1,Size/Fit Issue,63464.4,Completed
5374,30225,91028,2272,824,2023-07-24,1,Wrong Product,26487.37,Completed
5375,30226,91030,6656,368,2025-01-06,1,Wrong Product,54568.01,Completed
5376,30229,91042,8580,216,2023-02-14,1,Late Delivery,2917.11,Completed
5377,30239,91069,4692,668,2025-12-16,1,Size/Fit Issue,68374.32,Completed
5378,30242,91079,5383,428,2025-06-27,2,Size/Fit Issue,56341.04,Completed
5379,30271,91160,7700,92,2023-11-29,1,Product Not as Expected,20472.41,Completed
5380,30272,91165,8870,875,2024-07-24,1,Quality Issue,42404.31,Completed
5381,30275,91172,4489,878,2024-06-25,1,Quality Issue,81467.72,Completed
5382,30283,91195,7880,799,2023-01-10,1,Size/Fit Issue,8251.88,Completed
5383,30286,91205,296,1000,2024-06-27,3,Late Delivery,105881.28,Completed
5384,30289,91214,2480,523,2024-10-06,3,Late Delivery,58719.24,Completed
5385,30296,91231,7859,517,2025-05-21,1,Wrong Product,27837.58,Completed
5386,30299,91239,7197,518,2024-08-30,1,Wrong Product,6573.06,Completed
5387,30303,91257,5519,957,2024-04-21,2,Quality Issue,116006.16,Completed
5388,30305,91261,9797,901,2025-09-09,1,Changed Mind,49064.78,Completed
5389,30307,91266,5244,996,2023-01-26,1,Late Delivery,43007.78,Completed
5390,30309,91273,1984,964,2024-01-03,3,Quality Issue,114186.78,Completed
5391,30314,91289,8122,804,2025-12-21,1,Product Not as Expected,65569.03,Completed
5392,30321,91308,9728,840,2025-01-06,3,Late Delivery,227807.88,Completed
5393,30331,91343,5376,193,2025-09-24,1,Changed Mind,87985.05,Completed
5394,30333,91348,6406,634,2024-02-21,1,Size/Fit Issue,39143.06,Completed
5395,30335,91354,7393,574,2024-11-22,1,Changed Mind,8147.88,Completed
5396,30337,91361,8650,281,2023-07-04,1,Wrong Product,4708.56,Completed
5397,30341,91378,6314,95,2023-11-01,1,Size/Fit Issue,10076.89,Completed
5398,30355,91422,194,605,2023-06-15,2,Quality Issue,56603.5,Completed
5399,30362,91445,4445,723,2023-08-25,1,Quality Issue,17748.2,Completed
5400,30368,91461,1399,604,2023-12-22,1,Wrong Product,36921.48,Completed
5401,30378,91489,3649,441,2023-07-26,1,Late Delivery,7558.87,Completed
5402,30383,91504,2026,10,2024-03-30,1,Product Not as Expected,2841.22,Completed
5403,30385,91512,9707,156,2024-04-20,1,Late Delivery,25532.83,Completed
5404,30399,91549,4587,537,2025-06-16,1,Quality Issue,53194.66,Completed
5405,30404,91562,5264,31,2025-05-25,1,Size/Fit Issue,5278.2,Completed
5406,30414,91597,8948,24,2025-04-29,1,Product Not as Expected,34565.44,Completed
5407,30416,91604,5399,84,2024-02-16,1,Changed Mind,12692.83,Completed
5408,30422,91619,2765,831,2024-09-08,2,Wrong Product,144852.72,Completed
5409,30429,91642,9311,418,2024-09-11,1,Damaged Product,6259.15,Completed
5410,30433,91654,423,381,2024-01-11,1,Changed Mind,8616.27,Completed
5411,30440,91679,1280,275,2024-02-04,1,Late Delivery,53701.2,Completed
5412,30442,91689,7789,376,2025-11-27,2,Late Delivery,127043.62,Completed
5413,30461,91737,3937,387,2023-11-18,2,Damaged Product,104788.92,Completed
5414,30479,91787,8030,535,2023-11-13,1,Product Not as Expected,41797.84,Completed
5415,30483,91802,3495,57,2025-01-25,1,Size/Fit Issue,54715.65,Completed
5416,30485,91808,592,977,2024-05-26,1,Wrong Product,24474.24,Completed
5417,30485,91811,592,532,2024-05-26,3,Quality Issue,180081.87,Completed
5418,30488,91821,7346,815,2023-03-27,1,Size/Fit Issue,36440.07,Completed
5419,30490,91825,2790,766,2024-09-26,1,Wrong Product,48070.39,Completed
5420,30491,91827,3790,111,2023-05-27,2,Wrong Product,37125.36,Completed
5421,30498,91846,6013,518,2025-06-19,1,Size/Fit Issue,6573.06,Completed
5422,30503,91859,7268,534,2023-02-20,1,Late Delivery,3962.65,Completed
5423,30505,91866,3879,162,2025-02-05,1,Size/Fit Issue,16480.13,Completed
5424,30510,91881,8528,91,2024-12-02,1,Product Not as Expected,35131.7,Completed
5425,30511,91883,7633,632,2025-02-22,1,Product Not as Expected,43423.57,Completed
5426,30518,91898,4246,32,2025-05-23,2,Product Not as Expected,19135.1,Completed
5427,30530,91932,6900,240,2024-08-14,1,Damaged Product,14499.05,Completed
5428,30531,91935,2569,205,2025-10-13,2,Damaged Product,87871.56,Completed
5429,30535,91944,4915,602,2024-11-14,1,Late Delivery,30146.2,Completed
5430,30538,91950,1056,302,2025-10-04,2,Wrong Product,25164.6,Completed
5431,30539,91957,2801,641,2024-01-17,2,Product Not as Expected,24831.68,Completed
5432,30540,91962,7683,936,2023-03-21,2,Quality Issue,46564.52,Completed
5433,30541,91964,3576,186,2025-08-27,2,Damaged Product,126058.18,Completed
5434,30549,91990,1175,590,2024-08-24,1,Damaged Product,32485.63,Completed
5435,30555,92011,5682,730,2025-05-28,2,Product Not as Expected,13374.24,Completed
5436,30571,92061,934,706,2025-09-10,1,Size/Fit Issue,39123.19,Completed
5437,30575,92080,5821,200,2023-04-19,1,Damaged Product,26990.4,Completed
5438,30593,92124,1096,824,2025-03-02,1,Product Not as Expected,26487.37,Completed
5439,30594,92130,8443,702,2023-07-08,1,Quality Issue,47715.26,Completed
5440,30595,92131,5355,278,2025-05-05,1,Late Delivery,32103.08,Completed
5441,30599,92141,6056,733,2024-11-06,1,Changed Mind,2797.99,Completed
5442,30600,92146,11,831,2023-07-24,2,Quality Issue,144852.72,Completed
5443,30601,92152,5196,147,2024-05-04,1,Late Delivery,18186.11,Completed
5444,30606,92169,5140,836,2025-11-16,1,Damaged Product,41004.0,Completed
5445,30615,92195,5660,824,2024-02-28,2,Quality Issue,52974.74,Completed
5446,30620,92211,8215,305,2024-07-06,2,Wrong Product,53881.98,Completed
5447,30630,92234,1018,66,2025-02-22,2,Changed Mind,34586.64,Completed
5448,30648,92282,5771,824,2025-04-04,2,Quality Issue,52974.74,Completed
5449,30659,92326,6478,480,2023-05-27,1,Late Delivery,4003.79,Completed
5450,30663,92335,243,14,2024-12-22,1,Late Delivery,25186.17,Completed
5451,30670,92357,2454,303,2023-04-19,2,Late Delivery,60563.46,Completed
5452,30674,92373,5886,651,2025-08-16,1,Size/Fit Issue,58787.12,Completed
5453,30682,92392,6767,31,2023-03-01,1,Quality Issue,5278.2,Completed
5454,30683,92400,1811,307,2023-01-18,1,Late Delivery,59012.04,Completed
5455,30688,92421,3814,190,2023-01-20,1,Size/Fit Issue,31464.71,Completed
5456,30694,92442,3212,262,2024-06-17,1,Product Not as Expected,24152.91,Completed
5457,30701,92463,7418,342,2024-02-23,2,Size/Fit Issue,30010.36,Completed
5458,30710,92493,7679,528,2024-05-08,1,Size/Fit Issue,48686.63,Completed
5459,30714,92501,1572,572,2025-10-28,1,Damaged Product,16804.56,Completed
5460,30718,92513,6454,814,2025-11-20,1,Quality Issue,29179.36,Completed
5461,30722,92523,9652,278,2024-11-14,1,Changed Mind,32103.08,Completed
5462,30722,92524,9652,251,2024-11-14,1,Product Not as Expected,27200.0,Completed
5463,30726,92536,9707,1000,2023-02-13,1,Late Delivery,35293.76,Completed
5464,30726,92538,9707,370,2023-02-13,1,Changed Mind,42652.44,Completed
5465,30738,92571,7029,570,2025-08-19,1,Size/Fit Issue,4934.47,Completed
5466,30742,92582,9074,724,2024-02-04,1,Product Not as Expected,32467.48,Completed
5467,30747,92596,893,195,2024-04-28,1,Damaged Product,80598.63,Completed
5468,30748,92600,5031,830,2023-02-11,1,Changed Mind,2181.3,Completed
5469,30766,92651,1018,370,2024-11-30,2,Quality Issue,85304.88,Completed
5470,30775,92681,8576,393,2024-08-25,1,Damaged Product,22248.19,Completed
5471,30779,92698,2176,523,2023-03-11,1,Changed Mind,19573.08,Completed
5472,30780,92699,8463,922,2023-02-23,1,Late Delivery,12986.88,Completed
5473,30782,92707,5933,641,2024-08-05,2,Wrong Product,24831.68,Completed
5474,30791,92736,8015,51,2025-03-24,1,Product Not as Expected,6891.96,Completed
5475,30798,92758,2319,221,2023-01-17,2,Quality Issue,19002.04,Completed
5476,30799,92763,9078,956,2024-03-21,1,Size/Fit Issue,39326.14,Completed
5477,30801,92772,2826,949,2024-12-23,1,Product Not as Expected,21780.09,Completed
5478,30803,92779,3613,488,2025-02-10,1,Changed Mind,10814.51,Completed
5479,30804,92783,2292,542,2024-11-21,1,Quality Issue,71946.34,Completed
5480,30807,92788,7167,324,2025-11-23,1,Size/Fit Issue,65084.11,Completed
5481,30813,92805,2156,638,2023-02-20,1,Product Not as Expected,48836.11,Completed
5482,30813,92806,2156,590,2023-02-20,1,Quality Issue,32485.63,Completed
5483,30815,92810,6463,173,2023-11-18,3,Changed Mind,249309.09,Completed
5484,30821,92833,4113,9,2024-10-12,3,Changed Mind,185412.54,Completed
5485,30821,92836,4113,345,2024-10-12,1,Product Not as Expected,34708.25,Completed
5486,30824,92846,665,273,2025-12-08,1,Product Not as Expected,58733.95,Completed
5487,30827,92850,8259,934,2024-04-19,1,Size/Fit Issue,13975.94,Completed
5488,30829,92858,9540,246,2023-03-14,1,Size/Fit Issue,47257.72,Completed
5489,30834,92871,3316,122,2024-07-08,1,Damaged Product,61466.27,Completed
5490,30837,92882,4695,754,2024-05-14,1,Product Not as Expected,10158.79,Completed
5491,30840,92897,1461,181,2025-04-10,3,Changed Mind,39816.81,Completed
5492,30842,92902,7754,381,2024-04-21,1,Changed Mind,8616.27,Completed
5493,30842,92903,7754,418,2024-04-21,1,Product Not as Expected,6259.15,Completed
5494,30843,92905,1439,534,2024-05-29,1,Changed Mind,3962.65,Completed
5495,30845,92914,1551,273,2023-03-09,1,Size/Fit Issue,58733.95,Completed
5496,30848,92924,419,991,2025-03-11,1,Product Not as Expected,16315.12,Completed
5497,30848,92925,419,97,2025-03-11,3,Wrong Product,20699.94,Completed
5498,30855,92944,7347,890,2023-08-25,2,Changed Mind,76640.08,Completed
5499,30858,92949,2957,376,2024-06-16,2,Damaged Product,127043.62,Completed
5500,30883,93012,3436,119,2024-11-19,1,Damaged Product,62460.8,Completed
5501,30883,93014,3436,858,2024-11-19,1,Product Not as Expected,8955.57,Completed
5502,30884,93015,2008,581,2023-01-09,2,Product Not as Expected,86719.28,Completed
5503,30916,93095,2561,523,2023-01-05,1,Late Delivery,19573.08,Completed
5504,30922,93116,6949,698,2023-07-31,1,Late Delivery,36376.6,Completed
5505,30925,93128,265,726,2023-12-23,1,Size/Fit Issue,49127.83,Completed
5506,30931,93148,711,383,2023-11-29,1,Size/Fit Issue,37571.74,Completed
5507,30933,93153,9597,92,2024-11-30,1,Product Not as Expected,20472.41,Completed
5508,30936,93159,9795,603,2025-06-24,2,Product Not as Expected,6397.84,Completed
5509,30937,93161,7076,574,2024-07-22,1,Size/Fit Issue,8147.88,Completed
5510,30938,93164,3740,49,2025-07-12,1,Damaged Product,52319.21,Completed
5511,30944,93183,4056,577,2023-03-08,1,Damaged Product,28640.16,Completed
5512,30948,93200,9688,799,2024-01-09,1,Changed Mind,8251.88,Completed
5513,30949,93202,384,314,2024-02-12,3,Late Delivery,55991.52,Completed
5514,30953,93215,8185,119,2024-07-01,1,Size/Fit Issue,62460.8,Completed
5515,30961,93241,4620,848,2024-05-29,1,Size/Fit Issue,49254.59,Completed
5516,30976,93279,8254,549,2025-10-11,1,Product Not as Expected,51380.02,Completed
5517,30982,93295,9912,679,2024-01-14,1,Wrong Product,5822.9,Completed
5518,30985,93310,4024,248,2025-05-24,1,Changed Mind,1372.21,Completed
5519,30986,93314,4409,49,2024-09-08,1,Damaged Product,52319.21,Completed
5520,30986,93315,4409,804,2024-09-08,1,Product Not as Expected,65569.03,Completed
5521,30990,93326,6943,991,2023-01-29,1,Size/Fit Issue,16315.12,Completed
5522,30992,93332,4269,566,2024-09-27,1,Wrong Product,53985.24,Completed
5523,31004,93360,4340,678,2023-04-02,2,Size/Fit Issue,98774.64,Completed
5524,31009,93377,5494,792,2023-06-20,2,Size/Fit Issue,82266.78,Completed
5525,31018,93397,8218,159,2023-01-13,1,Late Delivery,47345.28,Completed
5526,31020,93405,8680,509,2023-11-07,1,Late Delivery,19248.16,Completed
5527,31020,93407,8680,636,2023-11-07,1,Late Delivery,27784.14,Completed
5528,31031,93433,9528,871,2024-02-24,1,Product Not as Expected,12164.93,Completed
5529,31035,93444,1852,758,2025-07-04,1,Late Delivery,70684.62,Completed
5530,31051,93489,3891,47,2025-03-27,1,Quality Issue,33493.63,Completed
5531,31057,93512,9548,962,2024-04-29,2,Wrong Product,54002.3,Completed
5532,31059,93516,3882,383,2023-02-22,1,Damaged Product,37571.74,Completed
5533,31061,93519,1175,69,2025-05-14,3,Product Not as Expected,98788.86,Completed
5534,31065,93532,1159,754,2024-02-28,1,Quality Issue,10158.79,Completed
5535,31074,93558,7847,605,2024-01-09,1,Late Delivery,28301.75,Completed
5536,31076,93564,2822,176,2023-11-05,1,Late Delivery,4905.76,Completed
5537,31097,93621,6138,353,2025-09-25,1,Changed Mind,44608.27,Completed
5538,31100,93628,2430,999,2025-07-07,1,Wrong Product,53552.97,Completed
5539,31100,93629,2430,14,2025-07-07,1,Changed Mind,25186.17,Completed
5540,31102,93636,686,590,2023-10-29,1,Product Not as Expected,32485.63,Completed
5541,31111,93664,1296,439,2025-06-14,3,Damaged Product,135983.67,Completed
5542,31116,93674,4226,913,2024-04-14,4,Damaged Product,118958.96,Completed
5543,31118,93681,9757,120,2025-09-24,2,Damaged Product,42381.78,Completed
5544,31121,93692,9873,188,2025-03-07,1,Wrong Product,51035.63,Completed
5545,31122,93698,2793,526,2024-12-05,1,Changed Mind,9515.72,Completed
5546,31124,93705,9104,824,2024-12-20,1,Wrong Product,26487.37,Completed
5547,31125,93707,7759,977,2023-05-08,1,Wrong Product,24474.24,Completed
5548,31128,93712,1192,394,2023-12-27,2,Damaged Product,85161.62,Completed
5549,31129,93720,9853,266,2024-04-18,2,Late Delivery,19780.48,Completed
5550,31136,93746,6001,702,2023-11-24,3,Product Not as Expected,143145.78,Completed
5551,31137,93750,6148,900,2025-08-03,1,Wrong Product,10764.09,Completed
5552,31144,93776,6846,541,2024-10-21,1,Quality Issue,38960.03,Completed
5553,31157,93815,505,774,2024-11-11,2,Product Not as Expected,87959.32,Completed
5554,31162,93826,3278,97,2024-11-03,1,Product Not as Expected,6899.98,Completed
5555,31163,93831,2578,97,2025-11-18,1,Quality Issue,6899.98,Completed
5556,31169,93850,5274,268,2023-05-05,3,Late Delivery,230164.56,Completed
5557,31181,93884,8370,9,2024-02-11,1,Quality Issue,61804.18,Completed
5558,31181,93885,8370,962,2024-02-11,2,Wrong Product,54002.3,Completed
5559,31182,93891,4092,174,2023-06-07,1,Quality Issue,27857.23,Completed
5560,31186,93906,5131,541,2023-04-14,1,Wrong Product,38960.03,Completed
5561,31188,93913,3788,367,2023-02-22,1,Late Delivery,58161.69,Completed
5562,31192,93926,4815,902,2024-02-15,1,Product Not as Expected,32965.09,Completed
5563,31192,93929,4815,635,2024-02-15,1,Damaged Product,61072.54,Completed
5564,31201,93957,2079,888,2024-08-22,2,Product Not as Expected,56244.4,Completed
5565,31206,93973,9673,695,2023-02-16,1,Quality Issue,36339.69,Completed
5566,31219,94019,1559,278,2023-05-14,2,Damaged Product,64206.16,Completed
5567,31221,94021,7075,490,2025-06-21,1,Changed Mind,17741.71,Completed
5568,31233,94054,3552,952,2023-07-27,1,Quality Issue,69658.09,Completed
5569,31239,94073,4233,891,2025-01-31,2,Changed Mind,63576.1,Completed
5570,31242,94085,8622,603,2024-03-03,1,Late Delivery,3198.92,Completed
5571,31242,94086,8622,684,2024-03-03,1,Size/Fit Issue,24811.38,Completed
5572,31243,94088,9954,52,2023-03-02,2,Quality Issue,50532.5,Completed
5573,31244,94093,5600,544,2024-12-26,1,Wrong Product,60516.54,Completed
5574,31264,94158,5594,20,2023-06-08,2,Wrong Product,8260.82,Completed
5575,31268,94174,5658,930,2023-09-06,1,Late Delivery,39320.83,Completed
5576,31272,94187,6292,956,2025-01-09,1,Damaged Product,39326.14,Completed
5577,31285,94230,8641,54,2024-05-08,1,Product Not as Expected,83257.08,Completed
5578,31288,94235,3101,319,2024-03-16,2,Wrong Product,2539.38,Completed
5579,31291,94243,8878,216,2025-03-29,1,Quality Issue,2917.11,Completed
5580,31293,94252,8642,187,2024-07-05,5,Size/Fit Issue,55699.2,Completed
5581,31294,94255,1920,998,2023-09-24,2,Wrong Product,31187.8,Completed
5582,31305,94282,4802,390,2023-12-29,1,Damaged Product,58992.99,Completed
5583,31305,94283,4802,956,2023-12-29,3,Product Not as Expected,117978.42,Completed
5584,31308,94290,9164,938,2025-02-05,1,Damaged Product,41472.77,Completed
5585,31312,94302,8013,479,2024-02-18,1,Product Not as Expected,1432.07,Completed
5586,31318,94316,1575,569,2023-06-04,2,Late Delivery,60201.58,Completed
5587,31328,94347,5399,216,2023-09-19,1,Wrong Product,2917.11,Completed
5588,31334,94366,1301,276,2024-07-05,2,Late Delivery,79722.46,Completed
5589,31337,94373,1952,641,2023-05-05,1,Damaged Product,12415.84,Completed
5590,31342,94392,3415,278,2023-03-27,3,Product Not as Expected,96309.24,Completed
5591,31344,94396,3004,924,2025-11-21,5,Product Not as Expected,179997.85,Completed
5592,31345,94400,100,468,2024-01-04,3,Changed Mind,93031.17,Completed
5593,31357,94437,382,188,2025-11-30,1,Wrong Product,51035.63,Completed
5594,31357,94440,382,57,2025-11-30,2,Size/Fit Issue,109431.3,Completed
5595,31368,94470,4754,214,2025-05-19,1,Product Not as Expected,17174.56,Completed
5596,31378,94497,3093,368,2023-10-26,1,Late Delivery,54568.01,Completed
5597,31386,94525,5392,271,2024-04-15,1,Product Not as Expected,28391.33,Completed
5598,31395,94547,8403,418,2025-03-03,3,Size/Fit Issue,18777.45,Completed
5599,31407,94582,6210,251,2023-01-11,1,Size/Fit Issue,27200.0,Completed
5600,31413,94601,6969,544,2025-04-19,1,Damaged Product,60516.54,Completed
5601,31414,94604,5495,294,2024-07-11,1,Damaged Product,41899.87,Completed
5602,31428,94641,5461,770,2024-12-08,1,Changed Mind,2588.75,Completed
5603,31434,94661,4626,888,2024-05-25,1,Changed Mind,28122.2,Completed
5604,31448,94711,3996,927,2023-07-14,1,Wrong Product,3086.03,Completed
5605,31461,94749,3180,886,2025-07-20,1,Size/Fit Issue,49335.18,Completed
5606,31461,94752,3180,49,2025-07-20,2,Size/Fit Issue,104638.42,Completed
5607,31462,94753,8849,727,2025-09-29,1,Quality Issue,45186.84,Completed
5608,31469,94775,5603,186,2024-10-13,1,Wrong Product,63029.09,Completed
5609,31496,94851,485,578,2024-12-07,1,Damaged Product,39704.69,Completed
5610,31501,94867,6290,957,2023-08-18,1,Late Delivery,58003.08,Completed
5611,31503,94877,4285,558,2023-11-29,2,Wrong Product,151778.82,Completed
5612,31507,94888,2503,283,2023-11-12,1,Wrong Product,68428.94,Completed
5613,31508,94892,8227,534,2025-02-09,1,Product Not as Expected,3962.65,Completed
5614,31519,94930,3241,988,2024-08-19,1,Product Not as Expected,39079.27,Completed
5615,31521,94937,832,848,2025-04-14,1,Quality Issue,49254.59,Completed
5616,31522,94940,7281,298,2024-11-20,1,Changed Mind,64159.18,Completed
5617,31527,94957,3213,116,2024-11-19,1,Wrong Product,84644.25,Completed
5618,31528,94963,1589,185,2024-06-28,1,Damaged Product,48632.58,Completed
5619,31536,94993,8430,14,2023-01-01,2,Wrong Product,50372.34,Completed
5620,31538,95001,9869,350,2023-04-09,1,Late Delivery,35700.73,Completed
5621,31548,95038,6420,440,2025-07-28,1,Product Not as Expected,53089.24,Completed
5622,31548,95040,6420,53,2025-07-28,1,Quality Issue,69627.87,Completed
5623,31552,95052,3234,975,2023-02-09,1,Wrong Product,52812.93,Completed
5624,31552,95053,3234,122,2023-02-09,1,Product Not as Expected,61466.27,Completed
5625,31552,95054,3234,956,2023-02-09,2,Late Delivery,78652.28,Completed
5626,31554,95060,3232,761,2025-02-16,2,Size/Fit Issue,28264.06,Completed
5627,31556,95063,563,593,2024-05-31,1,Late Delivery,78324.42,Completed
5628,31557,95068,3493,332,2024-09-04,1,Damaged Product,48366.16,Completed
5629,31561,95082,2033,651,2025-02-19,1,Changed Mind,58787.12,Completed
5630,31567,95100,8499,480,2025-06-11,1,Wrong Product,4003.79,Completed
5631,31570,95105,8446,820,2023-10-05,2,Damaged Product,83915.66,Completed
5632,31583,95146,7661,541,2023-10-28,3,Changed Mind,116880.09,Completed
5633,31586,95156,4158,381,2023-04-01,1,Product Not as Expected,8616.27,Completed
5634,31590,95164,3399,848,2023-09-11,1,Damaged Product,49254.59,Completed
5635,31590,95165,3399,834,2023-09-11,1,Damaged Product,10608.23,Completed
5636,31602,95204,8689,260,2023-07-12,1,Wrong Product,2939.69,Completed
5637,31604,95213,3614,836,2025-12-23,1,Damaged Product,41004.0,Completed
5638,31608,95220,9286,947,2023-05-07,1,Wrong Product,9686.7,Completed
5639,31612,95235,2413,487,2024-06-24,1,Quality Issue,86706.08,Completed
5640,31616,95246,303,639,2024-02-27,3,Late Delivery,67840.08,Completed
5641,31617,95248,2667,453,2024-08-15,1,Damaged Product,16365.34,Completed
5642,31620,95254,9504,732,2024-03-14,1,Product Not as Expected,61153.47,Completed
5643,31622,95262,6014,222,2025-06-18,1,Changed Mind,5223.93,Completed
5644,31625,95268,9144,936,2024-03-26,1,Quality Issue,23282.26,Completed
5645,31627,95277,3088,916,2023-07-17,1,Late Delivery,48367.88,Completed
5646,31632,95294,5331,500,2024-04-07,2,Wrong Product,42693.46,Completed
5647,31637,95311,2058,280,2023-04-27,2,Quality Issue,36819.18,Completed
5648,31642,95327,703,456,2023-01-10,1,Wrong Product,39470.43,Completed
5649,31655,95361,1955,409,2023-01-24,2,Product Not as Expected,123909.4,Completed
5650,31664,95388,5101,877,2025-08-08,1,Changed Mind,30569.83,Completed
5651,31675,95412,8232,607,2025-09-02,1,Late Delivery,4401.63,Completed
5652,31681,95431,9081,728,2024-12-09,1,Late Delivery,72056.51,Completed
5653,31683,95436,2520,678,2024-03-26,2,Changed Mind,98774.64,Completed
5654,31687,95446,3292,191,2023-11-29,1,Product Not as Expected,45798.67,Completed
5655,31694,95469,2499,573,2024-10-16,1,Late Delivery,17211.31,Completed
5656,31696,95474,2876,704,2023-03-11,1,Quality Issue,1687.52,Completed
5657,31710,95524,7011,24,2023-07-18,1,Changed Mind,34565.44,Completed
5658,31723,95563,8001,324,2025-02-20,1,Size/Fit Issue,65084.11,Completed
5659,31732,95586,7655,577,2023-01-04,1,Late Delivery,28640.16,Completed
5660,31739,95601,1506,361,2025-06-30,1,Changed Mind,39557.35,Completed
5661,31745,95626,2714,135,2024-01-06,2,Wrong Product,108892.86,Completed
5662,31782,95738,8465,634,2024-09-09,1,Quality Issue,39143.06,Completed
5663,31785,95746,4620,440,2025-02-14,1,Wrong Product,53089.24,Completed
5664,31787,95755,5237,97,2024-12-10,1,Changed Mind,6899.98,Completed
5665,31787,95756,5237,351,2024-12-10,1,Quality Issue,42200.96,Completed
5666,31790,95764,8955,541,2025-07-12,3,Wrong Product,116880.09,Completed
5667,31792,95772,6669,597,2024-08-17,3,Wrong Product,47303.07,Completed
5668,31793,95776,5502,503,2023-03-11,2,Changed Mind,118758.34,Completed
5669,31794,95780,2591,619,2024-06-12,1,Product Not as Expected,36779.95,Completed
5670,31809,95814,1060,850,2023-12-21,1,Changed Mind,59950.4,Completed
5671,31813,95832,3505,991,2024-04-30,2,Late Delivery,32630.24,Completed
5672,31814,95836,6283,479,2024-05-06,1,Quality Issue,1432.07,Completed
5673,31815,95839,3882,638,2024-08-04,1,Size/Fit Issue,48836.11,Completed
5674,31817,95843,1351,160,2025-07-25,2,Size/Fit Issue,119053.52,Completed
5675,31817,95845,1351,830,2025-07-25,1,Quality Issue,2181.3,Completed
5676,31824,95872,4217,247,2024-03-25,2,Quality Issue,109179.1,Completed
5677,31831,95896,879,503,2025-04-06,1,Size/Fit Issue,59379.17,Completed
5678,31831,95899,879,513,2025-04-06,3,Damaged Product,846.33,Completed
5679,31849,95951,307,47,2025-12-30,1,Size/Fit Issue,33493.63,Completed
5680,31853,95968,4517,994,2025-01-28,1,Changed Mind,55468.6,Completed
5681,31858,95987,8096,913,2024-05-13,1,Size/Fit Issue,29739.74,Completed
5682,31862,96002,3194,875,2025-01-20,1,Wrong Product,42404.31,Completed
5683,31862,96003,3194,354,2025-01-20,1,Wrong Product,24299.68,Completed
5684,31872,96034,7944,222,2023-04-27,1,Product Not as Expected,5223.93,Completed
5685,31875,96047,3862,848,2025-02-18,1,Wrong Product,49254.59,Completed
5686,31880,96064,5282,55,2025-06-28,1,Size/Fit Issue,49310.63,Completed
5687,31891,96093,2088,203,2024-09-18,2,Wrong Product,41250.06,Completed
5688,31894,96098,9881,256,2023-03-16,1,Size/Fit Issue,8390.62,Completed
5689,31896,96106,7110,901,2025-05-28,1,Late Delivery,49064.78,Completed
5690,31897,96111,4310,848,2025-09-10,3,Product Not as Expected,147763.77,Completed
5691,31902,96123,3444,324,2024-11-27,1,Damaged Product,65084.11,Completed
5692,31905,96129,8442,91,2023-05-30,1,Size/Fit Issue,35131.7,Completed
5693,31916,96160,6192,544,2024-02-24,4,Late Delivery,242066.16,Completed
5694,31922,96179,7313,233,2023-08-10,2,Size/Fit Issue,23062.78,Completed
5695,31927,96194,3485,838,2023-01-20,1,Size/Fit Issue,67576.45,Completed
5696,31930,96201,6971,231,2023-08-14,1,Changed Mind,21715.73,Completed
5697,31930,96204,6971,532,2023-08-14,1,Quality Issue,60027.29,Completed
5698,31931,96208,2413,344,2025-09-10,2,Late Delivery,8164.02,Completed
5699,31932,96211,147,47,2023-11-23,1,Wrong Product,33493.63,Completed
5700,31935,96222,7588,518,2023-12-15,1,Product Not as Expected,6573.06,Completed
5701,31935,96223,7588,824,2023-12-15,1,Changed Mind,26487.37,Completed
5702,31936,96230,2763,934,2025-04-15,1,Late Delivery,13975.94,Completed
5703,31940,96243,7450,462,2023-01-31,1,Damaged Product,42608.45,Completed
5704,31955,96284,5794,713,2024-02-26,3,Quality Issue,117489.96,Completed
5705,31956,96285,6423,410,2024-11-29,2,Damaged Product,37050.04,Completed
5706,31958,96289,106,729,2024-10-02,1,Wrong Product,50404.4,Completed
5707,31958,96290,106,566,2024-10-02,1,Wrong Product,53985.24,Completed
5708,31960,96297,1391,426,2025-03-21,1,Product Not as Expected,13381.73,Completed
5709,31962,96305,6182,990,2024-07-31,1,Product Not as Expected,16191.64,Completed
5710,31964,96310,3300,117,2024-09-18,1,Damaged Product,34750.87,Completed
5711,31966,96319,8122,5,2025-03-08,1,Damaged Product,25962.08,Completed
5712,31988,96386,9097,52,2024-09-08,1,Damaged Product,25266.25,Completed
5713,31991,96397,5202,478,2024-10-05,1,Quality Issue,61269.06,Completed
5714,31998,96414,4402,730,2025-05-07,1,Product Not as Expected,6687.12,Completed
5715,32000,96422,4376,62,2023-03-05,2,Changed Mind,128910.08,Completed
5716,32010,96448,9135,669,2025-10-08,1,Wrong Product,52366.39,Completed
5717,32017,96471,393,381,2025-03-23,2,Size/Fit Issue,17232.54,Completed
5718,32017,96473,393,981,2025-03-23,1,Size/Fit Issue,48465.68,Completed
5719,32027,96498,9096,245,2024-03-30,2,Quality Issue,44317.62,Completed
5720,32030,96507,936,178,2025-07-31,1,Product Not as Expected,11810.77,Completed
5721,32043,96540,4155,254,2025-09-07,1,Size/Fit Issue,81254.36,Completed
5722,32057,96589,7269,422,2025-04-20,3,Quality Issue,109733.34,Completed
5723,32057,96591,7269,364,2025-04-20,2,Damaged Product,49089.42,Completed
5724,32058,96592,2080,453,2025-11-10,1,Wrong Product,16365.34,Completed
5725,32058,96594,2080,376,2025-11-10,4,Changed Mind,254087.24,Completed
5726,32064,96612,5948,657,2023-05-01,1,Size/Fit Issue,35285.91,Completed
5727,32064,96615,5948,479,2023-05-01,1,Wrong Product,1432.07,Completed
5728,32073,96641,4447,73,2023-10-21,1,Wrong Product,2096.83,Completed
5729,32081,96665,4203,621,2024-10-22,1,Wrong Product,9935.11,Completed
5730,32084,96679,8115,60,2024-11-29,1,Damaged Product,71063.14,Completed
5731,32086,96683,4962,562,2025-08-29,1,Late Delivery,56042.02,Completed
5732,32087,96689,9624,773,2025-05-06,2,Damaged Product,21323.66,Completed
5733,32090,96698,4964,329,2025-02-25,4,Product Not as Expected,214074.64,Completed
5734,32114,96776,5684,438,2023-04-02,1,Late Delivery,62279.76,Completed
5735,32124,96804,2915,438,2024-09-17,1,Quality Issue,62279.76,Completed
5736,32130,96821,6648,647,2025-04-14,2,Late Delivery,18947.48,Completed
5737,32139,96844,7043,890,2023-05-03,2,Size/Fit Issue,76640.08,Completed
5738,32146,96867,3637,354,2023-03-29,2,Size/Fit Issue,48599.36,Completed
5739,32154,96894,3297,633,2025-05-11,4,Late Delivery,65084.68,Completed
5740,32156,96902,5550,721,2025-10-18,1,Wrong Product,56611.31,Completed
5741,32159,96911,379,759,2024-03-23,2,Quality Issue,156471.32,Completed
5742,32160,96913,887,475,2025-07-31,2,Changed Mind,45075.32,Completed
5743,32165,96927,9883,787,2025-04-19,1,Damaged Product,5536.18,Completed
5744,32181,96973,9541,155,2025-10-01,1,Wrong Product,75355.28,Completed
5745,32187,96995,9537,716,2025-12-06,2,Wrong Product,75815.0,Completed
5746,32192,97007,3369,220,2023-10-24,2,Damaged Product,44084.54,Completed
5747,32197,97019,3739,736,2024-03-13,5,Quality Issue,385934.5,Completed
5748,32197,97020,3739,422,2024-03-13,1,Quality Issue,36577.78,Completed
5749,32202,97030,1893,818,2024-04-07,1,Product Not as Expected,2517.2,Completed
5750,32207,97043,4065,433,2024-07-06,1,Wrong Product,47430.05,Completed
5751,32208,97046,1106,128,2023-10-31,1,Changed Mind,25679.16,Completed
5752,32215,97072,3151,714,2024-10-12,1,Wrong Product,48096.56,Completed
5753,32222,97096,1446,5,2025-07-08,3,Product Not as Expected,77886.24,Completed
5754,32226,97108,6568,31,2023-05-09,2,Wrong Product,10556.4,Completed
5755,32251,97191,8201,185,2024-06-24,1,Late Delivery,48632.58,Completed
5756,32256,97204,2711,972,2023-03-22,1,Late Delivery,30308.67,Completed
5757,32258,97211,3600,512,2024-04-18,2,Size/Fit Issue,16256.04,Completed
5758,32258,97213,3600,429,2024-04-18,4,Damaged Product,53973.68,Completed
5759,32259,97216,1997,281,2024-11-24,2,Wrong Product,9417.12,Completed
5760,32259,97219,1997,912,2024-11-24,1,Size/Fit Issue,12513.25,Completed
5761,32263,97231,6574,258,2025-03-18,1,Wrong Product,30912.25,Completed
5762,32265,97236,9312,950,2024-08-28,1,Wrong Product,4878.32,Completed
5763,32265,97238,9312,848,2024-08-28,1,Quality Issue,49254.59,Completed
5764,32267,97245,618,937,2024-07-26,3,Wrong Product,225862.44,Completed
5765,32272,97258,8737,838,2023-04-14,1,Size/Fit Issue,67576.45,Completed
5766,32273,97264,2026,357,2025-08-31,2,Size/Fit Issue,77900.3,Completed
5767,32282,97296,6553,574,2023-08-16,1,Late Delivery,8147.88,Completed
5768,32299,97354,4304,130,2023-01-08,1,Changed Mind,38866.1,Completed
5769,32308,97382,755,214,2025-01-10,3,Damaged Product,51523.68,Completed
5770,32310,97388,2890,982,2025-02-03,1,Size/Fit Issue,39666.28,Completed
5771,32311,97390,199,721,2024-01-27,1,Damaged Product,56611.31,Completed
5772,32312,97394,7022,418,2024-10-30,1,Late Delivery,6259.15,Completed
5773,32315,97403,2239,636,2023-06-29,1,Damaged Product,27784.14,Completed
5774,32321,97421,6700,978,2024-04-13,2,Quality Issue,140716.6,Completed
5775,32324,97436,3912,291,2024-07-18,1,Quality Issue,65760.73,Completed
5776,32336,97472,2529,74,2024-08-28,1,Damaged Product,25500.32,Completed
5777,32338,97480,8119,439,2024-02-05,1,Wrong Product,45327.89,Completed
5778,32346,97503,8034,824,2024-06-24,2,Product Not as Expected,52974.74,Completed
5779,32347,97508,1500,205,2024-09-23,2,Late Delivery,87871.56,Completed
5780,32366,97559,4626,781,2024-10-30,2,Late Delivery,61375.94,Completed
5781,32377,97589,7454,384,2024-10-08,2,Changed Mind,127205.7,Completed
5782,32394,97646,9577,962,2025-12-01,1,Changed Mind,27001.15,Completed
5783,32396,97653,6296,716,2023-01-16,1,Quality Issue,37907.5,Completed
5784,32397,97657,8856,956,2023-05-23,1,Product Not as Expected,39326.14,Completed
5785,32407,97683,3144,453,2024-06-29,1,Wrong Product,16365.34,Completed
5786,32425,97729,19,956,2024-11-29,1,Changed Mind,39326.14,Completed
5787,32427,97734,6349,479,2023-02-17,1,Changed Mind,1432.07,Completed
5788,32433,97752,4458,554,2024-08-09,1,Product Not as Expected,25698.87,Completed
5789,32435,97759,6260,151,2023-08-31,2,Changed Mind,28139.44,Completed
5790,32439,97769,8803,281,2023-11-16,1,Changed Mind,4708.56,Completed
5791,32455,97822,3472,468,2024-03-14,1,Damaged Product,31010.39,Completed
5792,32460,97837,2433,60,2025-08-30,2,Changed Mind,142126.28,Completed
5793,32461,97839,565,308,2024-01-23,1,Size/Fit Issue,11798.26,Completed
5794,32462,97840,8552,409,2024-01-21,1,Product Not as Expected,61954.7,Completed
5795,32483,97901,5579,298,2025-03-22,3,Late Delivery,192477.54,Completed
5796,32507,97977,7406,390,2024-04-06,1,Size/Fit Issue,58992.99,Completed
5797,32515,98004,5223,739,2024-04-25,3,Damaged Product,148850.07,Completed
5798,32518,98013,942,225,2024-08-21,1,Quality Issue,42762.46,Completed
5799,32522,98022,8000,804,2025-06-12,3,Product Not as Expected,196707.09,Completed
5800,32537,98062,7761,535,2024-08-11,1,Product Not as Expected,41797.84,Completed
5801,32543,98081,3127,687,2025-07-02,1,Changed Mind,5733.29,Completed
5802,32555,98112,9459,591,2025-02-09,1,Product Not as Expected,23915.96,Completed
5803,32563,98136,1603,888,2023-09-15,1,Wrong Product,28122.2,Completed
5804,32572,98154,3542,473,2024-10-26,2,Changed Mind,43069.72,Completed
5805,32572,98155,3542,518,2024-10-26,1,Quality Issue,6573.06,Completed
5806,32578,98173,6508,225,2024-06-21,2,Changed Mind,85524.92,Completed
5807,32582,98189,7055,476,2025-07-19,1,Size/Fit Issue,27559.44,Completed
5808,32582,98190,7055,383,2025-07-19,1,Late Delivery,37571.74,Completed
5809,32584,98196,2959,833,2024-12-11,1,Changed Mind,49984.05,Completed
5810,32589,98219,5260,520,2025-01-29,2,Late Delivery,98447.72,Completed
5811,32592,98231,1804,377,2023-05-23,3,Changed Mind,115962.87,Completed
5812,32594,98237,3630,192,2024-02-06,1,Late Delivery,52336.65,Completed
5813,32597,98249,4339,135,2024-09-10,1,Product Not as Expected,54446.43,Completed
5814,32602,98264,1795,445,2024-10-26,1,Product Not as Expected,56192.08,Completed
5815,32619,98301,2950,342,2025-09-03,3,Damaged Product,45015.54,Completed
5816,32620,98304,9182,548,2024-03-11,1,Damaged Product,49762.6,Completed
5817,32626,98319,4430,398,2025-01-01,2,Quality Issue,137762.12,Completed
5818,32626,98321,4430,779,2025-01-01,1,Size/Fit Issue,52000.66,Completed
5819,32630,98330,8861,833,2023-04-05,2,Damaged Product,99968.1,Completed
5820,32632,98333,4864,67,2025-07-28,1,Wrong Product,27469.03,Completed
5821,32639,98356,205,558,2023-03-16,2,Size/Fit Issue,151778.82,Completed
5822,32641,98364,4483,607,2025-06-21,1,Quality Issue,4401.63,Completed
5823,32654,98396,5144,908,2024-06-15,1,Changed Mind,18026.39,Completed
5824,32659,98414,2940,479,2024-07-30,3,Damaged Product,4296.21,Completed
5825,32664,98434,3440,293,2023-07-07,2,Quality Issue,28027.22,Completed
5826,32668,98441,5986,846,2023-04-16,1,Wrong Product,21886.79,Completed
5827,32695,98527,5986,203,2023-04-01,2,Wrong Product,41250.06,Completed
5828,32700,98540,826,49,2024-06-17,1,Quality Issue,52319.21,Completed
5829,32708,98566,5791,35,2025-07-10,2,Changed Mind,55909.26,Completed
5830,32710,98569,3682,442,2025-04-04,3,Late Delivery,190393.2,Completed
5831,32712,98577,9385,677,2023-02-05,1,Wrong Product,37302.54,Completed
5832,32713,98581,9963,427,2024-05-24,1,Damaged Product,43138.66,Completed
5833,32714,98583,7277,846,2023-11-04,2,Wrong Product,43773.58,Completed
5834,32720,98600,9758,339,2024-09-05,2,Late Delivery,121902.32,Completed
5835,32723,98616,141,523,2023-02-23,1,Wrong Product,19573.08,Completed
5836,32724,98617,2380,986,2023-01-21,2,Late Delivery,25463.16,Completed
5837,32734,98650,3150,255,2025-03-31,1,Quality Issue,58340.7,Completed
5838,32736,98656,4585,355,2024-01-21,1,Size/Fit Issue,6615.0,Completed
5839,32742,98679,2564,159,2024-03-06,3,Changed Mind,142035.84,Completed
5840,32748,98690,4297,952,2025-01-01,1,Wrong Product,69658.09,Completed
5841,32750,98698,7273,657,2024-08-14,1,Quality Issue,35285.91,Completed
5842,32754,98708,4974,500,2025-12-10,1,Quality Issue,21346.73,Completed
5843,32760,98722,9494,870,2025-11-30,1,Damaged Product,11548.78,Completed
5844,32773,98762,4581,716,2023-06-11,1,Damaged Product,37907.5,Completed
5845,32779,98780,5774,739,2023-04-26,2,Changed Mind,99233.38,Completed
5846,32789,98798,8056,297,2023-12-05,1,Product Not as Expected,9484.23,Completed
5847,32790,98800,1032,895,2023-10-03,1,Wrong Product,50367.0,Completed
5848,32792,98807,1438,109,2024-02-10,1,Wrong Product,18503.86,Completed
5849,32797,98823,1985,266,2025-03-25,2,Product Not as Expected,19780.48,Completed
5850,32803,98840,367,197,2024-04-01,1,Changed Mind,18177.19,Completed
5851,32803,98841,367,433,2024-04-01,1,Damaged Product,47430.05,Completed
5852,32806,98849,321,160,2023-09-17,1,Late Delivery,59526.76,Completed
5853,32816,98878,3523,410,2024-10-22,2,Changed Mind,37050.04,Completed
5854,32818,98882,2966,904,2023-10-14,1,Size/Fit Issue,59389.18,Completed
5855,32825,98906,9382,223,2024-07-22,1,Product Not as Expected,8494.22,Completed
5856,32829,98920,1187,888,2023-10-19,1,Wrong Product,28122.2,Completed
5857,32829,98922,1187,518,2023-10-19,1,Late Delivery,6573.06,Completed
5858,32833,98929,8430,928,2024-05-11,1,Changed Mind,87525.69,Completed
5859,32836,98938,976,549,2024-07-06,1,Size/Fit Issue,51380.02,Completed
5860,32844,98961,8372,31,2023-03-09,1,Size/Fit Issue,5278.2,Completed
5861,32857,99003,7002,92,2023-07-01,1,Wrong Product,20472.41,Completed
5862,32857,99004,7002,639,2023-07-01,1,Changed Mind,22613.36,Completed
5863,32857,99005,7002,808,2023-07-01,1,Late Delivery,14621.63,Completed
5864,32874,99050,857,328,2024-10-07,3,Damaged Product,213381.78,Completed
5865,32888,99091,2584,990,2024-03-17,1,Quality Issue,16191.64,Completed
5866,32901,99135,6349,1000,2024-09-03,1,Quality Issue,35293.76,Completed
5867,32903,99145,1260,771,2025-08-01,1,Product Not as Expected,61602.81,Completed
5868,32915,99177,5212,712,2023-10-28,1,Damaged Product,7038.7,Completed
5869,32917,99184,6367,532,2024-11-22,1,Late Delivery,60027.29,Completed
5870,32926,99208,6847,353,2023-04-09,1,Wrong Product,44608.27,Completed
5871,32933,99230,6598,452,2023-03-23,1,Quality Issue,28114.61,Completed
5872,32935,99235,9217,713,2024-02-27,1,Damaged Product,39163.32,Completed
5873,32937,99244,3671,678,2024-01-02,1,Late Delivery,49387.32,Completed
5874,32952,99294,4769,197,2023-02-01,1,Damaged Product,18177.19,Completed
5875,32954,99297,5446,403,2023-05-12,1,Size/Fit Issue,13616.52,Completed
5876,32981,99378,9088,883,2023-10-22,1,Late Delivery,70912.74,Completed
5877,32984,99395,2835,720,2024-10-03,1,Quality Issue,54891.8,Completed
5878,32990,99409,5875,966,2024-05-11,1,Damaged Product,45203.42,Completed
5879,32993,99417,3859,956,2024-01-11,1,Size/Fit Issue,39326.14,Completed
5880,33009,99459,3200,410,2025-06-03,1,Size/Fit Issue,18525.02,Completed
5881,33013,99471,3081,66,2025-09-25,1,Quality Issue,17293.32,Completed
5882,33020,99491,1425,372,2025-02-06,2,Late Delivery,134326.66,Completed
5883,33025,99505,6000,918,2023-03-11,1,Quality Issue,12904.52,Completed
5884,33035,99542,451,479,2024-05-11,1,Quality Issue,1432.07,Completed
5885,33048,99570,358,124,2023-01-01,1,Product Not as Expected,32253.1,Completed
5886,33060,99602,3005,489,2024-07-28,3,Changed Mind,108460.32,Completed
5887,33062,99609,8369,567,2024-11-21,1,Late Delivery,31754.53,Completed
5888,33068,99625,4461,422,2025-08-17,1,Wrong Product,36577.78,Completed
5889,33081,99671,1346,535,2025-12-10,1,Quality Issue,41797.84,Completed
5890,33090,99693,5390,649,2025-04-03,1,Product Not as Expected,52465.73,Completed
5891,33097,99716,1030,700,2025-06-20,2,Product Not as Expected,48600.54,Completed
5892,33101,99732,3023,328,2023-02-23,1,Size/Fit Issue,71127.26,Completed
5893,33106,99747,4767,129,2023-05-18,2,Quality Issue,110407.6,Completed
5894,33114,99771,107,794,2023-04-09,1,Quality Issue,1021.46,Completed
5895,33122,99789,8625,523,2025-06-12,1,Quality Issue,19573.08,Completed
5896,33129,99810,9064,984,2025-03-09,4,Changed Mind,150252.96,Completed
5897,33134,99825,2859,169,2025-08-31,1,Product Not as Expected,48368.89,Completed
5898,33137,99832,385,657,2024-08-17,1,Late Delivery,35285.91,Completed
5899,33142,99845,792,353,2025-08-19,1,Changed Mind,44608.27,Completed
5900,33145,99855,718,350,2023-07-03,1,Product Not as Expected,35700.73,Completed
5901,33146,99860,9227,5,2025-10-05,1,Quality Issue,25962.08,Completed
5902,33150,99874,7801,333,2024-03-22,1,Size/Fit Issue,33502.32,Completed
5903,33153,99880,3054,441,2024-01-05,1,Quality Issue,7558.87,Completed
5904,33162,99903,6949,776,2023-05-05,1,Wrong Product,26241.11,Completed
5905,33167,99921,4025,329,2024-07-21,2,Late Delivery,107037.32,Completed
5906,33170,99931,1346,661,2025-01-18,1,Product Not as Expected,6801.17,Completed
5907,33174,99946,3122,235,2023-11-02,2,Product Not as Expected,37412.46,Completed
5908,33175,99950,2951,834,2025-08-17,1,Size/Fit Issue,10608.23,Completed
5909,33175,99951,2951,456,2025-08-17,1,Late Delivery,39470.43,Completed
5910,33177,99956,6607,823,2023-12-05,2,Wrong Product,30138.18,Completed
5911,33193,100001,6398,681,2025-05-08,1,Damaged Product,68806.9,Completed
5912,33195,100005,7697,53,2025-05-29,1,Quality Issue,69627.87,Completed
5913,33198,100015,9099,990,2025-05-24,2,Wrong Product,32383.28,Completed
5914,33199,100016,9999,552,2025-10-18,1,Wrong Product,36436.81,Completed
5915,33199,100017,9999,943,2025-10-18,2,Wrong Product,163035.78,Completed
5916,33202,100024,7455,112,2025-07-28,2,Product Not as Expected,65218.1,Completed
5917,33204,100036,2549,543,2023-07-16,3,Damaged Product,133779.0,Completed
5918,33207,100049,1286,708,2023-03-05,3,Product Not as Expected,81813.45,Completed
5919,33210,100058,4996,907,2024-10-12,2,Size/Fit Issue,45497.32,Completed
5920,33212,100061,8365,64,2025-11-19,1,Quality Issue,12866.2,Completed
5921,33217,100075,8184,841,2025-03-07,1,Wrong Product,64497.16,Completed
5922,33223,100099,8251,950,2025-09-26,1,Product Not as Expected,4878.32,Completed
5923,33224,100102,9778,571,2024-03-26,1,Wrong Product,7669.53,Completed
5924,33242,100158,4423,106,2025-11-10,4,Wrong Product,186510.32,Completed
5925,33243,100164,9715,888,2023-07-05,1,Late Delivery,28122.2,Completed
5926,33246,100173,3483,341,2023-03-05,1,Damaged Product,11306.84,Completed
5927,33251,100191,6736,901,2023-04-13,2,Late Delivery,98129.56,Completed
5928,33257,100212,7322,449,2024-03-31,1,Product Not as Expected,51653.16,Completed
5929,33260,100222,1627,278,2023-08-21,2,Late Delivery,64206.16,Completed
5930,33260,100223,1627,240,2023-08-21,2,Changed Mind,28998.1,Completed
5931,33263,100229,6028,723,2025-11-10,3,Wrong Product,53244.6,Completed
5932,33265,100239,4013,312,2024-09-02,1,Late Delivery,17328.1,Completed
5933,33267,100246,2162,794,2025-12-24,1,Late Delivery,1021.46,Completed
5934,33283,100286,4708,591,2023-06-13,1,Changed Mind,23915.96,Completed
5935,33295,100327,8960,933,2025-11-18,2,Late Delivery,67716.84,Completed
5936,33318,100390,9823,569,2023-09-29,1,Changed Mind,30100.79,Completed
5937,33326,100414,2461,273,2023-03-09,1,Size/Fit Issue,58733.95,Completed
5938,33328,100416,8191,834,2025-04-26,2,Changed Mind,21216.46,Completed
5939,33334,100440,8479,660,2025-06-10,2,Size/Fit Issue,49397.94,Completed
5940,33335,100444,4291,593,2024-12-03,1,Wrong Product,78324.42,Completed
5941,33358,100503,4942,438,2024-10-14,1,Changed Mind,62279.76,Completed
5942,33361,100516,5801,665,2025-04-02,4,Damaged Product,42365.96,Completed
5943,33362,100518,2154,97,2024-08-25,1,Changed Mind,6899.98,Completed
5944,33364,100525,1908,495,2025-09-28,2,Quality Issue,73415.64,Completed
5945,33379,100560,6877,648,2025-07-20,1,Quality Issue,7799.17,Completed
5946,33382,100566,5983,314,2024-06-19,2,Damaged Product,37327.68,Completed
5947,33390,100584,5918,357,2024-12-23,1,Damaged Product,38950.15,Completed
5948,33403,100626,5403,555,2025-03-31,3,Product Not as Expected,118769.07,Completed
5949,33406,100636,5420,31,2024-02-24,1,Product Not as Expected,5278.2,Completed
5950,33414,100662,4318,634,2024-10-13,1,Product Not as Expected,39143.06,Completed
5951,33415,100664,647,273,2023-12-19,1,Late Delivery,58733.95,Completed
5952,33422,100684,4850,716,2024-05-27,3,Size/Fit Issue,113722.5,Completed
5953,33423,100690,1260,419,2023-12-31,1,Size/Fit Issue,55047.34,Completed
5954,33430,100716,9090,423,2025-03-01,1,Product Not as Expected,40200.35,Completed
5955,33431,100718,1056,704,2024-07-16,1,Late Delivery,1687.52,Completed
5956,33435,100735,4948,31,2025-03-02,1,Damaged Product,5278.2,Completed
5957,33437,100740,3242,930,2024-06-02,1,Changed Mind,39320.83,Completed
5958,33438,100746,5008,723,2023-05-19,1,Quality Issue,17748.2,Completed
5959,33439,100748,4208,520,2023-02-03,1,Late Delivery,49223.86,Completed
5960,33440,100752,3775,386,2024-10-18,1,Damaged Product,42200.89,Completed
5961,33447,100767,3343,273,2023-05-24,1,Wrong Product,58733.95,Completed
5962,33455,100791,2906,888,2023-08-21,3,Quality Issue,84366.6,Completed
5963,33462,100814,4728,934,2025-05-11,1,Changed Mind,13975.94,Completed
5964,33463,100819,4516,684,2024-06-10,1,Quality Issue,24811.38,Completed
5965,33469,100831,8251,929,2024-04-09,1,Quality Issue,38049.95,Completed
5966,33470,100835,3531,239,2025-02-21,3,Quality Issue,7685.52,Completed
5967,33475,100853,4520,444,2025-07-18,1,Product Not as Expected,12023.01,Completed
5968,33477,100859,1123,214,2024-07-20,5,Size/Fit Issue,85872.8,Completed
5969,33495,100926,541,603,2024-09-15,1,Changed Mind,3198.92,Completed
5970,33497,100929,5239,717,2024-07-12,1,Size/Fit Issue,79658.52,Completed
5971,33498,100935,760,870,2023-10-06,1,Product Not as Expected,11548.78,Completed
5972,33500,100943,3626,734,2025-09-01,2,Quality Issue,8034.62,Completed
5973,33502,100949,2230,166,2024-02-17,3,Size/Fit Issue,101395.65,Completed
5974,33505,100957,3583,194,2024-07-31,1,Wrong Product,15421.35,Completed
5975,33514,100990,753,994,2025-11-30,1,Late Delivery,55468.6,Completed
5976,33526,101024,6053,439,2023-06-30,2,Size/Fit Issue,90655.78,Completed
5977,33529,101035,2478,9,2024-10-12,2,Quality Issue,123608.36,Completed
5978,33530,101040,6421,991,2025-08-02,1,Product Not as Expected,16315.12,Completed
5979,33537,101060,8614,914,2025-05-14,2,Changed Mind,44310.5,Completed
5980,33538,101062,8998,479,2024-03-28,1,Quality Issue,1432.07,Completed
5981,33538,101064,8998,284,2024-03-28,1,Late Delivery,18056.17,Completed
5982,33554,101122,4639,835,2023-04-04,1,Changed Mind,33595.66,Completed
5983,33554,101123,4639,589,2023-04-04,1,Quality Issue,60461.14,Completed
5984,33555,101125,9540,846,2024-08-31,1,Size/Fit Issue,21886.79,Completed
5985,33567,101166,4973,84,2025-06-21,1,Size/Fit Issue,12692.83,Completed
5986,33577,101190,7317,626,2023-03-11,1,Wrong Product,59305.86,Completed
5987,33592,101226,4297,577,2024-05-07,2,Late Delivery,57280.32,Completed
5988,33597,101244,8508,377,2025-05-22,1,Late Delivery,38654.29,Completed
5989,33610,101282,1839,698,2023-10-13,1,Changed Mind,36376.6,Completed
5990,33617,101306,1542,723,2024-10-21,5,Quality Issue,88741.0,Completed
5991,33625,101331,1622,102,2025-06-05,1,Late Delivery,41669.88,Completed
5992,33627,101339,1961,552,2023-06-20,1,Size/Fit Issue,36436.81,Completed
5993,33629,101346,6813,274,2025-01-09,2,Product Not as Expected,90987.06,Completed
5994,33648,101397,999,938,2023-10-11,4,Size/Fit Issue,165891.08,Completed
5995,33650,101406,604,626,2024-04-06,1,Size/Fit Issue,59305.86,Completed
5996,33653,101417,935,847,2024-07-09,3,Size/Fit Issue,258807.48,Completed
5997,33656,101428,2250,660,2025-09-10,1,Product Not as Expected,24698.97,Completed
5998,33658,101438,9928,124,2025-03-02,2,Size/Fit Issue,64506.2,Completed
5999,33668,101468,4943,532,2024-01-14,2,Damaged Product,120054.58,Completed
6000,33676,101491,2227,933,2024-05-12,1,Damaged Product,33858.42,Completed
6001,33680,101499,8365,948,2023-03-14,1,Damaged Product,22542.75,Completed
6002,33694,101535,9717,849,2024-08-28,1,Damaged Product,69886.49,Completed
6003,33695,101540,1068,278,2025-12-13,2,Late Delivery,64206.16,Completed
6004,33699,101554,8389,417,2024-04-13,3,Late Delivery,192887.19,Completed
6005,33716,101599,5781,498,2025-09-20,1,Changed Mind,59585.39,Completed
6006,33722,101617,4533,626,2025-08-20,1,Late Delivery,59305.86,Completed
6007,33722,101618,4533,226,2025-08-20,3,Product Not as Expected,9099.42,Completed
6008,33727,101634,9156,650,2024-08-25,1,Wrong Product,42833.78,Completed
6009,33729,101643,5847,489,2024-01-14,2,Late Delivery,72306.88,Completed
6010,33730,101647,3681,897,2025-12-07,1,Damaged Product,53721.31,Completed
6011,33741,101674,9988,310,2024-03-15,1,Changed Mind,56308.84,Completed
6012,33741,101676,9988,804,2024-03-15,2,Size/Fit Issue,131138.06,Completed
6013,33742,101678,7130,293,2025-07-28,2,Wrong Product,28027.22,Completed
6014,33748,101704,6913,818,2025-11-09,2,Changed Mind,5034.4,Completed
6015,33756,101727,6661,888,2025-10-11,1,Wrong Product,28122.2,Completed
6016,33762,101741,2525,714,2024-05-05,1,Damaged Product,48096.56,Completed
6017,33766,101752,3715,403,2025-09-13,1,Changed Mind,13616.52,Completed
6018,33769,101756,9444,324,2024-05-17,1,Changed Mind,65084.11,Completed
6019,33773,101767,3935,604,2025-01-26,1,Size/Fit Issue,36921.48,Completed
6020,33773,101768,3935,368,2025-01-26,1,Quality Issue,54568.01,Completed
6021,33776,101776,158,248,2025-04-15,1,Wrong Product,1372.21,Completed
6022,33776,101778,158,385,2025-04-15,2,Wrong Product,102391.02,Completed
6023,33778,101787,2669,869,2023-12-23,1,Quality Issue,27599.74,Completed
6024,33779,101789,9123,904,2024-09-14,1,Product Not as Expected,59389.18,Completed
6025,33787,101810,9615,385,2023-02-24,2,Changed Mind,102391.02,Completed
6026,33804,101848,7347,229,2024-11-13,1,Late Delivery,63465.56,Completed
6027,33805,101852,2588,517,2023-12-30,2,Wrong Product,55675.16,Completed
6028,33807,101864,5640,754,2025-05-03,3,Quality Issue,30476.37,Completed
6029,33811,101873,9792,698,2025-07-14,1,Product Not as Expected,36376.6,Completed
6030,33817,101888,2622,523,2023-02-07,1,Wrong Product,19573.08,Completed
6031,33821,101900,4474,651,2024-09-25,1,Damaged Product,58787.12,Completed
6032,33822,101906,6716,734,2023-06-24,1,Wrong Product,4017.31,Completed
6033,33831,101937,5401,427,2025-04-23,1,Late Delivery,43138.66,Completed
6034,33843,101979,6207,295,2023-02-18,1,Product Not as Expected,10218.51,Completed
6035,33850,102002,7382,678,2024-04-06,2,Damaged Product,98774.64,Completed
6036,33856,102023,6453,233,2025-12-02,4,Quality Issue,46125.56,Completed
6037,33860,102032,2620,190,2025-12-23,1,Wrong Product,31464.71,Completed
6038,33860,102035,2620,793,2025-12-23,2,Changed Mind,31766.38,Completed
6039,33863,102041,5330,294,2024-02-18,1,Quality Issue,41899.87,Completed
6040,33864,102046,6330,955,2025-03-22,2,Quality Issue,138875.4,Completed
6041,33866,102054,5569,203,2025-06-07,3,Quality Issue,61875.09,Completed
6042,33879,102094,2271,833,2023-08-13,1,Changed Mind,49984.05,Completed
6043,33886,102115,6474,923,2023-03-04,1,Product Not as Expected,3340.47,Completed
6044,33888,102120,2518,623,2023-09-29,1,Size/Fit Issue,71271.12,Completed
6045,33898,102156,1171,652,2024-05-26,1,Damaged Product,44850.32,Completed
6046,33926,102234,2579,442,2023-01-27,1,Wrong Product,63464.4,Completed
6047,33929,102239,9934,22,2024-04-07,3,Product Not as Expected,55131.84,Completed
6048,33930,102241,4816,479,2023-10-08,1,Late Delivery,1432.07,Completed
6049,33930,102243,4816,638,2023-10-08,1,Quality Issue,48836.11,Completed
6050,33944,102290,4511,77,2024-02-23,1,Product Not as Expected,55961.89,Completed
6051,33950,102307,1423,923,2025-08-08,1,Damaged Product,3340.47,Completed
6052,33952,102314,7483,413,2024-09-17,1,Size/Fit Issue,17353.98,Completed
6053,33963,102348,1346,239,2024-04-10,1,Quality Issue,2561.84,Completed
6054,33963,102349,1346,718,2024-04-10,2,Damaged Product,148082.76,Completed
6055,33964,102350,6233,966,2023-03-03,1,Quality Issue,45203.42,Completed
6056,33967,102356,6271,289,2024-11-04,1,Damaged Product,31332.93,Completed
6057,33969,102360,3920,216,2025-11-12,1,Late Delivery,2917.11,Completed
6058,33972,102371,9528,823,2025-05-21,1,Late Delivery,15069.09,Completed
6059,33974,102379,5775,693,2023-11-03,1,Late Delivery,19806.14,Completed
6060,33976,102385,3421,835,2025-07-28,1,Size/Fit Issue,33595.66,Completed
6061,33979,102397,8166,726,2023-05-21,1,Size/Fit Issue,49127.83,Completed
6062,33985,102414,5862,454,2024-11-21,2,Product Not as Expected,25368.9,Completed
6063,33986,102419,8596,621,2024-07-24,3,Size/Fit Issue,29805.33,Completed
6064,33992,102435,344,104,2024-01-03,2,Damaged Product,13273.12,Completed
6065,34015,102502,7412,566,2024-05-09,1,Late Delivery,53985.24,Completed
6066,34019,102514,4529,329,2023-10-31,2,Wrong Product,107037.32,Completed
6067,34020,102517,6992,34,2023-09-20,1,Size/Fit Issue,54888.32,Completed
6068,34022,102525,8584,341,2025-01-15,2,Late Delivery,22613.68,Completed
6069,34028,102542,998,799,2025-01-24,1,Size/Fit Issue,8251.88,Completed
6070,34036,102564,2629,537,2023-02-28,1,Quality Issue,53194.66,Completed
6071,34047,102592,9622,328,2023-03-27,1,Wrong Product,71127.26,Completed
6072,34049,102597,2974,506,2024-01-15,1,Quality Issue,48220.73,Completed
6073,34067,102652,4603,991,2024-10-07,1,Size/Fit Issue,16315.12,Completed
6074,34068,102657,3283,535,2023-04-07,1,Size/Fit Issue,41797.84,Completed
6075,34070,102663,8967,603,2023-04-29,1,Product Not as Expected,3198.92,Completed
6076,34070,102665,8967,528,2023-04-29,2,Wrong Product,97373.26,Completed
6077,34071,102668,7094,384,2024-08-28,1,Quality Issue,63602.85,Completed
6078,34075,102679,927,733,2024-12-22,4,Quality Issue,11191.96,Completed
6079,34079,102690,6279,106,2025-09-19,1,Changed Mind,46627.58,Completed
6080,34083,102698,6628,237,2024-08-31,1,Wrong Product,17431.72,Completed
6081,34084,102703,7774,901,2024-02-04,1,Late Delivery,49064.78,Completed
6082,34090,102720,4940,383,2023-08-06,2,Quality Issue,75143.48,Completed
6083,34094,102730,4371,455,2025-07-21,1,Damaged Product,27450.46,Completed
6084,34094,102731,4371,312,2025-07-21,2,Changed Mind,34656.2,Completed
6085,34101,102751,8035,681,2024-03-30,1,Damaged Product,68806.9,Completed
6086,34103,102757,8255,10,2024-12-26,1,Changed Mind,2841.22,Completed
6087,34104,102763,8505,927,2025-08-11,1,Late Delivery,3086.03,Completed
6088,34106,102768,7001,897,2025-05-01,1,Late Delivery,53721.31,Completed
6089,34112,102786,6535,882,2024-06-09,1,Quality Issue,8514.18,Completed
6090,34113,102788,611,462,2025-05-12,1,Size/Fit Issue,42608.45,Completed
6091,34115,102794,7184,544,2025-10-11,2,Wrong Product,121033.08,Completed
6092,34119,102801,637,167,2024-03-28,3,Wrong Product,131134.89,Completed
6093,34120,102806,3568,248,2023-11-04,1,Quality Issue,1372.21,Completed
6094,34125,102821,6951,966,2023-11-28,2,Changed Mind,90406.84,Completed
6095,34131,102838,5004,933,2023-04-04,1,Damaged Product,33858.42,Completed
6096,34132,102840,8585,629,2023-04-19,1,Product Not as Expected,20816.5,Completed
6097,34142,102867,8116,15,2025-01-17,2,Size/Fit Issue,125510.78,Completed
6098,34150,102888,2307,721,2024-09-07,1,Quality Issue,56611.31,Completed
6099,34157,102912,8691,169,2024-10-22,1,Damaged Product,48368.89,Completed
6100,34171,102954,9064,577,2024-04-04,1,Size/Fit Issue,28640.16,Completed
6101,34172,102955,1153,604,2024-05-18,1,Wrong Product,36921.48,Completed
6102,34189,103001,8751,385,2025-10-24,3,Product Not as Expected,153586.53,Completed
6103,34193,103013,7922,503,2024-11-08,1,Changed Mind,59379.17,Completed
6104,34195,103015,7765,190,2023-03-14,1,Size/Fit Issue,31464.71,Completed
6105,34198,103024,8703,938,2024-03-18,1,Size/Fit Issue,41472.77,Completed
6106,34202,103034,3429,179,2024-05-10,1,Quality Issue,61354.94,Completed
6107,34210,103054,9714,590,2025-10-31,1,Changed Mind,32485.63,Completed
6108,34211,103059,8469,9,2024-09-13,1,Late Delivery,61804.18,Completed
6109,34214,103068,4595,483,2025-09-24,1,Damaged Product,81445.06,Completed
6110,34216,103072,9216,542,2024-06-15,1,Damaged Product,71946.34,Completed
6111,34233,103120,5324,544,2025-07-05,1,Quality Issue,60516.54,Completed
6112,34244,103152,4525,576,2024-05-15,1,Size/Fit Issue,62418.64,Completed
6113,34254,103181,8875,990,2025-05-19,1,Quality Issue,16191.64,Completed
6114,34281,103272,5959,506,2024-05-12,1,Size/Fit Issue,48220.73,Completed
6115,34288,103290,98,324,2024-05-22,1,Quality Issue,65084.11,Completed
6116,34291,103299,7623,462,2023-12-21,1,Late Delivery,42608.45,Completed
6117,34293,103303,2141,931,2025-09-28,2,Size/Fit Issue,119475.22,Completed
6118,34298,103322,3100,723,2024-09-19,1,Wrong Product,17748.2,Completed
6119,34309,103351,7185,383,2025-06-11,1,Wrong Product,37571.74,Completed
6120,34326,103411,4879,537,2023-10-06,1,Quality Issue,53194.66,Completed
6121,34337,103452,9461,116,2024-04-10,1,Changed Mind,84644.25,Completed
6122,34348,103484,4645,966,2023-12-17,2,Size/Fit Issue,90406.84,Completed
6123,34353,103493,8676,842,2025-09-18,1,Quality Issue,9424.2,Completed
6124,34354,103495,7407,105,2025-03-02,1,Changed Mind,13824.31,Completed
6125,34357,103506,1513,418,2024-01-21,3,Late Delivery,18777.45,Completed
6126,34362,103519,6740,518,2024-03-24,1,Wrong Product,6573.06,Completed
6127,34379,103565,7643,128,2023-01-16,1,Size/Fit Issue,25679.16,Completed
6128,34391,103606,7897,265,2023-11-23,2,Damaged Product,95376.7,Completed
6129,34400,103628,2746,225,2023-07-27,4,Product Not as Expected,171049.84,Completed
6130,34402,103636,9260,548,2025-01-27,2,Damaged Product,99525.2,Completed
6131,34416,103680,5703,779,2024-08-13,1,Wrong Product,52000.66,Completed
6132,34416,103681,5703,824,2024-08-13,1,Damaged Product,26487.37,Completed
6133,34417,103684,5277,208,2023-06-22,2,Size/Fit Issue,106783.68,Completed
6134,34428,103714,8176,1000,2023-05-30,2,Quality Issue,70587.52,Completed
6135,34435,103732,7208,725,2023-07-06,1,Late Delivery,65498.22,Completed
6136,34435,103733,7208,191,2023-07-06,1,Size/Fit Issue,45798.67,Completed
6137,34438,103744,4777,923,2023-06-24,1,Changed Mind,3340.47,Completed
6138,34439,103746,1464,338,2023-04-23,2,Wrong Product,32145.62,Completed
6139,34440,103752,6529,221,2023-01-19,1,Product Not as Expected,9501.02,Completed
6140,34449,103788,3686,468,2025-07-16,1,Size/Fit Issue,31010.39,Completed
6141,34449,103789,3686,506,2025-07-16,1,Size/Fit Issue,48220.73,Completed
6142,34456,103805,213,871,2024-05-17,1,Changed Mind,12164.93,Completed
6143,34464,103825,2938,74,2025-01-31,1,Damaged Product,25500.32,Completed
6144,34467,103832,1391,396,2025-03-05,2,Product Not as Expected,99170.08,Completed
6145,34469,103840,7456,115,2023-01-30,1,Damaged Product,15951.35,Completed
6146,34474,103851,8321,716,2023-08-31,1,Quality Issue,37907.5,Completed
6147,34478,103860,6302,950,2023-02-25,1,Changed Mind,4878.32,Completed
6148,34480,103868,5379,954,2025-05-10,1,Quality Issue,36145.73,Completed
6149,34487,103889,5904,9,2023-01-22,3,Wrong Product,185412.54,Completed
6150,34491,103901,5085,575,2024-02-24,2,Late Delivery,94252.7,Completed
6151,34500,103925,3487,503,2024-05-30,1,Quality Issue,59379.17,Completed
6152,34509,103952,7033,91,2023-06-26,1,Size/Fit Issue,35131.7,Completed
6153,34509,103953,7033,528,2023-06-26,3,Wrong Product,146059.89,Completed
6154,34513,103967,3042,54,2024-12-05,1,Damaged Product,83257.08,Completed
6155,34515,103978,2763,799,2024-11-22,3,Size/Fit Issue,24755.64,Completed
6156,34528,104013,1670,808,2025-12-01,3,Changed Mind,43864.89,Completed
6157,34530,104021,6500,259,2023-09-24,1,Quality Issue,3555.42,Completed
6158,34547,104074,6066,188,2023-01-17,1,Wrong Product,51035.63,Completed
6159,34561,104112,6309,953,2025-05-21,1,Quality Issue,12070.59,Completed
6160,34565,104126,4317,248,2023-05-11,2,Changed Mind,2744.42,Completed
6161,34569,104137,8677,390,2025-09-07,1,Late Delivery,58992.99,Completed
6162,34569,104138,8677,523,2025-09-07,1,Late Delivery,19573.08,Completed
6163,34569,104140,8677,274,2025-09-07,1,Damaged Product,45493.53,Completed
6164,34570,104145,852,219,2024-06-12,1,Size/Fit Issue,53676.7,Completed
6165,34571,104148,4488,734,2023-04-05,1,Late Delivery,4017.31,Completed
6166,34577,104166,1549,937,2023-08-10,2,Damaged Product,150574.96,Completed
6167,34580,104174,8067,634,2024-02-20,1,Late Delivery,39143.06,Completed
6168,34587,104194,2886,329,2023-10-16,2,Damaged Product,107037.32,Completed
6169,34588,104196,8334,918,2025-01-13,3,Damaged Product,38713.56,Completed
6170,34596,104223,5928,35,2024-02-26,1,Damaged Product,27954.63,Completed
6171,34598,104228,3352,324,2023-03-30,2,Changed Mind,130168.22,Completed
6172,34600,104237,2259,930,2025-10-12,1,Size/Fit Issue,39320.83,Completed
6173,34604,104243,7476,749,2024-09-29,3,Changed Mind,110219.19,Completed
6174,34606,104253,2592,433,2024-10-22,1,Damaged Product,47430.05,Completed
6175,34607,104256,1620,113,2025-12-31,2,Product Not as Expected,122029.24,Completed
6176,34614,104282,8516,678,2024-01-01,1,Wrong Product,49387.32,Completed
6177,34616,104289,9139,408,2024-11-12,2,Damaged Product,98745.2,Completed
6178,34622,104305,8483,534,2023-09-12,1,Damaged Product,3962.65,Completed
6179,34628,104314,1851,742,2025-10-16,1,Size/Fit Issue,47022.51,Completed
6180,34634,104329,3019,25,2023-02-23,2,Damaged Product,60538.96,Completed
6181,34645,104358,610,665,2023-06-23,1,Size/Fit Issue,10591.49,Completed
6182,34645,104361,610,442,2023-06-23,1,Damaged Product,63464.4,Completed
6183,34647,104366,2710,799,2024-02-20,1,Wrong Product,8251.88,Completed
6184,34651,104378,4017,842,2024-04-05,1,Wrong Product,9424.2,Completed
6185,34651,104379,4017,741,2024-04-05,2,Quality Issue,4545.84,Completed
6186,34657,104392,4609,353,2024-01-09,2,Product Not as Expected,89216.54,Completed
6187,34677,104456,7288,886,2025-09-22,3,Quality Issue,148005.54,Completed
6188,34686,104482,7612,888,2024-11-01,1,Late Delivery,28122.2,Completed
6189,34687,104488,2357,9,2024-08-12,3,Product Not as Expected,185412.54,Completed
6190,34687,104489,2357,193,2024-08-12,1,Changed Mind,87985.05,Completed
6191,34691,104505,6466,518,2025-10-22,1,Quality Issue,6573.06,Completed
6192,34692,104506,2,812,2025-05-21,1,Size/Fit Issue,27440.22,Completed
6193,34692,104509,2,779,2025-05-21,1,Quality Issue,52000.66,Completed
6194,34728,104609,3934,445,2023-02-20,1,Size/Fit Issue,56192.08,Completed
6195,34746,104666,8052,496,2024-09-01,1,Product Not as Expected,3172.96,Completed
6196,34748,104673,4231,630,2025-03-29,1,Late Delivery,40797.26,Completed
6197,34749,104675,8041,665,2023-12-19,1,Quality Issue,10591.49,Completed
6198,34761,104719,7326,730,2023-03-27,1,Late Delivery,6687.12,Completed
6199,34769,104744,3433,968,2024-07-18,1,Product Not as Expected,83807.16,Completed
6200,34772,104752,1147,897,2024-09-28,1,Product Not as Expected,53721.31,Completed
6201,34777,104772,8394,145,2024-03-26,2,Product Not as Expected,2012.58,Completed
6202,34777,104774,8394,539,2024-03-26,1,Size/Fit Issue,59193.59,Completed
6203,34785,104805,5729,168,2023-12-06,2,Late Delivery,56170.42,Completed
6204,34787,104807,1205,652,2025-12-13,1,Late Delivery,44850.32,Completed
6205,34801,104848,2187,728,2024-01-25,1,Damaged Product,72056.51,Completed
6206,34802,104852,9955,303,2023-11-09,1,Changed Mind,30281.73,Completed
6207,34806,104863,2055,122,2024-06-08,1,Wrong Product,61466.27,Completed
6208,34807,104866,5550,933,2023-07-24,1,Product Not as Expected,33858.42,Completed
6209,34816,104898,1857,376,2025-10-25,1,Late Delivery,63521.81,Completed
6210,34824,104922,639,684,2023-12-10,1,Late Delivery,24811.38,Completed
6211,34825,104925,682,422,2025-03-12,1,Damaged Product,36577.78,Completed
6212,34839,104969,1564,777,2025-11-02,2,Changed Mind,71900.14,Completed
6213,34849,104999,4253,528,2023-11-10,2,Damaged Product,97373.26,Completed
6214,34851,105007,4371,687,2023-12-06,1,Wrong Product,5733.29,Completed
6215,34852,105010,1650,780,2023-11-18,1,Damaged Product,39870.93,Completed
6216,34860,105031,7417,706,2025-03-15,1,Product Not as Expected,39123.19,Completed
6217,34862,105043,6639,665,2023-06-05,2,Late Delivery,21182.98,Completed
6218,34863,105046,6557,798,2024-11-02,1,Product Not as Expected,52611.13,Completed
6219,34872,105079,7642,532,2024-09-12,2,Damaged Product,120054.58,Completed
6220,34872,105080,7642,712,2024-09-12,1,Wrong Product,7038.7,Completed
6221,34885,105123,3905,106,2025-07-13,1,Size/Fit Issue,46627.58,Completed
6222,34886,105126,7793,660,2023-05-02,2,Quality Issue,49397.94,Completed
6223,34890,105135,1119,489,2023-08-18,3,Late Delivery,108460.32,Completed
6224,34901,105171,1400,509,2025-05-30,1,Late Delivery,19248.16,Completed
6225,34903,105180,7312,357,2025-08-06,1,Changed Mind,38950.15,Completed
6226,34906,105190,7943,532,2023-09-20,1,Changed Mind,60027.29,Completed
6227,34908,105202,7810,680,2023-03-04,1,Changed Mind,66428.17,Completed
6228,34917,105231,6012,482,2024-01-26,1,Product Not as Expected,55752.77,Completed
6229,34923,105252,1364,435,2023-12-11,1,Size/Fit Issue,46351.04,Completed
6230,34926,105264,2484,638,2025-09-06,1,Damaged Product,48836.11,Completed
6231,34928,105269,1697,418,2024-06-03,1,Damaged Product,6259.15,Completed
6232,34930,105272,7063,61,2023-10-30,1,Late Delivery,55328.05,Completed
6233,34934,105281,6564,439,2023-05-11,1,Size/Fit Issue,45327.89,Completed
6234,34951,105342,7764,262,2023-12-24,1,Quality Issue,24152.91,Completed
6235,34952,105345,2327,76,2025-12-10,1,Late Delivery,24691.22,Completed
6236,34959,105358,4984,982,2024-05-14,1,Size/Fit Issue,39666.28,Completed
6237,34962,105364,3977,88,2025-02-11,1,Changed Mind,47049.95,Completed
6238,34966,105376,8594,451,2023-08-13,1,Damaged Product,17488.8,Completed
6239,34969,105388,7316,403,2024-03-01,2,Product Not as Expected,27233.04,Completed
6240,34969,105389,7316,779,2024-03-01,1,Quality Issue,52000.66,Completed
6241,34970,105397,705,634,2023-07-08,3,Wrong Product,117429.18,Completed
6242,34971,105398,3702,855,2025-11-16,1,Changed Mind,50092.69,Completed
6243,34975,105405,3420,329,2023-12-31,1,Wrong Product,53518.66,Completed
6244,34989,105448,5812,445,2023-10-15,1,Product Not as Expected,56192.08,Completed
6245,34994,105466,7484,887,2025-01-02,2,Product Not as Expected,63802.42,Completed
6246,34995,105467,1017,445,2025-03-12,1,Quality Issue,56192.08,Completed
6247,35001,105481,1009,418,2023-11-26,1,Damaged Product,6259.15,Completed
6248,35005,105496,2874,815,2023-01-30,1,Size/Fit Issue,36440.07,Completed
6249,35016,105524,7304,607,2023-07-18,1,Changed Mind,4401.63,Completed
6250,35016,105525,7304,147,2023-07-18,2,Changed Mind,36372.22,Completed
6251,35027,105549,4636,143,2024-04-12,2,Size/Fit Issue,114130.5,Completed
6252,35031,105564,2348,864,2025-09-03,1,Wrong Product,10440.99,Completed
6253,35034,105570,1271,151,2023-09-26,2,Quality Issue,28139.44,Completed
6254,35035,105572,2219,385,2023-09-19,1,Wrong Product,51195.51,Completed
6255,35039,105589,8494,721,2025-06-24,1,Wrong Product,56611.31,Completed
6256,35042,105594,161,898,2024-08-10,1,Wrong Product,31657.0,Completed
6257,35043,105597,6039,266,2024-09-17,1,Wrong Product,9890.24,Completed
6258,35052,105618,4163,995,2025-06-03,1,Size/Fit Issue,22086.79,Completed
6259,35066,105660,4474,76,2024-10-16,1,Changed Mind,24691.22,Completed
6260,35073,105683,2090,61,2023-08-07,1,Wrong Product,55328.05,Completed
6261,35075,105690,6596,286,2023-04-29,1,Damaged Product,70118.16,Completed
6262,35077,105694,5801,345,2024-03-21,2,Damaged Product,69416.5,Completed
6263,35081,105706,2464,544,2023-02-16,4,Wrong Product,242066.16,Completed
6264,35081,105707,2464,786,2023-02-16,1,Quality Issue,56688.37,Completed
6265,35097,105753,9354,89,2023-11-10,1,Product Not as Expected,61030.45,Completed
6266,35125,105851,1990,617,2025-03-16,1,Damaged Product,37738.08,Completed
6267,35130,105866,9299,792,2023-12-31,1,Changed Mind,41133.39,Completed
6268,35134,105879,6716,14,2023-02-28,1,Size/Fit Issue,25186.17,Completed
6269,35138,105884,6339,78,2025-05-16,1,Changed Mind,40031.47,Completed
6270,35140,105893,7645,63,2023-12-15,1,Changed Mind,19746.23,Completed
6271,35140,105894,7645,712,2023-12-15,3,Quality Issue,21116.1,Completed
6272,35148,105919,5901,678,2024-10-14,1,Changed Mind,49387.32,Completed
6273,35162,105964,4001,303,2023-06-15,1,Changed Mind,30281.73,Completed
6274,35175,105995,9688,47,2025-02-21,2,Size/Fit Issue,66987.26,Completed
6275,35180,106013,6369,937,2023-08-28,2,Size/Fit Issue,150574.96,Completed
6276,35183,106024,3113,753,2023-05-02,1,Size/Fit Issue,33239.44,Completed
6277,35194,106046,7502,541,2025-11-08,1,Size/Fit Issue,38960.03,Completed
6278,35203,106066,5280,974,2025-09-18,1,Damaged Product,22438.44,Completed
6279,35209,106085,9724,988,2025-02-24,1,Product Not as Expected,39079.27,Completed
6280,35225,106133,509,842,2024-12-11,2,Damaged Product,18848.4,Completed
6281,35241,106175,7560,331,2024-05-21,1,Product Not as Expected,20733.41,Completed
6282,35243,106185,1933,512,2024-11-10,1,Wrong Product,8128.02,Completed
6283,35261,106231,2836,214,2025-07-18,1,Quality Issue,17174.56,Completed
6284,35262,106234,5743,157,2024-11-27,1,Product Not as Expected,13213.71,Completed
6285,35274,106270,8045,805,2023-01-09,1,Late Delivery,29663.21,Completed
6286,35287,106306,6551,634,2024-04-28,1,Late Delivery,39143.06,Completed
6287,35290,106312,8038,250,2025-01-24,1,Damaged Product,38589.27,Completed
6288,35292,106319,4912,808,2023-03-13,3,Late Delivery,43864.89,Completed
6289,35304,106354,5263,508,2024-03-07,1,Wrong Product,66003.7,Completed
6290,35304,106357,5263,920,2024-03-07,2,Quality Issue,68442.12,Completed
6291,35306,106360,837,176,2024-06-29,1,Late Delivery,4905.76,Completed
6292,35317,106396,5145,359,2025-09-21,1,Changed Mind,33738.98,Completed
6293,35317,106397,5145,615,2025-09-21,3,Product Not as Expected,89949.21,Completed
6294,35318,106401,538,74,2023-08-14,1,Wrong Product,25500.32,Completed
6295,35328,106429,6731,116,2025-09-08,1,Damaged Product,84644.25,Completed
6296,35334,106447,6265,262,2024-10-05,1,Late Delivery,24152.91,Completed
6297,35336,106456,7270,821,2025-07-15,1,Late Delivery,38888.0,Completed
6298,35340,106462,9588,826,2023-07-24,1,Changed Mind,33595.75,Completed
6299,35349,106494,2754,20,2025-12-13,1,Product Not as Expected,4130.41,Completed
6300,35350,106495,2920,427,2023-03-23,1,Product Not as Expected,43138.66,Completed
6301,35354,106506,5156,528,2024-07-20,1,Damaged Product,48686.63,Completed
6302,35357,106518,1830,621,2023-05-31,1,Damaged Product,9935.11,Completed
6303,35363,106536,5626,672,2025-06-08,1,Late Delivery,6215.74,Completed
6304,35363,106538,5626,47,2025-06-08,1,Wrong Product,33493.63,Completed
6305,35376,106574,8456,635,2024-02-25,1,Product Not as Expected,61072.54,Completed
6306,35376,106576,8456,340,2024-02-25,1,Product Not as Expected,53816.18,Completed
6307,35404,106651,5316,185,2025-05-31,1,Changed Mind,48632.58,Completed
6308,35405,106655,6080,702,2023-01-13,1,Changed Mind,47715.26,Completed
6309,35408,106660,7168,590,2025-05-18,1,Product Not as Expected,32485.63,Completed
6310,35409,106667,8509,343,2025-02-24,1,Damaged Product,2521.22,Completed
6311,35411,106672,8185,878,2025-04-25,1,Product Not as Expected,81467.72,Completed
6312,35430,106727,2527,75,2024-04-30,3,Damaged Product,27948.27,Completed
6313,35449,106775,3251,718,2025-04-07,1,Wrong Product,74041.38,Completed
6314,35453,106791,4091,46,2024-02-06,3,Late Delivery,140549.73,Completed
6315,35460,106804,8510,925,2025-06-07,1,Quality Issue,33314.72,Completed
6316,35472,106840,9258,102,2023-12-26,2,Quality Issue,83339.76,Completed
6317,35475,106850,8737,60,2025-12-20,1,Quality Issue,71063.14,Completed
6318,35477,106861,2728,41,2023-12-23,3,Wrong Product,141526.92,Completed
6319,35482,106876,2585,5,2024-05-25,1,Product Not as Expected,25962.08,Completed
6320,35483,106884,3672,638,2025-12-05,1,Late Delivery,48836.11,Completed
6321,35500,106935,4127,609,2023-09-26,2,Damaged Product,4916.62,Completed
6322,35502,106947,3329,2,2025-04-12,1,Quality Issue,76394.93,Completed
6323,35503,106948,6141,62,2023-09-29,1,Changed Mind,64455.04,Completed
6324,35504,106953,2649,844,2024-08-02,1,Changed Mind,31509.16,Completed
6325,35519,107003,4563,678,2025-09-23,2,Size/Fit Issue,98774.64,Completed
6326,35522,107013,816,580,2023-05-13,1,Product Not as Expected,2770.25,Completed
6327,35526,107024,2656,370,2023-11-13,3,Changed Mind,127957.32,Completed
6328,35527,107028,8703,495,2025-02-18,1,Quality Issue,36707.82,Completed
6329,35533,107048,6217,878,2023-03-25,1,Size/Fit Issue,81467.72,Completed
6330,35554,107102,9445,456,2025-02-20,1,Size/Fit Issue,39470.43,Completed
6331,35555,107105,3361,63,2025-10-02,1,Damaged Product,19746.23,Completed
6332,35561,107123,716,934,2025-07-05,5,Changed Mind,69879.7,Completed
6333,35563,107127,1750,438,2024-10-17,1,Quality Issue,62279.76,Completed
6334,35563,107129,1750,572,2024-10-17,1,Product Not as Expected,16804.56,Completed
6335,35564,107133,5620,120,2024-01-01,1,Product Not as Expected,21190.89,Completed
6336,35566,107141,5092,422,2025-03-23,1,Damaged Product,36577.78,Completed
6337,35571,107151,5062,618,2024-02-17,1,Quality Issue,19081.94,Completed
6338,35576,107172,8157,591,2024-03-17,1,Changed Mind,23915.96,Completed
6339,35581,107188,7681,934,2023-04-03,1,Quality Issue,13975.94,Completed
6340,35590,107218,8482,717,2025-11-10,1,Changed Mind,79658.52,Completed
6341,35596,107238,8208,69,2025-03-28,1,Damaged Product,32929.62,Completed
6342,35596,107239,8208,990,2025-03-28,1,Damaged Product,16191.64,Completed
6343,35606,107275,6665,68,2025-07-14,1,Size/Fit Issue,60685.6,Completed
6344,35610,107292,1803,501,2025-04-05,3,Quality Issue,22528.56,Completed
6345,35612,107295,6026,726,2025-04-08,1,Wrong Product,49127.83,Completed
6346,35614,107298,2738,185,2025-11-10,1,Size/Fit Issue,48632.58,Completed
6347,35614,107300,2738,904,2025-11-10,2,Quality Issue,118778.36,Completed
6348,35620,107317,3150,695,2023-03-04,2,Product Not as Expected,72679.38,Completed
6349,35621,107320,9360,425,2023-07-28,2,Changed Mind,15306.62,Completed
6350,35629,107346,3220,440,2025-07-11,1,Product Not as Expected,53089.24,Completed
6351,35632,107358,8932,14,2024-01-20,1,Size/Fit Issue,25186.17,Completed
6352,35640,107379,293,883,2025-02-12,1,Late Delivery,70912.74,Completed
6353,35643,107390,4588,933,2023-05-08,1,Changed Mind,33858.42,Completed
6354,35644,107391,9340,14,2024-10-18,1,Late Delivery,25186.17,Completed
6355,35646,107399,5813,91,2025-03-18,1,Product Not as Expected,35131.7,Completed
6356,35647,107401,3226,830,2025-10-08,1,Late Delivery,2181.3,Completed
6357,35648,107404,8914,738,2025-10-04,1,Late Delivery,41486.54,Completed
6358,35655,107425,506,884,2024-10-04,2,Changed Mind,27318.82,Completed
6359,35657,107435,427,512,2023-06-19,2,Size/Fit Issue,16256.04,Completed
6360,35658,107436,9305,31,2024-06-30,1,Product Not as Expected,5278.2,Completed
6361,35662,107448,3840,900,2023-09-22,2,Damaged Product,21528.18,Completed
6362,35684,107527,6016,554,2024-12-11,2,Quality Issue,51397.74,Completed
6363,35693,107546,4283,886,2025-04-19,1,Damaged Product,49335.18,Completed
6364,35701,107564,3986,277,2025-08-18,1,Late Delivery,42196.84,Completed
6365,35711,107601,2939,412,2024-08-09,1,Size/Fit Issue,30381.43,Completed
6366,35712,107603,2366,118,2024-05-08,2,Product Not as Expected,80963.62,Completed
6367,35734,107668,5685,937,2025-10-08,1,Product Not as Expected,75287.48,Completed
6368,35739,107681,3696,381,2023-08-24,1,Size/Fit Issue,8616.27,Completed
6369,35744,107702,1789,266,2024-02-27,1,Late Delivery,9890.24,Completed
6370,35746,107711,2303,636,2024-03-21,1,Size/Fit Issue,27784.14,Completed
6371,35758,107751,2104,868,2024-02-23,1,Product Not as Expected,30561.21,Completed
6372,35761,107758,1702,160,2023-10-12,1,Late Delivery,59526.76,Completed
6373,35771,107793,77,615,2023-07-09,1,Size/Fit Issue,29983.07,Completed
6374,35780,107814,9013,255,2024-10-04,2,Product Not as Expected,116681.4,Completed
6375,35798,107870,8135,10,2023-07-07,1,Damaged Product,2841.22,Completed
6376,35800,107876,3395,774,2024-07-11,1,Late Delivery,43979.66,Completed
6377,35808,107902,2536,552,2023-05-18,3,Wrong Product,109310.43,Completed
6378,35813,107912,762,385,2025-06-27,1,Product Not as Expected,51195.51,Completed
6379,35817,107922,3053,928,2025-01-20,1,Wrong Product,87525.69,Completed
6380,35822,107939,9431,762,2025-11-18,2,Product Not as Expected,9705.1,Completed
6381,35824,107943,7433,311,2024-02-03,1,Size/Fit Issue,27646.1,Completed
6382,35828,107953,8574,823,2023-03-16,1,Product Not as Expected,15069.09,Completed
6383,35831,107965,6230,19,2023-04-24,1,Quality Issue,52090.19,Completed
6384,35835,107979,9149,573,2023-01-06,1,Changed Mind,17211.31,Completed
6385,35852,108023,9766,30,2025-09-15,1,Quality Issue,71072.0,Completed
6386,35853,108028,5735,200,2025-02-28,1,Quality Issue,26990.4,Completed
6387,35865,108069,5138,512,2025-04-21,1,Size/Fit Issue,8128.02,Completed
6388,35871,108091,477,427,2024-12-18,1,Late Delivery,43138.66,Completed
6389,35873,108096,1296,878,2023-08-06,2,Product Not as Expected,162935.44,Completed
6390,35874,108098,9032,759,2025-01-17,1,Product Not as Expected,78235.66,Completed
6391,35882,108122,5121,176,2024-12-17,1,Changed Mind,4905.76,Completed
6392,35887,108138,3779,108,2025-02-26,1,Changed Mind,18525.05,Completed
6393,35896,108162,3147,396,2023-04-25,2,Size/Fit Issue,99170.08,Completed
6394,35903,108180,5939,870,2023-07-29,1,Wrong Product,11548.78,Completed
6395,35908,108197,5271,820,2025-07-14,1,Changed Mind,41957.83,Completed
6396,35914,108211,2180,643,2024-02-20,1,Changed Mind,15747.23,Completed
6397,35919,108222,3131,197,2024-12-04,1,Damaged Product,18177.19,Completed
6398,35924,108232,4940,595,2025-10-02,1,Quality Issue,3346.77,Completed
6399,35926,108240,5678,956,2024-09-07,1,Damaged Product,39326.14,Completed
6400,35935,108267,3333,846,2023-04-17,1,Size/Fit Issue,21886.79,Completed
6401,35936,108270,4267,137,2023-07-08,2,Quality Issue,111569.48,Completed
6402,35940,108281,7138,342,2025-03-26,3,Changed Mind,45015.54,Completed
6403,35940,108282,7138,255,2025-03-26,1,Size/Fit Issue,58340.7,Completed
6404,35943,108289,9889,278,2023-09-08,1,Quality Issue,32103.08,Completed
6405,35951,108309,1768,357,2024-05-16,1,Wrong Product,38950.15,Completed
6406,35954,108319,5808,422,2024-01-24,1,Late Delivery,36577.78,Completed
6407,35956,108322,2514,354,2023-05-09,1,Late Delivery,24299.68,Completed
6408,35993,108439,6034,343,2025-03-09,1,Quality Issue,2521.22,Completed
6409,35994,108442,6019,385,2025-08-05,1,Wrong Product,51195.51,Completed
6410,35995,108444,5171,10,2024-12-19,1,Late Delivery,2841.22,Completed
6411,36001,108469,6975,274,2025-09-09,1,Quality Issue,45493.53,Completed
6412,36009,108488,8458,883,2024-12-10,1,Product Not as Expected,70912.74,Completed
6413,36009,108490,8458,216,2024-12-10,1,Damaged Product,2917.11,Completed
6414,36011,108495,7698,740,2023-01-06,1,Wrong Product,38333.46,Completed
6415,36012,108499,8786,744,2024-11-05,1,Damaged Product,10738.22,Completed
6416,36013,108504,8006,773,2025-11-30,2,Wrong Product,21323.66,Completed
6417,36014,108507,3714,792,2024-11-23,1,Wrong Product,41133.39,Completed
6418,36015,108508,6195,110,2024-04-27,3,Late Delivery,184801.05,Completed
6419,36018,108517,3950,159,2023-09-28,2,Product Not as Expected,94690.56,Completed
6420,36019,108520,3460,682,2025-12-24,2,Late Delivery,177923.3,Completed
6421,36033,108555,5119,47,2023-10-08,2,Changed Mind,66987.26,Completed
6422,36053,108615,7357,818,2023-04-20,3,Wrong Product,7551.6,Completed
6423,36058,108631,590,440,2023-11-17,1,Changed Mind,53089.24,Completed
6424,36061,108640,3592,542,2025-12-04,1,Wrong Product,71946.34,Completed
6425,36067,108660,3041,575,2024-06-20,1,Product Not as Expected,47126.35,Completed
6426,36067,108661,3041,237,2024-06-20,2,Changed Mind,34863.44,Completed
6427,36073,108678,3673,651,2025-10-06,3,Late Delivery,176361.36,Completed
6428,36074,108685,5648,695,2025-08-23,1,Changed Mind,36339.69,Completed
6429,36075,108687,3626,604,2023-04-29,2,Size/Fit Issue,73842.96,Completed
6430,36078,108694,4882,35,2024-12-27,1,Size/Fit Issue,27954.63,Completed
6431,36081,108701,7412,160,2025-11-08,2,Late Delivery,119053.52,Completed
6432,36082,108704,7436,537,2024-01-27,1,Size/Fit Issue,53194.66,Completed
6433,36086,108711,5498,202,2025-07-13,2,Product Not as Expected,64711.1,Completed
6434,36090,108726,6553,139,2023-12-08,1,Changed Mind,35341.33,Completed
6435,36102,108764,6816,1000,2025-06-25,2,Late Delivery,70587.52,Completed
6436,36106,108776,5489,93,2023-12-14,5,Product Not as Expected,103774.85,Completed
6437,36109,108782,58,435,2023-10-05,1,Changed Mind,46351.04,Completed
6438,36113,108790,5790,552,2023-06-29,1,Damaged Product,36436.81,Completed
6439,36125,108824,3427,126,2025-05-17,1,Damaged Product,60903.13,Completed
6440,36147,108897,9649,591,2024-02-16,1,Product Not as Expected,23915.96,Completed
6441,36149,108903,3339,212,2024-06-28,1,Changed Mind,14959.55,Completed
6442,36165,108948,8743,788,2025-09-29,2,Quality Issue,66809.06,Completed
6443,36167,108961,5376,65,2025-08-06,1,Late Delivery,31994.43,Completed
6444,36186,109010,8287,768,2025-12-27,1,Quality Issue,22429.73,Completed
6445,36204,109054,5047,823,2023-08-28,2,Size/Fit Issue,30138.18,Completed
6446,36207,109067,9522,594,2025-07-24,1,Damaged Product,26248.52,Completed
6447,36208,109071,5687,47,2024-04-13,4,Size/Fit Issue,133974.52,Completed
6448,36211,109080,2357,732,2023-05-04,1,Late Delivery,61153.47,Completed
6449,36212,109085,4828,528,2025-03-22,2,Late Delivery,97373.26,Completed
6450,36227,109133,7910,377,2025-10-07,1,Changed Mind,38654.29,Completed
6451,36228,109135,1912,193,2025-10-03,1,Changed Mind,87985.05,Completed
6452,36228,109136,1912,231,2025-10-03,1,Product Not as Expected,21715.73,Completed
6453,36235,109156,9238,561,2023-01-05,1,Size/Fit Issue,17547.13,Completed
6454,36242,109180,547,731,2023-05-22,1,Changed Mind,63563.73,Completed
6455,36243,109182,9216,463,2023-03-06,4,Size/Fit Issue,64184.64,Completed
6456,36250,109202,3635,171,2023-12-31,1,Product Not as Expected,30953.01,Completed
6457,36261,109235,4066,52,2024-12-13,1,Quality Issue,25266.25,Completed
6458,36265,109247,3805,605,2025-12-25,3,Changed Mind,84905.25,Completed
6459,36272,109268,4556,706,2025-10-26,1,Damaged Product,39123.19,Completed
6460,36281,109293,1102,746,2023-09-15,2,Late Delivery,86979.42,Completed
6461,36290,109324,3158,804,2023-04-06,1,Product Not as Expected,65569.03,Completed
6462,36292,109335,4234,354,2025-09-02,4,Product Not as Expected,97198.72,Completed
6463,36298,109345,6588,202,2023-04-12,1,Changed Mind,32355.55,Completed
6464,36300,109351,4183,972,2024-05-09,1,Late Delivery,30308.67,Completed
6465,36323,109409,9367,914,2025-09-04,1,Product Not as Expected,22155.25,Completed
6466,36333,109440,9308,252,2023-08-25,1,Quality Issue,14289.54,Completed
6467,36334,109442,871,528,2023-02-25,2,Quality Issue,97373.26,Completed
6468,36341,109455,2612,784,2024-12-20,1,Product Not as Expected,66280.45,Completed
6469,36347,109472,4582,479,2025-01-26,1,Product Not as Expected,1432.07,Completed
6470,36355,109495,8228,862,2023-01-30,1,Wrong Product,57732.85,Completed
6471,36357,109501,791,131,2024-05-11,1,Quality Issue,72766.86,Completed
6472,36360,109509,425,270,2024-11-09,1,Size/Fit Issue,6830.43,Completed
6473,36362,109516,1960,791,2025-05-11,4,Size/Fit Issue,257667.64,Completed
6474,36363,109517,1668,143,2023-07-09,1,Late Delivery,57065.25,Completed
6475,36373,109554,2930,694,2024-11-20,1,Wrong Product,75656.77,Completed
6476,36374,109558,2160,107,2024-03-16,1,Changed Mind,63426.1,Completed
6477,36377,109564,5965,108,2024-03-16,1,Quality Issue,18525.05,Completed
6478,36382,109578,1438,678,2025-03-07,1,Product Not as Expected,49387.32,Completed
6479,36383,109581,4512,176,2023-10-29,1,Changed Mind,4905.76,Completed
6480,36383,109582,4512,31,2023-10-29,1,Size/Fit Issue,5278.2,Completed
6481,36390,109604,6095,139,2025-11-28,3,Quality Issue,106023.99,Completed
6482,36394,109620,7144,412,2024-01-26,1,Changed Mind,30381.43,Completed
6483,36400,109633,3221,5,2025-01-21,1,Size/Fit Issue,25962.08,Completed
6484,36406,109655,1087,367,2025-12-26,1,Changed Mind,58161.69,Completed
6485,36412,109670,465,916,2024-11-26,1,Wrong Product,48367.88,Completed
6486,36412,109671,465,453,2024-11-26,2,Quality Issue,32730.68,Completed
6487,36416,109681,8691,682,2023-09-27,1,Size/Fit Issue,88961.65,Completed
6488,36426,109711,5451,34,2025-08-12,1,Quality Issue,54888.32,Completed
6489,36433,109733,9930,889,2024-01-24,1,Product Not as Expected,15108.26,Completed
6490,36436,109748,9231,10,2025-11-26,1,Product Not as Expected,2841.22,Completed
6491,36437,109752,3264,880,2024-01-31,1,Product Not as Expected,60788.79,Completed
6492,36444,109770,2503,891,2023-03-06,1,Quality Issue,31788.05,Completed
6493,36444,109773,2503,383,2023-03-06,1,Size/Fit Issue,37571.74,Completed
6494,36456,109805,9796,306,2023-08-09,1,Changed Mind,43852.88,Completed
6495,36458,109811,2896,693,2025-08-21,4,Wrong Product,79224.56,Completed
6496,36468,109841,2680,537,2023-04-28,1,Late Delivery,53194.66,Completed
6497,36477,109871,5445,989,2023-10-08,1,Product Not as Expected,20210.29,Completed
6498,36482,109890,5072,531,2024-01-26,1,Late Delivery,10649.77,Completed
6499,36484,109897,8688,463,2025-11-18,2,Late Delivery,32092.32,Completed
6500,36488,109910,154,115,2024-11-16,1,Damaged Product,15951.35,Completed
6501,36492,109923,9555,124,2023-01-15,1,Product Not as Expected,32253.1,Completed
6502,36492,109924,9555,76,2023-01-15,1,Wrong Product,24691.22,Completed
6503,36497,109942,1071,160,2023-10-21,1,Wrong Product,59526.76,Completed
6504,36500,109948,5379,638,2023-09-30,1,Size/Fit Issue,48836.11,Completed
6505,36501,109949,2076,537,2024-05-23,1,Product Not as Expected,53194.66,Completed
6506,36501,109950,2076,798,2024-05-23,1,Product Not as Expected,52611.13,Completed
6507,36504,109959,7659,779,2024-07-08,1,Size/Fit Issue,52000.66,Completed
6508,36505,109960,8917,930,2025-12-01,1,Size/Fit Issue,39320.83,Completed
6509,36508,109970,353,678,2025-07-13,1,Wrong Product,49387.32,Completed
6510,36512,109978,6844,318,2023-02-08,1,Wrong Product,38068.36,Completed
6511,36515,109988,7086,733,2025-08-24,1,Late Delivery,2797.99,Completed
6512,36520,110004,9014,545,2023-11-28,1,Product Not as Expected,6106.17,Completed
6513,36525,110011,6322,739,2024-12-22,1,Size/Fit Issue,49616.69,Completed
6514,36527,110014,9381,248,2023-10-14,3,Damaged Product,4116.63,Completed
6515,36530,110025,6922,32,2023-07-04,2,Product Not as Expected,19135.1,Completed
6516,36532,110032,9814,878,2023-12-20,1,Product Not as Expected,81467.72,Completed
6517,36543,110060,185,357,2024-07-07,1,Changed Mind,38950.15,Completed
6518,36543,110061,185,133,2024-07-07,2,Quality Issue,24936.78,Completed
6519,36547,110072,2167,544,2024-02-21,1,Damaged Product,60516.54,Completed
6520,36553,110091,4491,502,2024-10-31,2,Damaged Product,99862.04,Completed
6521,36554,110094,4310,390,2025-09-20,1,Late Delivery,58992.99,Completed
6522,36562,110116,6070,427,2023-07-08,1,Wrong Product,43138.66,Completed
6523,36568,110129,320,283,2023-06-03,1,Changed Mind,68428.94,Completed
6524,36570,110138,5307,563,2025-02-24,1,Changed Mind,39906.77,Completed
6525,36573,110149,6586,281,2024-10-09,1,Late Delivery,4708.56,Completed
6526,36587,110193,9500,357,2025-02-21,2,Quality Issue,77900.3,Completed
6527,36590,110203,5662,135,2024-04-05,1,Damaged Product,54446.43,Completed
6528,36608,110254,5924,203,2023-08-12,1,Size/Fit Issue,20625.03,Completed
6529,36609,110258,6774,286,2025-11-20,1,Product Not as Expected,70118.16,Completed
6530,36624,110299,5035,535,2023-09-17,3,Quality Issue,125393.52,Completed
6531,36630,110314,3810,985,2024-04-11,1,Changed Mind,59739.18,Completed
6532,36632,110325,7898,49,2024-01-23,1,Size/Fit Issue,52319.21,Completed
6533,36635,110336,139,349,2024-01-16,1,Size/Fit Issue,65581.32,Completed
6534,36645,110366,2070,471,2023-12-31,1,Size/Fit Issue,70785.9,Completed
6535,36652,110384,9791,250,2023-10-09,2,Quality Issue,77178.54,Completed
6536,36653,110390,2662,441,2023-07-24,1,Damaged Product,7558.87,Completed
6537,36666,110421,692,534,2023-07-29,2,Late Delivery,7925.3,Completed
6538,36671,110436,694,991,2025-07-27,1,Product Not as Expected,16315.12,Completed
6539,36673,110439,6618,313,2023-01-28,2,Wrong Product,29592.16,Completed
6540,36678,110451,90,221,2023-01-26,2,Size/Fit Issue,19002.04,Completed
6541,36682,110467,5042,513,2025-08-13,3,Late Delivery,846.33,Completed
6542,36687,110478,1629,534,2023-09-25,1,Wrong Product,3962.65,Completed
6543,36691,110498,3515,274,2023-03-27,1,Quality Issue,45493.53,Completed
6544,36693,110508,5125,850,2023-06-18,1,Late Delivery,59950.4,Completed
6545,36697,110518,9444,422,2023-07-31,1,Quality Issue,36577.78,Completed
6546,36699,110528,4291,665,2025-12-17,1,Size/Fit Issue,10591.49,Completed
6547,36704,110545,8432,381,2025-08-12,1,Late Delivery,8616.27,Completed
6548,36710,110564,9542,232,2025-12-23,1,Quality Issue,5776.45,Completed
6549,36712,110569,8115,895,2023-11-04,2,Product Not as Expected,100734.0,Completed
6550,36713,110572,8309,779,2023-02-02,1,Quality Issue,52000.66,Completed
6551,36735,110635,6490,518,2023-09-21,1,Wrong Product,6573.06,Completed
6552,36745,110665,5646,620,2025-11-30,1,Late Delivery,62278.71,Completed
6553,36752,110694,6686,9,2024-03-07,1,Damaged Product,61804.18,Completed
6554,36760,110717,21,157,2024-09-27,1,Quality Issue,13213.71,Completed
6555,36772,110752,5588,1000,2025-04-07,1,Changed Mind,35293.76,Completed
6556,36775,110763,1176,422,2024-08-30,1,Changed Mind,36577.78,Completed
6557,36779,110770,5747,651,2025-03-24,1,Product Not as Expected,58787.12,Completed
6558,36788,110793,8629,56,2025-05-21,3,Changed Mind,27974.64,Completed
6559,36802,110832,8575,382,2024-10-02,1,Product Not as Expected,63751.27,Completed
6560,36805,110842,960,68,2025-07-28,1,Late Delivery,60685.6,Completed
6561,36807,110846,1173,541,2024-09-16,1,Size/Fit Issue,38960.03,Completed
6562,36813,110863,250,623,2025-10-11,1,Wrong Product,71271.12,Completed
6563,36817,110879,6672,427,2023-08-09,1,Damaged Product,43138.66,Completed
6564,36838,110948,5499,154,2025-12-12,1,Size/Fit Issue,8484.39,Completed
6565,36851,110981,9493,702,2023-11-03,1,Damaged Product,47715.26,Completed
6566,36852,110982,1664,723,2024-07-21,1,Late Delivery,17748.2,Completed
6567,36858,110995,9183,393,2024-02-26,2,Quality Issue,44496.38,Completed
6568,36860,111004,3715,541,2025-10-05,2,Changed Mind,77920.06,Completed
6569,36866,111022,1545,518,2025-03-30,2,Wrong Product,13146.12,Completed
6570,36876,111043,8315,74,2024-10-28,2,Size/Fit Issue,51000.64,Completed
6571,36887,111079,7106,822,2024-08-14,1,Product Not as Expected,12880.11,Completed
6572,36890,111087,136,754,2024-07-23,1,Quality Issue,10158.79,Completed
6573,36891,111094,4506,872,2025-01-12,2,Wrong Product,115321.44,Completed
6574,36899,111114,3967,490,2025-09-28,1,Product Not as Expected,17741.71,Completed
6575,36900,111119,7729,283,2023-04-24,3,Size/Fit Issue,205286.82,Completed
6576,36909,111141,6746,461,2024-11-21,1,Wrong Product,57237.0,Completed
6577,36913,111154,4535,932,2025-04-01,1,Late Delivery,53678.69,Completed
6578,36915,111158,8554,703,2024-11-13,2,Wrong Product,104670.74,Completed
6579,36916,111162,7611,972,2023-12-15,3,Wrong Product,90926.01,Completed
6580,36926,111192,7463,418,2023-02-24,1,Wrong Product,6259.15,Completed
6581,36938,111223,3642,897,2024-07-03,1,Product Not as Expected,53721.31,Completed
6582,36941,111230,5015,877,2024-09-18,1,Late Delivery,30569.83,Completed
6583,36953,111257,8764,10,2023-10-10,1,Late Delivery,2841.22,Completed
6584,36965,111288,7828,92,2023-03-27,1,Late Delivery,20472.41,Completed
6585,36971,111302,9718,494,2023-03-31,1,Product Not as Expected,46086.19,Completed
6586,36984,111332,5165,176,2024-08-11,1,Damaged Product,4905.76,Completed
6587,36986,111337,9410,741,2025-01-17,3,Quality Issue,6818.76,Completed
6588,36987,111344,9555,650,2024-09-08,2,Product Not as Expected,85667.56,Completed
6589,36989,111348,5454,723,2024-06-12,1,Wrong Product,17748.2,Completed
6590,37002,111381,3469,395,2024-03-21,1,Changed Mind,32399.17,Completed
6591,37003,111383,7700,647,2024-02-28,1,Product Not as Expected,9473.74,Completed
6592,37006,111393,8248,951,2025-12-05,2,Changed Mind,143523.66,Completed
6593,37009,111403,7276,957,2025-08-14,1,Quality Issue,58003.08,Completed
6594,37022,111445,1254,62,2025-01-13,3,Wrong Product,193365.12,Completed
6595,37027,111457,6799,723,2023-07-04,1,Late Delivery,17748.2,Completed
6596,37028,111464,1314,49,2024-06-19,1,Damaged Product,52319.21,Completed
6597,37029,111467,8200,68,2025-08-29,3,Changed Mind,182056.8,Completed
6598,37031,111473,6749,503,2023-07-24,1,Wrong Product,59379.17,Completed
6599,37042,111497,9885,966,2023-08-04,1,Late Delivery,45203.42,Completed
6600,37045,111508,5014,937,2025-01-14,1,Wrong Product,75287.48,Completed
6601,37048,111515,2569,634,2025-10-09,1,Product Not as Expected,39143.06,Completed
6602,37048,111516,2569,706,2025-10-09,1,Changed Mind,39123.19,Completed
6603,37055,111535,4656,456,2025-06-04,1,Wrong Product,39470.43,Completed
6604,37061,111559,6020,417,2023-11-19,1,Changed Mind,64295.73,Completed
6605,37065,111571,8835,532,2024-03-11,1,Quality Issue,60027.29,Completed
6606,37072,111590,4056,799,2023-06-03,1,Damaged Product,8251.88,Completed
6607,37072,111591,4056,532,2023-06-03,1,Product Not as Expected,60027.29,Completed
6608,37076,111603,7281,149,2025-12-31,2,Changed Mind,56320.14,Completed
6609,37083,111626,3307,933,2023-03-07,1,Damaged Product,33858.42,Completed
6610,37084,111627,5614,635,2024-10-20,1,Product Not as Expected,61072.54,Completed
6611,37089,111637,8971,460,2024-11-14,1,Late Delivery,19125.51,Completed
6612,37096,111656,164,883,2025-12-11,1,Size/Fit Issue,70912.74,Completed
6613,37097,111662,4550,34,2024-02-28,1,Quality Issue,54888.32,Completed
6614,37099,111669,1780,734,2023-03-16,1,Quality Issue,4017.31,Completed
6615,37100,111671,9940,883,2024-12-22,1,Product Not as Expected,70912.74,Completed
6616,37108,111693,3031,862,2024-03-12,1,Size/Fit Issue,57732.85,Completed
6617,37109,111698,7759,562,2025-04-16,1,Size/Fit Issue,56042.02,Completed
6618,37116,111728,1883,811,2024-03-01,1,Changed Mind,29935.48,Completed
6619,37118,111735,7187,509,2025-12-27,1,Late Delivery,19248.16,Completed
6620,37119,111738,8195,990,2024-07-06,1,Changed Mind,16191.64,Completed
6621,37127,111762,6238,956,2024-12-30,1,Damaged Product,39326.14,Completed
6622,37131,111773,1685,815,2024-05-26,1,Changed Mind,36440.07,Completed
6623,37137,111786,5099,230,2023-08-03,2,Damaged Product,30849.86,Completed
6624,37139,111795,9709,875,2025-06-15,1,Product Not as Expected,42404.31,Completed
6625,37140,111798,6123,641,2025-03-11,1,Product Not as Expected,12415.84,Completed
6626,37142,111810,6247,708,2025-09-19,1,Wrong Product,27271.15,Completed
6627,37145,111820,61,394,2024-03-17,1,Late Delivery,42580.81,Completed
6628,37147,111825,6319,699,2024-06-24,1,Quality Issue,76492.85,Completed
6629,37158,111864,7947,226,2023-09-02,1,Size/Fit Issue,3033.14,Completed
6630,37159,111869,4824,463,2023-07-14,1,Product Not as Expected,16046.16,Completed
6631,37164,111883,6187,353,2023-09-14,4,Changed Mind,178433.08,Completed
6632,37164,111884,6187,323,2023-09-14,1,Late Delivery,10234.87,Completed
6633,37164,111886,6187,238,2023-09-14,1,Late Delivery,54878.07,Completed
6634,37173,111912,2045,135,2024-11-09,1,Quality Issue,54446.43,Completed
6635,37176,111921,4787,573,2024-11-16,1,Changed Mind,17211.31,Completed
6636,37188,111955,239,41,2025-10-27,1,Damaged Product,47175.64,Completed
6637,37196,111983,2478,440,2023-06-29,2,Quality Issue,106178.48,Completed
6638,37198,111993,5745,747,2025-05-06,1,Size/Fit Issue,29958.97,Completed
6639,37199,111997,3482,878,2023-12-01,1,Changed Mind,81467.72,Completed
6640,37204,112011,6645,506,2025-06-20,1,Quality Issue,48220.73,Completed
6641,37205,112014,8307,934,2023-04-05,2,Product Not as Expected,27951.88,Completed
6642,37216,112047,8031,88,2025-10-09,1,Damaged Product,47049.95,Completed
6643,37226,112069,4425,905,2024-03-21,4,Damaged Product,136484.2,Completed
6644,37227,112071,3465,119,2023-09-09,2,Late Delivery,124921.6,Completed
6645,37228,112076,3236,759,2024-09-03,1,Damaged Product,78235.66,Completed
6646,37234,112096,1362,449,2025-12-15,1,Product Not as Expected,51653.16,Completed
6647,37235,112100,7141,361,2025-04-06,2,Late Delivery,79114.7,Completed
6648,37242,112112,1637,403,2025-12-02,1,Changed Mind,13616.52,Completed
6649,37243,112113,2016,18,2025-12-19,1,Wrong Product,13809.81,Completed
6650,37245,112123,1541,63,2023-02-13,1,Quality Issue,19746.23,Completed
6651,37248,112136,6640,604,2024-05-18,1,Damaged Product,36921.48,Completed
6652,37279,112228,1532,815,2023-08-19,2,Product Not as Expected,72880.14,Completed
6653,37301,112293,4107,453,2025-05-14,2,Late Delivery,32730.68,Completed
6654,37307,112311,6941,43,2025-10-18,1,Size/Fit Issue,44927.43,Completed
6655,37307,112312,6941,221,2025-10-18,1,Size/Fit Issue,9501.02,Completed
6656,37308,112318,531,988,2025-05-12,1,Size/Fit Issue,39079.27,Completed
6657,37318,112349,1290,518,2025-08-03,1,Damaged Product,6573.06,Completed
6658,37323,112366,8322,35,2025-05-26,1,Size/Fit Issue,27954.63,Completed
6659,37326,112380,2406,36,2023-08-22,1,Changed Mind,4657.36,Completed
6660,37330,112391,543,404,2023-08-14,1,Size/Fit Issue,5281.85,Completed
6661,37336,112408,4468,445,2025-11-09,1,Wrong Product,56192.08,Completed
6662,37339,112417,2100,990,2024-07-31,1,Quality Issue,16191.64,Completed
6663,37343,112426,5571,224,2025-06-28,2,Quality Issue,58284.2,Completed
6664,37359,112472,5338,425,2024-12-29,1,Wrong Product,7653.31,Completed
6665,37360,112474,356,996,2025-09-20,1,Damaged Product,43007.78,Completed
6666,37370,112493,9564,573,2025-09-29,2,Changed Mind,34422.62,Completed
6667,37380,112520,1145,626,2024-09-14,2,Damaged Product,118611.72,Completed
6668,37380,112522,1145,250,2024-09-14,1,Late Delivery,38589.27,Completed
6669,37384,112536,6623,702,2024-01-04,2,Late Delivery,95430.52,Completed
6670,37388,112554,3107,74,2024-12-26,2,Damaged Product,51000.64,Completed
6671,37389,112558,8805,623,2024-08-09,1,Product Not as Expected,71271.12,Completed
6672,37391,112566,5381,439,2024-07-27,1,Damaged Product,45327.89,Completed
6673,37394,112572,5760,383,2023-02-08,2,Late Delivery,75143.48,Completed
6674,37441,112714,3455,657,2023-02-09,1,Changed Mind,35285.91,Completed
6675,37443,112720,3930,92,2024-08-07,1,Changed Mind,20472.41,Completed
6676,37448,112737,1604,116,2023-10-11,2,Wrong Product,169288.5,Completed
6677,37452,112746,1588,551,2024-10-16,5,Quality Issue,202845.55,Completed
6678,37456,112764,3634,718,2024-06-10,2,Damaged Product,148082.76,Completed
6679,37458,112767,3375,695,2024-11-30,2,Late Delivery,72679.38,Completed
6680,37461,112776,531,636,2023-04-05,2,Product Not as Expected,55568.28,Completed
6681,37461,112778,531,792,2023-04-05,1,Quality Issue,41133.39,Completed
6682,37467,112792,5469,928,2024-04-16,1,Wrong Product,87525.69,Completed
6683,37476,112826,1369,982,2023-06-29,1,Wrong Product,39666.28,Completed
6684,37476,112827,1369,954,2023-06-29,1,Wrong Product,36145.73,Completed
6685,37487,112858,6062,204,2025-10-03,1,Damaged Product,56156.15,Completed
6686,37494,112884,5704,595,2024-11-07,1,Changed Mind,3346.77,Completed
6687,37501,112905,8975,975,2023-12-26,3,Size/Fit Issue,158438.79,Completed
6688,37506,112923,2075,116,2023-12-22,1,Changed Mind,84644.25,Completed
6689,37508,112925,2096,14,2023-02-03,1,Size/Fit Issue,25186.17,Completed
6690,37522,112969,4511,537,2023-11-22,1,Product Not as Expected,53194.66,Completed
6691,37525,112983,4828,256,2025-03-22,1,Wrong Product,8390.62,Completed
6692,37526,112987,2015,455,2023-08-13,1,Damaged Product,27450.46,Completed
6693,37527,112991,5350,950,2024-06-15,2,Product Not as Expected,9756.64,Completed
6694,37528,112993,9670,607,2025-11-28,1,Changed Mind,4401.63,Completed
6695,37530,112998,8430,923,2025-05-08,2,Damaged Product,6680.94,Completed
6696,37531,113002,7250,773,2023-12-17,1,Quality Issue,10661.83,Completed
6697,37548,113052,4503,649,2025-11-05,1,Damaged Product,52465.73,Completed
6698,37554,113070,9890,851,2025-12-15,1,Size/Fit Issue,9840.28,Completed
6699,37567,113117,2627,978,2023-08-11,1,Damaged Product,70358.3,Completed
6700,37569,113120,2041,22,2024-05-10,1,Size/Fit Issue,18377.28,Completed
6701,37582,113160,3177,258,2025-01-23,1,Late Delivery,30912.25,Completed
6702,37589,113189,8571,979,2023-06-29,3,Changed Mind,131667.06,Completed
6703,37594,113205,7898,928,2024-06-30,1,Late Delivery,87525.69,Completed
6704,37596,113208,9201,75,2023-07-23,1,Late Delivery,9316.09,Completed
6705,37597,113214,1991,353,2025-04-15,1,Product Not as Expected,44608.27,Completed
6706,37605,113234,4346,193,2024-12-13,1,Changed Mind,87985.05,Completed
6707,37611,113253,2724,796,2023-05-01,1,Size/Fit Issue,22992.5,Completed
6708,37612,113254,9940,390,2024-08-19,1,Product Not as Expected,58992.99,Completed
6709,37615,113265,4436,535,2023-04-03,1,Size/Fit Issue,41797.84,Completed
6710,37619,113280,2529,498,2023-01-18,1,Quality Issue,59585.39,Completed
6711,37620,113286,9742,517,2023-03-09,1,Changed Mind,27837.58,Completed
6712,37623,113293,9954,721,2023-07-30,1,Product Not as Expected,56611.31,Completed
6713,37624,113295,3298,283,2024-10-01,1,Size/Fit Issue,68428.94,Completed
6714,37625,113296,5223,836,2024-05-02,1,Changed Mind,41004.0,Completed
6715,37625,113299,5223,359,2024-05-02,3,Wrong Product,101216.94,Completed
6716,37626,113301,575,441,2025-08-21,1,Quality Issue,7558.87,Completed
6717,37627,113307,6840,610,2023-09-15,5,Damaged Product,246108.45,Completed
6718,37632,113325,9786,136,2025-05-30,1,Damaged Product,29003.08,Completed
6719,37634,113333,3288,428,2024-10-26,2,Product Not as Expected,56341.04,Completed
6720,37652,113384,8122,381,2025-01-05,1,Damaged Product,8616.27,Completed
6721,37656,113395,7358,667,2025-01-02,1,Damaged Product,78766.25,Completed
6722,37670,113434,6921,74,2024-08-15,2,Damaged Product,51000.64,Completed
6723,37670,113435,6921,122,2024-08-15,1,Changed Mind,61466.27,Completed
6724,37673,113443,2417,657,2023-10-16,1,Product Not as Expected,35285.91,Completed
6725,37675,113451,9492,835,2025-06-08,1,Wrong Product,33595.66,Completed
6726,37678,113458,3513,589,2023-02-02,1,Quality Issue,60461.14,Completed
6727,37679,113466,7337,723,2025-11-01,1,Quality Issue,17748.2,Completed
6728,37684,113484,5958,528,2024-03-15,2,Wrong Product,97373.26,Completed
6729,37685,113486,1604,291,2024-03-03,1,Size/Fit Issue,65760.73,Completed
6730,37690,113501,4077,874,2023-10-12,2,Wrong Product,117215.98,Completed
6731,37706,113543,7990,143,2025-11-04,2,Product Not as Expected,114130.5,Completed
6732,37707,113550,237,925,2023-08-26,3,Product Not as Expected,99944.16,Completed
6733,37713,113567,7974,867,2025-02-14,1,Size/Fit Issue,63972.03,Completed
6734,37714,113569,6979,306,2023-03-01,1,Changed Mind,43852.88,Completed
6735,37717,113575,6573,520,2024-09-22,1,Changed Mind,49223.86,Completed
6736,37726,113596,5422,947,2025-07-21,1,Wrong Product,9686.7,Completed
6737,37734,113623,6112,990,2024-05-14,1,Changed Mind,16191.64,Completed
6738,37746,113659,7791,853,2023-05-09,4,Wrong Product,144596.96,Completed
6739,37750,113675,8497,909,2024-06-07,2,Size/Fit Issue,112840.94,Completed
6740,37752,113682,648,403,2023-10-29,1,Quality Issue,13616.52,Completed
6741,37766,113720,2259,758,2023-04-19,1,Damaged Product,70684.62,Completed
6742,37767,113724,6846,214,2024-08-08,3,Late Delivery,51523.68,Completed
6743,37777,113751,3741,792,2023-05-04,2,Late Delivery,82266.78,Completed
6744,37780,113762,8399,420,2023-08-07,2,Wrong Product,139777.32,Completed
6745,37783,113773,1402,304,2025-09-24,1,Product Not as Expected,55996.86,Completed
6746,37784,113776,773,354,2024-03-04,1,Product Not as Expected,24299.68,Completed
6747,37785,113782,2099,999,2023-10-31,1,Changed Mind,53552.97,Completed
6748,37786,113787,7423,587,2023-08-15,2,Product Not as Expected,77371.46,Completed
6749,37787,113788,6940,534,2024-01-01,2,Wrong Product,7925.3,Completed
6750,37795,113813,3171,950,2023-04-26,2,Quality Issue,9756.64,Completed
6751,37798,113819,965,773,2024-05-23,1,Quality Issue,10661.83,Completed
6752,37805,113842,3993,102,2023-03-26,2,Size/Fit Issue,83339.76,Completed
6753,37808,113850,4801,78,2024-11-27,1,Wrong Product,40031.47,Completed
6754,37809,113855,831,33,2023-01-24,1,Size/Fit Issue,15445.92,Completed
6755,37809,113857,831,27,2023-01-24,1,Damaged Product,29873.78,Completed
6756,37812,113869,6289,381,2024-02-03,1,Late Delivery,8616.27,Completed
6757,37817,113887,2320,833,2025-09-20,1,Quality Issue,49984.05,Completed
6758,37818,113890,9269,541,2023-12-03,1,Changed Mind,38960.03,Completed
6759,37820,113897,1990,822,2023-04-09,1,Product Not as Expected,12880.11,Completed
6760,37822,113905,9787,62,2023-01-20,1,Changed Mind,64455.04,Completed
6761,37825,113912,6218,64,2025-10-07,1,Damaged Product,12866.2,Completed
6762,37825,113913,6218,35,2025-10-07,1,Changed Mind,27954.63,Completed
6763,37826,113917,7374,603,2023-11-27,1,Product Not as Expected,3198.92,Completed
6764,37827,113922,4203,294,2024-06-03,1,Late Delivery,41899.87,Completed
6765,37830,113928,7584,833,2024-03-15,1,Wrong Product,49984.05,Completed
6766,37832,113936,5761,680,2024-05-26,1,Damaged Product,66428.17,Completed
6767,37835,113947,5137,796,2023-01-05,1,Wrong Product,22992.5,Completed
6768,37836,113951,2970,456,2024-05-04,1,Damaged Product,39470.43,Completed
6769,37837,113952,8020,97,2025-01-03,1,Product Not as Expected,6899.98,Completed
6770,37845,113971,3339,68,2024-02-15,1,Damaged Product,60685.6,Completed
6771,37853,113996,5410,855,2024-07-15,1,Damaged Product,50092.69,Completed
6772,37854,113998,2910,925,2024-12-11,2,Quality Issue,66629.44,Completed
6773,37854,113999,2910,947,2024-12-11,1,Product Not as Expected,9686.7,Completed
6774,37863,114029,4404,909,2023-04-28,1,Late Delivery,56420.47,Completed
6775,37868,114050,5465,506,2024-06-13,2,Quality Issue,96441.46,Completed
6776,37869,114052,694,641,2024-07-25,1,Size/Fit Issue,12415.84,Completed
6777,37890,114107,7439,568,2024-08-13,1,Product Not as Expected,56955.44,Completed
6778,37894,114115,8238,705,2023-04-06,1,Quality Issue,48444.42,Completed
6779,37900,114134,3487,191,2023-05-24,1,Wrong Product,45798.67,Completed
6780,37910,114160,1337,901,2025-01-28,1,Product Not as Expected,49064.78,Completed
6781,37912,114167,1175,626,2025-04-03,1,Size/Fit Issue,59305.86,Completed
6782,37915,114175,4853,131,2023-09-14,1,Wrong Product,72766.86,Completed
6783,37916,114178,3852,211,2025-09-01,1,Late Delivery,7779.82,Completed
6784,37919,114194,6558,266,2024-01-12,1,Quality Issue,9890.24,Completed
6785,37923,114210,3194,647,2023-12-24,1,Late Delivery,9473.74,Completed
6786,37927,114222,352,642,2024-08-21,1,Changed Mind,9120.83,Completed
6787,37930,114237,489,453,2024-07-09,1,Wrong Product,16365.34,Completed
6788,37931,114238,7591,650,2023-01-29,1,Damaged Product,42833.78,Completed
6789,37933,114243,7160,824,2023-10-03,1,Wrong Product,26487.37,Completed
6790,37941,114262,3483,784,2023-04-09,1,Changed Mind,66280.45,Completed
6791,37941,114263,3483,994,2023-04-09,1,Size/Fit Issue,55468.6,Completed
6792,37942,114268,8663,806,2024-10-16,2,Wrong Product,113289.84,Completed
6793,37943,114269,8681,818,2025-05-29,1,Size/Fit Issue,2517.2,Completed
6794,37957,114323,3613,202,2023-01-12,1,Size/Fit Issue,32355.55,Completed
6795,37958,114324,4629,994,2025-12-18,1,Changed Mind,55468.6,Completed
6796,37960,114332,6028,357,2024-07-03,3,Wrong Product,116850.45,Completed
6797,37963,114340,1002,764,2023-03-26,1,Quality Issue,48726.1,Completed
6798,37966,114349,3694,367,2025-08-21,1,Damaged Product,58161.69,Completed
6799,37968,114353,4220,509,2025-04-15,1,Damaged Product,19248.16,Completed
6800,37977,114378,3178,354,2023-11-07,1,Changed Mind,24299.68,Completed
6801,37980,114384,8229,155,2023-05-01,1,Wrong Product,75355.28,Completed
6802,37984,114402,3562,545,2023-11-02,2,Late Delivery,12212.34,Completed
6803,37987,114412,2366,216,2024-09-28,2,Wrong Product,5834.22,Completed
6804,38005,114468,5827,641,2023-05-26,1,Size/Fit Issue,12415.84,Completed
6805,38032,114567,6532,427,2024-11-22,1,Product Not as Expected,43138.66,Completed
6806,38034,114575,259,625,2023-06-30,1,Changed Mind,60670.26,Completed
6807,38035,114576,656,518,2024-10-28,1,Product Not as Expected,6573.06,Completed
6808,38046,114608,8048,587,2025-02-16,1,Wrong Product,38685.73,Completed
6809,38052,114631,6015,350,2025-09-03,1,Changed Mind,35700.73,Completed
6810,38071,114685,3612,162,2024-11-09,1,Wrong Product,16480.13,Completed
6811,38075,114696,576,888,2024-05-23,1,Quality Issue,28122.2,Completed
6812,38086,114729,2495,413,2024-12-16,1,Size/Fit Issue,17353.98,Completed
6813,38086,114730,2495,552,2024-12-16,2,Product Not as Expected,72873.62,Completed
6814,38086,114732,2495,489,2024-12-16,2,Product Not as Expected,72306.88,Completed
6815,38089,114741,2892,768,2025-01-17,1,Wrong Product,22429.73,Completed
6816,38090,114743,7958,536,2024-01-13,2,Wrong Product,129259.46,Completed
6817,38094,114755,4606,74,2023-04-20,2,Late Delivery,51000.64,Completed
6818,38100,114770,4783,410,2024-01-26,2,Size/Fit Issue,37050.04,Completed
6819,38106,114794,963,948,2024-05-27,1,Damaged Product,22542.75,Completed
6820,38118,114831,4789,522,2024-06-04,1,Quality Issue,7220.86,Completed
6821,38125,114848,9959,453,2023-05-11,1,Late Delivery,16365.34,Completed
6822,38129,114855,4485,273,2024-06-08,1,Changed Mind,58733.95,Completed
6823,38132,114866,5862,31,2023-02-02,1,Damaged Product,5278.2,Completed
6824,38146,114903,7512,119,2024-02-12,1,Changed Mind,62460.8,Completed
6825,38151,114915,5886,221,2023-03-01,1,Size/Fit Issue,9501.02,Completed
6826,38155,114931,4666,383,2025-10-05,1,Product Not as Expected,37571.74,Completed
6827,38155,114932,4666,739,2025-10-05,2,Size/Fit Issue,99233.38,Completed
6828,38156,114934,9402,820,2023-01-17,2,Size/Fit Issue,83915.66,Completed
6829,38165,114962,7202,502,2023-09-27,1,Quality Issue,49931.02,Completed
6830,38175,114990,1167,122,2025-02-16,1,Damaged Product,61466.27,Completed
6831,38176,114995,7343,70,2025-06-02,2,Late Delivery,69735.86,Completed
6832,38176,114997,7343,890,2025-06-02,1,Quality Issue,38320.04,Completed
6833,38177,114998,7780,63,2025-06-03,1,Changed Mind,19746.23,Completed
6834,38180,115009,340,698,2024-12-31,1,Size/Fit Issue,36376.6,Completed
6835,38185,115028,5472,928,2023-03-21,1,Wrong Product,87525.69,Completed
6836,38187,115036,8569,301,2025-10-15,1,Quality Issue,2101.97,Completed
6837,38202,115085,4423,703,2025-09-08,2,Quality Issue,104670.74,Completed
6838,38222,115148,3011,728,2025-10-13,1,Size/Fit Issue,72056.51,Completed
6839,38228,115162,1718,560,2025-01-03,3,Size/Fit Issue,252885.69,Completed
6840,38239,115196,5712,728,2023-03-08,1,Quality Issue,72056.51,Completed
6841,38243,115211,9529,40,2023-03-13,1,Damaged Product,25898.95,Completed
6842,38249,115222,6415,179,2024-03-27,1,Quality Issue,61354.94,Completed
6843,38256,115247,8634,596,2023-07-08,1,Quality Issue,18491.15,Completed
6844,38258,115256,7475,886,2025-12-12,1,Wrong Product,49335.18,Completed
6845,38270,115294,3238,892,2024-05-04,1,Quality Issue,26907.95,Completed
6846,38272,115298,3119,116,2024-03-09,1,Late Delivery,84644.25,Completed
6847,38272,115300,3119,341,2024-03-09,3,Product Not as Expected,33920.52,Completed
6848,38274,115311,9722,166,2025-07-30,1,Product Not as Expected,33798.55,Completed
6849,38276,115317,4714,351,2025-06-19,1,Wrong Product,42200.96,Completed
6850,38293,115370,4105,9,2024-04-15,2,Late Delivery,123608.36,Completed
6851,38293,115371,4105,519,2024-04-15,1,Changed Mind,15440.83,Completed
6852,38295,115376,8793,340,2023-09-28,1,Wrong Product,53816.18,Completed
6853,38302,115395,2989,535,2023-10-13,1,Quality Issue,41797.84,Completed
6854,38304,115402,4810,801,2023-03-24,1,Late Delivery,72373.34,Completed
6855,38322,115447,6087,98,2024-10-12,1,Wrong Product,53476.38,Completed
6856,38326,115461,5098,634,2025-02-12,2,Wrong Product,78286.12,Completed
6857,38327,115465,995,35,2024-04-30,4,Wrong Product,111818.52,Completed
6858,38329,115470,5601,848,2025-04-01,2,Product Not as Expected,98509.18,Completed
6859,38331,115475,9133,185,2024-10-06,1,Changed Mind,48632.58,Completed
6860,38342,115503,1467,976,2024-08-25,1,Product Not as Expected,58220.65,Completed
6861,38346,115516,2151,274,2024-10-29,3,Changed Mind,136480.59,Completed
6862,38347,115522,7611,340,2025-08-17,1,Late Delivery,53816.18,Completed
6863,38356,115547,6304,67,2023-03-04,1,Damaged Product,27469.03,Completed
6864,38358,115552,9106,439,2025-08-10,1,Quality Issue,45327.89,Completed
6865,38368,115585,4832,641,2023-10-15,1,Damaged Product,12415.84,Completed
6866,38376,115603,3086,766,2025-10-23,1,Changed Mind,48070.39,Completed
6867,38379,115611,7061,66,2024-11-16,1,Damaged Product,17293.32,Completed
6868,38385,115633,833,947,2024-06-26,3,Wrong Product,29060.1,Completed
6869,38386,115634,2798,678,2023-12-03,1,Size/Fit Issue,49387.32,Completed
6870,38387,115642,4820,157,2024-05-31,1,Late Delivery,13213.71,Completed
6871,38389,115645,9801,634,2024-12-25,2,Wrong Product,78286.12,Completed
6872,38391,115649,8881,93,2023-05-14,1,Size/Fit Issue,20754.97,Completed
6873,38399,115678,7599,276,2025-06-09,3,Damaged Product,119583.69,Completed
6874,38421,115744,5304,810,2023-06-04,1,Size/Fit Issue,46393.62,Completed
6875,38441,115795,649,274,2024-05-08,1,Size/Fit Issue,45493.53,Completed
6876,38448,115807,6262,792,2024-12-29,1,Size/Fit Issue,41133.39,Completed
6877,38460,115845,4873,394,2023-02-25,1,Late Delivery,42580.81,Completed
6878,38464,115854,4573,819,2024-09-21,1,Wrong Product,46497.58,Completed
6879,38476,115884,285,734,2023-12-28,1,Damaged Product,4017.31,Completed
6880,38480,115902,357,885,2023-02-10,1,Product Not as Expected,57502.27,Completed
6881,38482,115909,203,712,2023-11-07,1,Wrong Product,7038.7,Completed
6882,38484,115917,6719,215,2025-07-02,1,Quality Issue,15687.88,Completed
6883,38489,115930,9931,214,2025-11-28,1,Changed Mind,17174.56,Completed
6884,38494,115941,4205,956,2025-03-09,2,Wrong Product,78652.28,Completed
6885,38494,115943,4205,883,2025-03-09,3,Changed Mind,212738.22,Completed
6886,38503,115978,7354,329,2025-03-17,1,Size/Fit Issue,53518.66,Completed
6887,38506,115987,3631,78,2025-11-13,1,Wrong Product,40031.47,Completed
6888,38510,115998,4458,156,2025-10-07,1,Damaged Product,25532.83,Completed
6889,38515,116007,1072,493,2024-02-11,1,Wrong Product,14869.71,Completed
6890,38516,116009,7888,347,2024-02-26,1,Wrong Product,45770.45,Completed
6891,38519,116020,9185,910,2023-12-30,2,Product Not as Expected,92268.12,Completed
6892,38523,116031,9305,848,2023-09-06,4,Damaged Product,197018.36,Completed
6893,38525,116035,158,883,2025-07-12,1,Late Delivery,70912.74,Completed
6894,38539,116074,7134,47,2025-05-10,1,Product Not as Expected,33493.63,Completed
6895,38546,116088,4446,999,2023-02-17,1,Changed Mind,53552.97,Completed
6896,38570,116161,628,814,2025-01-24,1,Damaged Product,29179.36,Completed
6897,38574,116178,8783,987,2025-01-01,2,Size/Fit Issue,104103.12,Completed
6898,38579,116196,9187,528,2025-11-30,3,Product Not as Expected,146059.89,Completed
6899,38588,116223,4107,901,2024-09-20,1,Changed Mind,49064.78,Completed
6900,38591,116231,9831,319,2025-10-11,1,Late Delivery,1269.69,Completed
6901,38594,116240,1186,84,2024-02-06,2,Late Delivery,25385.66,Completed
6902,38599,116257,2286,306,2025-02-08,1,Damaged Product,43852.88,Completed
6903,38601,116263,8450,22,2025-09-22,1,Damaged Product,18377.28,Completed
6904,38611,116296,5974,89,2023-10-17,3,Wrong Product,183091.35,Completed
6905,38612,116299,5013,255,2024-02-29,1,Product Not as Expected,58340.7,Completed
6906,38616,116308,6381,57,2024-07-25,3,Size/Fit Issue,164146.95,Completed
6907,38630,116352,7575,135,2024-10-16,1,Late Delivery,54446.43,Completed
6908,38632,116358,7939,798,2024-09-15,1,Wrong Product,52611.13,Completed
6909,38633,116360,4815,97,2023-06-06,1,Damaged Product,6899.98,Completed
6910,38635,116369,6158,747,2024-12-11,1,Quality Issue,29958.97,Completed
6911,38636,116371,337,773,2024-11-27,1,Damaged Product,10661.83,Completed
6912,38640,116379,4474,723,2023-11-30,1,Damaged Product,17748.2,Completed
6913,38641,116381,5412,577,2024-07-19,1,Quality Issue,28640.16,Completed
6914,38644,116392,7502,32,2023-12-18,4,Wrong Product,38270.2,Completed
6915,38651,116421,138,34,2024-01-30,2,Product Not as Expected,109776.64,Completed
6916,38654,116424,5213,185,2024-08-10,1,Changed Mind,48632.58,Completed
6917,38658,116437,4383,687,2025-01-12,1,Wrong Product,5733.29,Completed
6918,38662,116448,4623,122,2024-01-27,1,Damaged Product,61466.27,Completed
6919,38667,116459,1898,729,2025-12-11,1,Changed Mind,50404.4,Completed
6920,38668,116466,2888,438,2023-05-25,1,Damaged Product,62279.76,Completed
6921,38675,116483,1409,788,2023-10-16,1,Product Not as Expected,33404.53,Completed
6922,38677,116492,4642,383,2023-09-04,1,Product Not as Expected,37571.74,Completed
6923,38681,116501,9943,441,2024-01-17,1,Size/Fit Issue,7558.87,Completed
6924,38694,116540,2457,450,2024-08-07,1,Quality Issue,21499.43,Completed
6925,38695,116543,8755,590,2023-06-22,1,Damaged Product,32485.63,Completed
6926,38701,116558,2576,849,2024-06-19,1,Quality Issue,69886.49,Completed
6927,38708,116575,1870,453,2023-08-21,2,Late Delivery,32730.68,Completed
6928,38709,116581,9368,589,2023-01-19,4,Product Not as Expected,241844.56,Completed
6929,38718,116608,265,641,2023-10-10,1,Damaged Product,12415.84,Completed
6930,38719,116610,2209,483,2025-08-06,1,Damaged Product,81445.06,Completed
6931,38722,116619,9130,923,2024-03-07,3,Damaged Product,10021.41,Completed
6932,38725,116628,5598,324,2023-03-29,1,Size/Fit Issue,65084.11,Completed
6933,38743,116682,6792,934,2025-07-21,1,Damaged Product,13975.94,Completed
6934,38752,116705,9918,348,2023-11-01,1,Wrong Product,67157.47,Completed
6935,38754,116713,8355,532,2023-03-15,2,Late Delivery,120054.58,Completed
6936,38761,116735,8729,671,2024-02-27,2,Late Delivery,130272.56,Completed
6937,38770,116761,5862,953,2023-10-27,1,Quality Issue,12070.59,Completed
6938,38776,116770,6838,68,2024-02-12,1,Changed Mind,60685.6,Completed
6939,38777,116773,5841,382,2024-09-20,2,Wrong Product,127502.54,Completed
6940,38778,116775,355,197,2023-10-25,2,Size/Fit Issue,36354.38,Completed
6941,38779,116777,5749,589,2023-12-15,1,Damaged Product,60461.14,Completed
6942,38782,116783,7077,101,2025-10-31,1,Size/Fit Issue,74696.66,Completed
6943,38783,116786,7687,825,2024-06-21,1,Quality Issue,43980.64,Completed
6944,38786,116793,3715,97,2024-07-07,2,Changed Mind,13799.96,Completed
6945,38787,116796,3850,938,2025-01-08,1,Late Delivery,41472.77,Completed
6946,38802,116825,7304,716,2023-03-06,1,Size/Fit Issue,37907.5,Completed
6947,38805,116838,4189,962,2025-04-16,4,Size/Fit Issue,108004.6,Completed
6948,38816,116871,9957,409,2024-08-22,1,Late Delivery,61954.7,Completed
6949,38821,116884,1758,264,2023-10-10,1,Changed Mind,975.32,Completed
6950,38832,116917,6831,833,2025-04-05,1,Changed Mind,49984.05,Completed
6951,38834,116926,2486,193,2023-12-12,2,Wrong Product,175970.1,Completed
6952,38839,116936,8114,821,2024-12-19,1,Product Not as Expected,38888.0,Completed
6953,38840,116941,402,634,2023-07-09,1,Quality Issue,39143.06,Completed
6954,38848,116955,9946,954,2025-11-04,1,Quality Issue,36145.73,Completed
6955,38851,116967,5447,517,2024-07-31,1,Product Not as Expected,27837.58,Completed
6956,38886,117090,7338,78,2025-07-08,1,Changed Mind,40031.47,Completed
6957,38891,117108,1998,574,2023-02-28,1,Wrong Product,8147.88,Completed
6958,38894,117116,4002,677,2025-12-02,3,Changed Mind,111907.62,Completed
6959,38897,117130,2702,348,2025-11-08,2,Wrong Product,134314.94,Completed
6960,38899,117135,1324,996,2024-02-16,1,Damaged Product,43007.78,Completed
6961,38904,117147,3519,677,2025-06-12,1,Changed Mind,37302.54,Completed
6962,38915,117175,2826,362,2023-07-23,2,Quality Issue,64162.44,Completed
6963,38916,117183,2226,228,2025-06-07,2,Late Delivery,73070.26,Completed
6964,38925,117220,8688,442,2024-01-27,1,Quality Issue,63464.4,Completed
6965,38926,117224,4062,283,2023-03-04,2,Wrong Product,136857.88,Completed
6966,38928,117227,7120,48,2024-04-12,1,Damaged Product,24215.99,Completed
6967,38940,117262,6107,438,2024-06-20,1,Damaged Product,62279.76,Completed
6968,38942,117270,6054,962,2025-08-27,1,Wrong Product,27001.15,Completed
6969,38957,117314,6856,818,2025-08-26,1,Size/Fit Issue,2517.2,Completed
6970,38964,117337,8481,798,2025-12-18,1,Late Delivery,52611.13,Completed
6971,38964,117338,8481,549,2025-12-18,1,Quality Issue,51380.02,Completed
6972,38969,117353,580,805,2025-09-26,1,Size/Fit Issue,29663.21,Completed
6973,38977,117377,8131,286,2025-07-16,1,Damaged Product,70118.16,Completed
6974,38981,117390,7958,427,2023-09-12,1,Quality Issue,43138.66,Completed
6975,38982,117391,379,456,2023-03-23,1,Product Not as Expected,39470.43,Completed
6976,38982,117394,379,206,2023-03-23,1,Changed Mind,9861.1,Completed
6977,38983,117398,473,831,2024-02-02,1,Product Not as Expected,72426.36,Completed
6978,38988,117414,9044,661,2025-03-02,1,Product Not as Expected,6801.17,Completed
6979,38989,117415,8462,853,2025-04-20,2,Changed Mind,72298.48,Completed
6980,38994,117433,3766,276,2024-12-06,1,Changed Mind,39861.23,Completed
6981,38997,117440,552,205,2024-12-28,4,Quality Issue,175743.12,Completed
6982,38998,117443,5760,650,2025-03-14,4,Size/Fit Issue,171335.12,Completed
6983,39005,117462,6660,221,2025-04-11,1,Product Not as Expected,9501.02,Completed
6984,39020,117509,5296,293,2024-05-29,1,Changed Mind,14013.61,Completed
6985,39042,117569,950,506,2023-11-19,2,Product Not as Expected,96441.46,Completed
6986,39047,117584,760,84,2024-12-07,1,Product Not as Expected,12692.83,Completed
6987,39057,117613,3107,350,2024-11-24,1,Size/Fit Issue,35700.73,Completed
6988,39060,117622,6403,847,2023-09-02,1,Wrong Product,86269.16,Completed
6989,39061,117626,9527,341,2023-08-02,1,Size/Fit Issue,11306.84,Completed
6990,39062,117630,9190,314,2024-08-18,1,Damaged Product,18663.84,Completed
6991,39062,117633,9190,3,2024-08-18,2,Late Delivery,86940.0,Completed
6992,39077,117682,8949,310,2024-09-22,1,Wrong Product,56308.84,Completed
6993,39079,117689,458,517,2023-12-27,3,Damaged Product,83512.74,Completed
6994,39081,117698,3397,231,2023-07-03,2,Late Delivery,43431.46,Completed
6995,39088,117716,2024,878,2023-09-17,1,Wrong Product,81467.72,Completed
6996,39089,117717,112,10,2025-01-22,1,Changed Mind,2841.22,Completed
6997,39096,117741,4009,41,2024-03-10,1,Quality Issue,47175.64,Completed
6998,39107,117760,6125,61,2023-03-15,1,Quality Issue,55328.05,Completed
6999,39107,117761,6125,900,2023-03-15,2,Size/Fit Issue,21528.18,Completed
7000,39113,117777,3393,929,2024-03-10,1,Damaged Product,38049.95,Completed
7001,39114,117778,6482,279,2025-12-27,2,Wrong Product,150348.18,Completed
7002,39115,117782,3381,716,2023-07-03,1,Product Not as Expected,37907.5,Completed
7003,39115,117783,3381,732,2023-07-03,2,Late Delivery,122306.94,Completed
7004,39143,117873,1308,307,2023-06-07,1,Late Delivery,59012.04,Completed
7005,39156,117910,5140,53,2023-12-14,1,Wrong Product,69627.87,Completed
7006,39157,117913,5300,541,2025-09-23,1,Product Not as Expected,38960.03,Completed
7007,39175,117972,3650,698,2023-04-13,1,Quality Issue,36376.6,Completed
7008,39176,117973,2745,183,2025-04-16,1,Product Not as Expected,7632.23,Completed
7009,39186,118011,5697,56,2024-09-21,1,Product Not as Expected,9324.88,Completed
7010,39187,118016,8430,370,2023-12-10,1,Damaged Product,42652.44,Completed
7011,39196,118043,2280,147,2024-02-04,1,Changed Mind,18186.11,Completed
7012,39197,118044,4388,760,2024-09-06,1,Wrong Product,14723.11,Completed
7013,39205,118068,9007,453,2024-11-26,1,Damaged Product,16365.34,Completed
7014,39206,118074,5961,626,2024-10-28,1,Size/Fit Issue,59305.86,Completed
7015,39207,118075,3383,923,2025-01-19,1,Damaged Product,3340.47,Completed
7016,39212,118095,5906,95,2025-02-09,1,Late Delivery,10076.89,Completed
7017,39217,118108,6073,359,2024-06-13,1,Size/Fit Issue,33738.98,Completed
7018,39217,118109,6073,442,2024-06-13,2,Size/Fit Issue,126928.8,Completed
7019,39218,118114,2484,900,2025-07-26,1,Damaged Product,10764.09,Completed
7020,39219,118120,2118,713,2025-09-15,1,Late Delivery,39163.32,Completed
7021,39229,118152,8819,920,2024-07-15,1,Damaged Product,34221.06,Completed
7022,39230,118155,1369,523,2025-07-21,1,Wrong Product,19573.08,Completed
7023,39231,118161,1635,454,2024-10-09,1,Damaged Product,12684.45,Completed
7024,39236,118172,9652,303,2025-01-24,1,Changed Mind,30281.73,Completed
7025,39243,118196,3334,987,2024-12-23,3,Late Delivery,156154.68,Completed
7026,39244,118199,697,278,2025-08-15,1,Quality Issue,32103.08,Completed
7027,39246,118208,479,106,2025-08-27,2,Quality Issue,93255.16,Completed
7028,39247,118211,6329,383,2025-06-01,1,Damaged Product,37571.74,Completed
7029,39251,118226,429,730,2025-05-31,1,Late Delivery,6687.12,Completed
7030,39254,118239,5081,526,2024-12-25,1,Damaged Product,9515.72,Completed
7031,39254,118241,5081,581,2024-12-25,1,Size/Fit Issue,43359.64,Completed
7032,39255,118244,2987,900,2023-02-25,2,Changed Mind,21528.18,Completed
7033,39260,118261,2265,299,2025-10-17,1,Quality Issue,40394.77,Completed
7034,39264,118276,8749,275,2025-08-26,1,Quality Issue,53701.2,Completed
7035,39272,118299,2028,216,2024-07-31,2,Changed Mind,5834.22,Completed
7036,39273,118303,3459,249,2025-10-27,1,Changed Mind,49328.62,Completed
7037,39282,118329,582,165,2023-02-27,1,Wrong Product,32402.49,Completed
7038,39297,118369,1637,421,2025-09-22,2,Size/Fit Issue,58013.34,Completed
7039,39307,118404,1797,732,2025-02-26,1,Late Delivery,61153.47,Completed
7040,39316,118433,7372,708,2023-01-26,1,Product Not as Expected,27271.15,Completed
7041,39328,118466,8362,671,2024-02-05,1,Changed Mind,65136.28,Completed
7042,39329,118471,5539,998,2025-11-13,1,Product Not as Expected,15593.9,Completed
7043,39335,118487,3937,258,2024-09-29,1,Quality Issue,30912.25,Completed
7044,39341,118510,4545,589,2023-03-12,2,Product Not as Expected,120922.28,Completed
7045,39344,118520,464,839,2023-12-09,1,Quality Issue,27297.72,Completed
7046,39349,118531,9413,237,2025-08-04,1,Wrong Product,17431.72,Completed
7047,39349,118533,9413,753,2025-08-04,1,Changed Mind,33239.44,Completed
7048,39374,118615,3823,156,2023-07-10,1,Damaged Product,25532.83,Completed
7049,39377,118626,9303,303,2024-12-04,1,Size/Fit Issue,30281.73,Completed
7050,39382,118640,4335,718,2023-01-07,1,Changed Mind,74041.38,Completed
7051,39392,118669,9666,303,2024-12-05,1,Late Delivery,30281.73,Completed
7052,39406,118714,8227,732,2024-01-13,1,Changed Mind,61153.47,Completed
7053,39412,118736,2651,453,2025-04-01,2,Damaged Product,32730.68,Completed
7054,39412,118737,2651,684,2025-04-01,1,Quality Issue,24811.38,Completed
7055,39440,118822,7389,551,2023-01-10,1,Damaged Product,40569.11,Completed
7056,39446,118835,7369,703,2023-04-02,1,Size/Fit Issue,52335.37,Completed
7057,39457,118867,6958,507,2024-01-26,1,Changed Mind,60624.2,Completed
7058,39465,118887,8780,201,2025-05-17,1,Late Delivery,26322.63,Completed
7059,39469,118899,3838,839,2023-12-29,1,Quality Issue,27297.72,Completed
7060,39483,118937,425,239,2023-11-06,2,Changed Mind,5123.68,Completed
7061,39487,118955,4315,905,2024-01-14,1,Product Not as Expected,34121.05,Completed
7062,39497,118985,5150,766,2025-02-05,1,Wrong Product,48070.39,Completed
7063,39498,118987,1871,187,2023-11-15,2,Product Not as Expected,22279.68,Completed
7064,39499,118992,2726,797,2025-06-10,1,Product Not as Expected,59017.62,Completed
7065,39504,119004,9668,248,2025-09-12,1,Quality Issue,1372.21,Completed
7066,39511,119022,2147,2,2025-06-03,1,Product Not as Expected,76394.93,Completed
7067,39515,119040,5284,84,2023-02-07,1,Late Delivery,12692.83,Completed
7068,39525,119062,3354,63,2023-01-31,1,Wrong Product,19746.23,Completed
7069,39525,119063,3354,394,2023-01-31,1,Changed Mind,42580.81,Completed
7070,39529,119074,5580,483,2023-09-12,1,Product Not as Expected,81445.06,Completed
7071,39530,119079,7132,571,2023-10-07,1,Damaged Product,7669.53,Completed
7072,39537,119093,9971,587,2023-04-25,1,Damaged Product,38685.73,Completed
7073,39554,119150,2472,886,2024-02-14,3,Size/Fit Issue,148005.54,Completed
7074,39554,119151,2472,31,2024-02-14,1,Size/Fit Issue,5278.2,Completed
7075,39560,119173,8820,610,2025-10-30,3,Size/Fit Issue,147665.07,Completed
7076,39561,119177,9781,297,2024-08-29,2,Damaged Product,18968.46,Completed
7077,39565,119190,6375,552,2023-09-14,1,Size/Fit Issue,36436.81,Completed
7078,39583,119231,1,537,2025-03-01,1,Quality Issue,53194.66,Completed
7079,39587,119239,5084,982,2023-12-26,1,Product Not as Expected,39666.28,Completed
7080,39598,119270,7323,711,2024-01-14,2,Changed Mind,143667.06,Completed
7081,39604,119286,7499,865,2024-03-22,1,Product Not as Expected,68180.76,Completed
7082,39619,119320,3584,35,2024-06-22,1,Damaged Product,27954.63,Completed
7083,39633,119369,2595,818,2023-05-02,1,Late Delivery,2517.2,Completed
7084,39635,119377,8777,31,2023-03-27,1,Late Delivery,5278.2,Completed
7085,39638,119381,5955,481,2023-10-26,3,Damaged Product,94019.85,Completed
7086,39642,119392,463,869,2025-09-07,1,Late Delivery,27599.74,Completed
7087,39642,119394,463,116,2025-09-07,1,Late Delivery,84644.25,Completed
7088,39643,119398,1612,577,2024-07-01,1,Wrong Product,28640.16,Completed
7089,39646,119412,4600,88,2024-07-27,1,Changed Mind,47049.95,Completed
7090,39651,119425,8032,909,2023-08-27,1,Product Not as Expected,56420.47,Completed
7091,39654,119434,8474,106,2023-02-24,2,Late Delivery,93255.16,Completed
7092,39657,119443,8433,479,2023-08-26,1,Damaged Product,1432.07,Completed
7093,39673,119490,2535,851,2024-04-27,3,Late Delivery,29520.84,Completed
7094,39674,119493,8537,919,2025-10-14,2,Late Delivery,73023.44,Completed
7095,39680,119517,820,558,2023-07-28,4,Product Not as Expected,303557.64,Completed
7096,39681,119521,4571,376,2023-11-21,1,Quality Issue,63521.81,Completed
7097,39682,119526,3717,3,2023-10-13,1,Wrong Product,43470.0,Completed
7098,39683,119528,2844,988,2024-10-22,2,Late Delivery,78158.54,Completed
7099,39684,119534,692,38,2025-06-25,1,Size/Fit Issue,76521.62,Completed
7100,39686,119541,7648,258,2023-04-29,2,Changed Mind,61824.5,Completed
7101,39689,119552,2151,990,2024-01-20,1,Late Delivery,16191.64,Completed
7102,39695,119573,3593,476,2023-01-12,1,Damaged Product,27559.44,Completed
7103,39695,119575,3593,815,2023-01-12,2,Product Not as Expected,72880.14,Completed
7104,39696,119580,8935,34,2025-12-01,1,Size/Fit Issue,54888.32,Completed
7105,39700,119593,2707,728,2025-01-28,1,Changed Mind,72056.51,Completed
7106,39703,119602,452,135,2024-07-05,1,Product Not as Expected,54446.43,Completed
7107,39708,119613,1713,396,2025-12-28,1,Size/Fit Issue,49585.04,Completed
7108,39710,119624,2665,573,2025-07-13,2,Size/Fit Issue,34422.62,Completed
7109,39719,119647,7492,310,2025-07-15,1,Wrong Product,56308.84,Completed
7110,39720,119649,4120,468,2023-10-15,2,Damaged Product,62020.78,Completed
7111,39721,119653,6317,742,2024-07-31,1,Damaged Product,47022.51,Completed
7112,39734,119693,1811,578,2024-12-14,1,Size/Fit Issue,39704.69,Completed
7113,39738,119704,6458,396,2025-08-16,1,Quality Issue,49585.04,Completed
7114,39742,119721,2042,314,2023-12-04,1,Late Delivery,18663.84,Completed
7115,39744,119727,4714,651,2023-01-02,1,Wrong Product,58787.12,Completed
7116,39745,119729,4218,604,2024-01-28,1,Product Not as Expected,36921.48,Completed
7117,39747,119735,2117,537,2025-09-13,1,Product Not as Expected,53194.66,Completed
7118,39747,119738,2117,74,2025-09-13,1,Size/Fit Issue,25500.32,Completed
7119,39748,119740,4331,839,2023-01-25,2,Product Not as Expected,54595.44,Completed
7120,39757,119762,9468,923,2023-07-17,1,Wrong Product,3340.47,Completed
7121,39757,119764,9468,623,2023-07-17,4,Wrong Product,285084.48,Completed
7122,39762,119778,1937,932,2024-02-03,2,Changed Mind,107357.38,Completed
7123,39763,119781,7481,534,2023-05-25,1,Quality Issue,3962.65,Completed
7124,39770,119804,5352,820,2025-10-30,1,Product Not as Expected,41957.83,Completed
7125,39772,119810,7540,815,2025-02-16,1,Wrong Product,36440.07,Completed
7126,39776,119828,1127,902,2023-09-18,4,Late Delivery,131860.36,Completed
7127,39780,119841,2823,602,2024-11-01,1,Quality Issue,30146.2,Completed
7128,39783,119854,3377,440,2024-05-31,1,Size/Fit Issue,53089.24,Completed
7129,39784,119855,9933,88,2023-02-17,1,Quality Issue,47049.95,Completed
7130,39791,119874,8925,87,2025-08-11,1,Damaged Product,17689.24,Completed
7131,39793,119884,4450,736,2024-09-16,1,Late Delivery,77186.9,Completed
7132,39795,119892,6980,833,2024-06-08,1,Quality Issue,49984.05,Completed
7133,39797,119897,3926,534,2025-06-21,3,Quality Issue,11887.95,Completed
7134,39808,119926,4651,439,2023-03-13,1,Damaged Product,45327.89,Completed
7135,39818,119957,7401,975,2024-06-09,2,Size/Fit Issue,105625.86,Completed
7136,39823,119969,1051,870,2024-06-20,1,Wrong Product,11548.78,Completed
7137,39833,119998,8162,706,2025-02-25,1,Late Delivery,39123.19,Completed
7138,39834,120001,7741,57,2023-01-25,1,Damaged Product,54715.65,Completed
7139,39837,120010,9301,773,2023-10-23,1,Quality Issue,10661.83,Completed
7140,39843,120033,4162,188,2025-05-13,1,Late Delivery,51035.63,Completed
7141,39854,120069,3128,394,2024-04-21,1,Wrong Product,42580.81,Completed
7142,39860,120088,4421,775,2024-08-11,1,Product Not as Expected,19621.3,Completed
7143,39862,120091,9751,546,2025-04-16,1,Changed Mind,37536.93,Completed
7144,39862,120093,9751,886,2025-04-16,1,Product Not as Expected,49335.18,Completed
7145,39871,120119,3077,847,2025-10-21,1,Changed Mind,86269.16,Completed
7146,39873,120127,3797,920,2025-03-09,3,Wrong Product,102663.18,Completed
7147,39873,120128,3797,343,2025-03-09,1,Product Not as Expected,2521.22,Completed
7148,39876,120137,9483,555,2024-05-29,1,Damaged Product,39589.69,Completed
7149,39880,120151,4128,116,2025-06-21,1,Quality Issue,84644.25,Completed
7150,39883,120162,3457,916,2023-10-15,1,Product Not as Expected,48367.88,Completed
7151,39884,120166,7647,634,2024-03-31,2,Quality Issue,78286.12,Completed
7152,39889,120179,9330,991,2025-10-15,1,Quality Issue,16315.12,Completed
7153,39891,120183,4155,836,2025-07-20,1,Changed Mind,41004.0,Completed
7154,39899,120203,5236,578,2025-07-19,1,Wrong Product,39704.69,Completed
7155,39901,120212,7255,614,2025-11-27,1,Damaged Product,54167.99,Completed
7156,39901,120213,7255,175,2025-11-27,1,Product Not as Expected,39232.57,Completed
7157,39909,120234,7370,31,2025-11-02,1,Late Delivery,5278.2,Completed
7158,39922,120266,8477,22,2024-08-27,1,Late Delivery,18377.28,Completed
7159,39924,120272,9985,716,2024-03-29,1,Quality Issue,37907.5,Completed
7160,39937,120312,1677,907,2025-04-16,1,Size/Fit Issue,22748.66,Completed
7161,39940,120319,2354,580,2023-10-12,1,Late Delivery,2770.25,Completed
7162,39941,120323,6147,170,2023-08-15,1,Wrong Product,52332.24,Completed
7163,39951,120358,683,160,2023-09-07,4,Wrong Product,238107.04,Completed
7164,39960,120391,1353,842,2024-08-25,2,Damaged Product,18848.4,Completed
7165,39976,120437,9389,513,2025-07-29,1,Quality Issue,282.11,Completed
7166,40003,120523,1115,50,2025-05-06,3,Damaged Product,95018.25,Completed
7167,40018,120568,9349,847,2023-03-27,2,Late Delivery,172538.32,Completed
7168,40018,120569,9349,684,2023-03-27,3,Product Not as Expected,74434.14,Completed
7169,40020,120576,1024,80,2025-02-26,2,Quality Issue,110151.04,Completed
7170,40022,120588,9653,333,2025-10-31,1,Product Not as Expected,33502.32,Completed
7171,40031,120610,1225,651,2024-12-10,1,Size/Fit Issue,58787.12,Completed
7172,40031,120612,1225,266,2024-12-10,1,Late Delivery,9890.24,Completed
7173,40043,120649,4591,305,2024-10-28,1,Quality Issue,26940.99,Completed
7174,40055,120688,9465,555,2025-07-09,1,Changed Mind,39589.69,Completed
7175,40055,120691,9465,411,2025-07-09,1,Damaged Product,7771.15,Completed
7176,40060,120701,7178,233,2024-05-15,1,Quality Issue,11531.39,Completed
7177,40063,120710,309,604,2024-07-07,1,Changed Mind,36921.48,Completed
7178,40063,120711,309,634,2024-07-07,1,Size/Fit Issue,39143.06,Completed
7179,40064,120714,2703,956,2025-07-23,1,Late Delivery,39326.14,Completed
7180,40072,120747,4886,36,2024-10-10,1,Size/Fit Issue,4657.36,Completed
7181,40076,120753,7869,751,2024-01-08,1,Late Delivery,67959.34,Completed
7182,40078,120763,7987,418,2023-04-02,1,Damaged Product,6259.15,Completed
7183,40082,120775,4602,363,2025-12-13,1,Quality Issue,66819.63,Completed
7184,40083,120778,6713,69,2023-12-07,1,Wrong Product,32929.62,Completed
7185,40087,120791,7962,562,2023-05-12,2,Product Not as Expected,112084.04,Completed
7186,40090,120805,4527,768,2023-09-08,3,Wrong Product,67289.19,Completed
7187,40093,120813,9365,907,2023-03-19,1,Changed Mind,22748.66,Completed
7188,40096,120823,1324,831,2023-01-15,2,Changed Mind,144852.72,Completed
7189,40096,120824,1324,35,2023-01-15,1,Wrong Product,27954.63,Completed
7190,40106,120849,3940,65,2025-07-23,1,Product Not as Expected,31994.43,Completed
7191,40115,120881,8335,734,2024-03-01,1,Damaged Product,4017.31,Completed
7192,40124,120902,5438,479,2023-08-16,1,Wrong Product,1432.07,Completed
7193,40129,120916,1914,694,2023-08-20,1,Damaged Product,75656.77,Completed
7194,40130,120920,1962,739,2024-01-05,1,Product Not as Expected,49616.69,Completed
7195,40136,120940,12,442,2024-07-06,1,Product Not as Expected,63464.4,Completed
7196,40148,120975,2832,975,2024-04-01,1,Product Not as Expected,52812.93,Completed
7197,40154,120992,9134,35,2024-05-03,1,Late Delivery,27954.63,Completed
7198,40159,121005,4713,513,2025-08-14,1,Late Delivery,282.11,Completed
7199,40166,121023,7229,376,2024-04-29,1,Wrong Product,63521.81,Completed
7200,40167,121028,6277,193,2025-12-22,1,Size/Fit Issue,87985.05,Completed
7201,40178,121066,4107,474,2025-08-27,2,Quality Issue,7685.64,Completed
7202,40178,121067,4107,427,2025-08-27,1,Product Not as Expected,43138.66,Completed
7203,40190,121100,3141,2,2024-08-28,3,Changed Mind,229184.79,Completed
7204,40195,121110,7985,734,2025-03-16,1,Wrong Product,4017.31,Completed
7205,40196,121112,2198,124,2024-05-03,1,Late Delivery,32253.1,Completed
7206,40197,121117,1390,891,2025-03-22,2,Product Not as Expected,63576.1,Completed
7207,40211,121162,6704,833,2025-03-20,2,Quality Issue,99968.1,Completed
7208,40212,121164,4571,564,2024-06-05,1,Damaged Product,75701.18,Completed
7209,40214,121172,8027,886,2025-01-04,1,Product Not as Expected,49335.18,Completed
7210,40219,121193,6857,542,2024-07-11,1,Product Not as Expected,71946.34,Completed
7211,40224,121203,3799,51,2025-07-04,1,Product Not as Expected,6891.96,Completed
7212,40229,121220,1035,450,2024-10-04,1,Late Delivery,21499.43,Completed
7213,40231,121228,259,116,2025-09-22,1,Late Delivery,84644.25,Completed
7214,40232,121232,8664,859,2024-09-12,4,Damaged Product,207364.32,Completed
7215,40236,121239,9391,581,2024-08-23,2,Size/Fit Issue,86719.28,Completed
7216,40237,121246,1180,1000,2024-07-25,1,Damaged Product,35293.76,Completed
7217,40244,121260,2201,388,2024-02-16,1,Product Not as Expected,31725.59,Completed
7218,40249,121276,7218,266,2023-09-27,1,Product Not as Expected,9890.24,Completed
7219,40251,121286,8650,407,2024-03-03,1,Wrong Product,20801.56,Completed
7220,40260,121308,6246,855,2025-05-17,2,Late Delivery,100185.38,Completed
7221,40261,121313,2158,484,2024-12-30,1,Wrong Product,62844.55,Completed
7222,40269,121341,4593,671,2024-12-28,1,Damaged Product,65136.28,Completed
7223,40269,121344,4593,649,2024-12-28,3,Product Not as Expected,157397.19,Completed
7224,40271,121351,3505,49,2025-06-06,1,Changed Mind,52319.21,Completed
7225,40272,121354,5774,382,2024-09-13,1,Late Delivery,63751.27,Completed
7226,40275,121368,7154,946,2023-10-26,1,Damaged Product,10079.07,Completed
7227,40278,121380,9306,617,2023-11-30,2,Changed Mind,75476.16,Completed
7228,40285,121398,1248,585,2024-07-02,1,Damaged Product,22512.71,Completed
7229,40289,121409,5197,27,2023-05-20,1,Product Not as Expected,29873.78,Completed
7230,40301,121448,6738,483,2024-01-02,2,Damaged Product,162890.12,Completed
7231,40326,121519,8402,750,2023-07-13,1,Wrong Product,32361.89,Completed
7232,40335,121551,386,651,2024-06-26,1,Damaged Product,58787.12,Completed
7233,40345,121571,1333,365,2025-11-14,1,Changed Mind,21560.8,Completed
7234,40348,121575,8753,523,2023-02-24,1,Wrong Product,19573.08,Completed
7235,40365,121625,9649,418,2025-07-17,1,Changed Mind,6259.15,Completed
7236,40385,121678,1505,288,2025-09-05,2,Product Not as Expected,37713.7,Completed
7237,40393,121702,2547,539,2025-11-10,1,Changed Mind,59193.59,Completed
7238,40396,121709,3669,60,2023-12-27,1,Late Delivery,71063.14,Completed
7239,40397,121711,6519,9,2023-12-18,1,Quality Issue,61804.18,Completed
7240,40403,121723,8484,122,2023-03-06,1,Quality Issue,61466.27,Completed
7241,40417,121765,4360,923,2025-08-20,2,Late Delivery,6680.94,Completed
7242,40432,121818,3588,448,2024-12-02,1,Late Delivery,37758.23,Completed
7243,40453,121883,9664,248,2023-11-25,1,Damaged Product,1372.21,Completed
7244,40461,121907,6211,553,2025-02-26,1,Late Delivery,55937.83,Completed
7245,40479,121952,1305,705,2025-06-28,2,Changed Mind,96888.84,Completed
7246,40482,121958,3295,227,2024-09-25,1,Changed Mind,15855.11,Completed
7247,40494,121987,2528,877,2024-04-17,2,Quality Issue,61139.66,Completed
7248,40498,122003,1324,126,2025-12-22,1,Late Delivery,60903.13,Completed
7249,40500,122013,542,525,2023-08-16,1,Quality Issue,64720.45,Completed
7250,40505,122021,3314,193,2024-05-11,1,Changed Mind,87985.05,Completed
7251,40522,122060,8520,385,2025-08-22,1,Late Delivery,51195.51,Completed
7252,40528,122078,3924,201,2024-02-22,1,Size/Fit Issue,26322.63,Completed
7253,40532,122088,1800,106,2023-06-25,1,Quality Issue,46627.58,Completed
7254,40534,122093,1019,49,2023-05-05,1,Late Delivery,52319.21,Completed
7255,40534,122095,1019,190,2023-05-05,1,Wrong Product,31464.71,Completed
7256,40537,122105,6321,547,2025-10-28,1,Size/Fit Issue,12707.2,Completed
7257,40539,122111,6471,998,2023-12-20,2,Changed Mind,31187.8,Completed
7258,40544,122123,503,497,2024-12-17,2,Damaged Product,104184.82,Completed
7259,40549,122140,3354,116,2025-03-20,1,Wrong Product,84644.25,Completed
7260,40556,122163,1486,324,2023-10-31,1,Changed Mind,65084.11,Completed
7261,40556,122164,1486,200,2023-10-31,1,Damaged Product,26990.4,Completed
7262,40588,122251,973,124,2024-08-23,2,Size/Fit Issue,64506.2,Completed
7263,40599,122283,2951,69,2024-12-26,1,Wrong Product,32929.62,Completed
7264,40600,122287,6123,53,2025-09-13,1,Wrong Product,69627.87,Completed
7265,40600,122288,6123,462,2025-09-13,1,Quality Issue,42608.45,Completed
7266,40615,122333,4182,176,2023-08-25,2,Size/Fit Issue,9811.52,Completed
7267,40618,122341,1496,353,2025-01-30,1,Quality Issue,44608.27,Completed
7268,40624,122361,7638,815,2025-03-04,1,Size/Fit Issue,36440.07,Completed
7269,40629,122378,5894,542,2023-05-30,1,Damaged Product,71946.34,Completed
7270,40631,122385,2567,383,2023-06-16,1,Late Delivery,37571.74,Completed
7271,40631,122386,2567,106,2023-06-16,2,Changed Mind,93255.16,Completed
7272,40638,122405,9044,508,2024-06-20,1,Product Not as Expected,66003.7,Completed
7273,40643,122421,4993,167,2024-03-07,1,Quality Issue,43711.63,Completed
7274,40647,122434,2236,63,2024-08-09,1,Quality Issue,19746.23,Completed
7275,40664,122484,9626,779,2024-12-18,1,Changed Mind,52000.66,Completed
7276,40665,122492,7984,811,2025-12-18,1,Product Not as Expected,29935.48,Completed
7277,40673,122522,4354,58,2025-03-28,1,Changed Mind,46121.52,Completed
7278,40676,122536,2298,61,2025-05-14,2,Late Delivery,110656.1,Completed
7279,40677,122537,6807,250,2023-02-20,1,Wrong Product,38589.27,Completed
7280,40683,122553,7819,838,2023-04-08,1,Wrong Product,67576.45,Completed
7281,40684,122556,8599,461,2024-04-15,1,Wrong Product,57237.0,Completed
7282,40685,122561,5448,122,2025-10-10,1,Damaged Product,61466.27,Completed
7283,40695,122591,4777,377,2024-07-21,1,Wrong Product,38654.29,Completed
7284,40697,122593,3717,603,2023-10-14,1,Changed Mind,3198.92,Completed
7285,40704,122619,4586,678,2024-12-27,3,Late Delivery,148161.96,Completed
7286,40720,122664,6569,259,2024-02-04,1,Quality Issue,3555.42,Completed
7287,40726,122681,1343,678,2025-10-23,1,Changed Mind,49387.32,Completed
7288,40730,122697,9077,907,2023-03-21,1,Wrong Product,22748.66,Completed
7289,40738,122716,485,682,2023-06-13,1,Damaged Product,88961.65,Completed
7290,40739,122719,7269,758,2024-02-13,1,Damaged Product,70684.62,Completed
7291,40739,122721,7269,98,2024-02-13,1,Size/Fit Issue,53476.38,Completed
7292,40743,122734,7978,68,2025-08-14,2,Quality Issue,121371.2,Completed
7293,40747,122745,732,901,2025-01-08,1,Late Delivery,49064.78,Completed
7294,40749,122753,7071,887,2023-01-22,1,Quality Issue,31901.21,Completed
7295,40754,122769,8687,804,2025-05-20,1,Late Delivery,65569.03,Completed
7296,40764,122803,7438,688,2024-08-23,1,Size/Fit Issue,57528.79,Completed
7297,40771,122824,6294,66,2025-08-21,2,Wrong Product,34586.64,Completed
7298,40775,122834,8308,469,2025-08-03,3,Size/Fit Issue,229760.67,Completed
7299,40776,122838,1409,247,2025-09-06,1,Late Delivery,54589.55,Completed
7300,40779,122845,9614,820,2023-10-22,2,Changed Mind,83915.66,Completed
7301,40797,122897,6824,357,2024-03-02,1,Size/Fit Issue,38950.15,Completed
7302,40799,122901,8754,812,2024-03-15,1,Changed Mind,27440.22,Completed
7303,40806,122919,2735,636,2025-08-05,1,Wrong Product,27784.14,Completed
7304,40815,122949,1265,319,2023-06-06,1,Product Not as Expected,1269.69,Completed
7305,40820,122970,8480,288,2025-05-07,3,Quality Issue,56570.55,Completed
7306,40823,122974,5718,834,2024-07-27,1,Size/Fit Issue,10608.23,Completed
7307,40827,122983,3303,76,2023-11-13,1,Damaged Product,24691.22,Completed
7308,40833,123002,1492,188,2023-08-15,2,Product Not as Expected,102071.26,Completed
7309,40839,123017,1020,811,2025-02-11,1,Changed Mind,29935.48,Completed
7310,40849,123044,1432,294,2025-02-17,2,Quality Issue,83799.74,Completed
7311,40853,123055,666,192,2024-03-31,1,Damaged Product,52336.65,Completed
7312,40856,123065,1340,627,2025-10-01,1,Late Delivery,38712.55,Completed
7313,40860,123081,2088,818,2025-04-15,1,Late Delivery,2517.2,Completed
7314,40862,123084,9418,82,2025-06-21,1,Wrong Product,40379.87,Completed
7315,40864,123092,9310,990,2025-12-12,1,Damaged Product,16191.64,Completed
7316,40865,123095,1382,78,2025-03-20,1,Wrong Product,40031.47,Completed
7317,40868,123104,205,320,2025-02-15,1,Damaged Product,28226.5,Completed
7318,40875,123123,4463,97,2025-04-08,1,Quality Issue,6899.98,Completed
7319,40885,123146,6985,990,2023-04-14,1,Changed Mind,16191.64,Completed
7320,40895,123173,8210,537,2023-02-25,1,Late Delivery,53194.66,Completed
7321,40901,123185,4730,144,2023-07-24,2,Late Delivery,80939.08,Completed
7322,40918,123243,100,395,2025-07-03,1,Size/Fit Issue,32399.17,Completed
7323,40919,123246,774,485,2025-08-15,1,Changed Mind,56542.66,Completed
7324,40922,123256,3774,995,2024-10-04,1,Wrong Product,22086.79,Completed
7325,40923,123262,2216,68,2025-01-03,1,Changed Mind,60685.6,Completed
7326,40928,123272,4889,883,2023-03-14,1,Damaged Product,70912.74,Completed
7327,40932,123280,8017,38,2024-09-04,3,Size/Fit Issue,229564.86,Completed
7328,40943,123311,9639,283,2023-01-30,1,Quality Issue,68428.94,Completed
7329,40951,123331,8229,604,2024-10-21,1,Changed Mind,36921.48,Completed
7330,40954,123340,1236,634,2024-08-14,3,Wrong Product,117429.18,Completed
7331,40954,123341,1236,933,2024-08-14,1,Late Delivery,33858.42,Completed
7332,40958,123350,5573,990,2023-10-01,3,Changed Mind,48574.92,Completed
7333,40975,123398,4890,834,2025-02-04,1,Wrong Product,10608.23,Completed
7334,40976,123400,2448,190,2023-06-11,1,Changed Mind,31464.71,Completed
7335,40976,123402,2448,509,2023-06-11,1,Late Delivery,19248.16,Completed
7336,40981,123414,9667,458,2024-10-28,1,Wrong Product,35705.95,Completed
7337,40983,123417,9601,937,2024-10-03,1,Changed Mind,75287.48,Completed
7338,40984,123421,1116,541,2024-07-04,1,Changed Mind,38960.03,Completed
7339,40984,123425,1116,35,2024-07-04,3,Product Not as Expected,83863.89,Completed
7340,41004,123487,2406,723,2024-08-16,2,Wrong Product,35496.4,Completed
7341,41007,123495,3098,824,2023-09-18,1,Late Delivery,26487.37,Completed
7342,41012,123511,6890,202,2023-12-05,1,Quality Issue,32355.55,Completed
7343,41019,123532,4934,678,2024-04-08,3,Changed Mind,148161.96,Completed
7344,41019,123534,4934,535,2024-04-08,1,Wrong Product,41797.84,Completed
7345,41023,123541,9449,685,2023-02-16,1,Late Delivery,11278.33,Completed
7346,41025,123551,6807,934,2025-07-04,2,Late Delivery,27951.88,Completed
7347,41029,123564,2443,409,2023-06-13,1,Product Not as Expected,61954.7,Completed
7348,41033,123577,964,69,2024-04-20,3,Size/Fit Issue,98788.86,Completed
7349,41041,123597,1456,987,2025-10-11,1,Damaged Product,52051.56,Completed
7350,41049,123623,1257,244,2023-03-22,1,Damaged Product,28864.17,Completed
7351,41053,123631,4046,532,2024-10-17,1,Damaged Product,60027.29,Completed
7352,41069,123674,7016,526,2023-01-19,1,Wrong Product,9515.72,Completed
7353,41083,123722,6402,621,2024-11-01,1,Size/Fit Issue,9935.11,Completed
7354,41085,123728,5372,862,2025-03-02,1,Damaged Product,57732.85,Completed
7355,41085,123731,5372,74,2025-03-02,1,Quality Issue,25500.32,Completed
7356,41098,123774,745,526,2024-09-04,1,Quality Issue,9515.72,Completed
7357,41118,123832,785,49,2025-05-30,1,Product Not as Expected,52319.21,Completed
7358,41119,123835,1931,200,2025-07-07,1,Quality Issue,26990.4,Completed
7359,41135,123879,9583,891,2024-12-11,3,Damaged Product,95364.15,Completed
7360,41138,123888,1629,202,2024-09-24,1,Changed Mind,32355.55,Completed
7361,41140,123893,9630,385,2024-10-18,1,Wrong Product,51195.51,Completed
7362,41147,123911,3302,534,2025-09-26,2,Changed Mind,7925.3,Completed
7363,41150,123920,9858,572,2024-01-05,1,Damaged Product,16804.56,Completed
7364,41157,123938,3902,723,2025-04-13,1,Size/Fit Issue,17748.2,Completed
7365,41161,123946,1079,328,2024-12-06,1,Late Delivery,71127.26,Completed
7366,41165,123953,1807,591,2023-06-09,1,Late Delivery,23915.96,Completed
7367,41168,123963,9905,549,2025-11-04,1,Wrong Product,51380.02,Completed
7368,41187,124008,4494,996,2024-12-25,2,Late Delivery,86015.56,Completed
7369,41188,124014,2523,14,2023-01-24,2,Wrong Product,50372.34,Completed
7370,41194,124028,2237,962,2023-11-19,1,Size/Fit Issue,27001.15,Completed
7371,41197,124038,2289,299,2024-12-19,1,Late Delivery,40394.77,Completed
7372,41197,124040,2289,383,2024-12-19,1,Changed Mind,37571.74,Completed
7373,41206,124068,4598,802,2025-01-18,1,Wrong Product,14817.63,Completed
7374,41214,124081,9618,883,2024-02-13,1,Wrong Product,70912.74,Completed
7375,41219,124093,9615,109,2023-12-10,1,Quality Issue,18503.86,Completed
7376,41220,124097,9469,524,2024-09-19,1,Product Not as Expected,34964.18,Completed
7377,41220,124099,9469,620,2024-09-19,1,Size/Fit Issue,62278.71,Completed
7378,41226,124116,2153,762,2023-01-21,1,Late Delivery,4852.55,Completed
7379,41229,124126,9722,278,2024-09-19,1,Changed Mind,32103.08,Completed
7380,41233,124137,797,537,2023-08-01,1,Changed Mind,53194.66,Completed
7381,41240,124156,4507,733,2024-06-18,1,Quality Issue,2797.99,Completed
7382,41243,124163,2390,817,2023-09-30,1,Size/Fit Issue,57746.72,Completed
7383,41249,124180,6494,286,2023-02-27,1,Late Delivery,70118.16,Completed
7384,41254,124199,2304,209,2024-09-22,2,Changed Mind,86509.18,Completed
7385,41259,124209,471,773,2025-02-20,1,Wrong Product,10661.83,Completed
7386,41266,124221,2781,520,2024-04-29,1,Damaged Product,49223.86,Completed
7387,41279,124256,9673,188,2023-03-03,1,Size/Fit Issue,51035.63,Completed
7388,41283,124266,6280,728,2025-08-10,1,Late Delivery,72056.51,Completed
7389,41304,124316,5035,784,2024-11-04,1,Size/Fit Issue,66280.45,Completed
7390,41310,124341,2471,248,2023-06-06,1,Size/Fit Issue,1372.21,Completed
7391,41318,124356,3901,160,2024-06-14,1,Size/Fit Issue,59526.76,Completed
7392,41325,124370,5478,385,2023-09-01,1,Quality Issue,51195.51,Completed
7393,41325,124371,5478,494,2023-09-01,1,Size/Fit Issue,46086.19,Completed
7394,41325,124374,5478,798,2023-09-01,1,Damaged Product,52611.13,Completed
7395,41326,124375,3267,449,2023-01-27,1,Quality Issue,51653.16,Completed
7396,41342,124423,4180,456,2023-07-23,1,Wrong Product,39470.43,Completed
7397,41344,124427,259,227,2023-07-14,1,Size/Fit Issue,15855.11,Completed
7398,41345,124432,4966,603,2024-09-05,1,Wrong Product,3198.92,Completed
7399,41347,124439,2340,287,2023-01-06,2,Size/Fit Issue,6867.18,Completed
7400,41365,124491,9782,649,2025-07-17,1,Late Delivery,52465.73,Completed
7401,41371,124503,4071,219,2024-04-09,1,Wrong Product,53676.7,Completed
7402,41380,124527,2584,274,2023-03-14,1,Size/Fit Issue,45493.53,Completed
7403,41382,124533,4230,665,2025-08-16,1,Size/Fit Issue,10591.49,Completed
7404,41397,124578,1740,404,2025-04-23,2,Size/Fit Issue,10563.7,Completed
7405,41401,124595,7165,657,2023-04-07,1,Size/Fit Issue,35285.91,Completed
7406,41408,124611,4153,442,2023-02-03,4,Late Delivery,253857.6,Completed
7407,41409,124615,7370,13,2024-01-15,1,Late Delivery,701.82,Completed
7408,41420,124646,9652,563,2025-05-29,2,Changed Mind,79813.54,Completed
7409,41427,124665,55,366,2025-02-24,1,Quality Issue,16256.65,Completed
7410,41432,124676,5888,546,2024-09-26,2,Wrong Product,75073.86,Completed
7411,41433,124680,5396,641,2023-05-17,2,Size/Fit Issue,24831.68,Completed
7412,41434,124682,7637,69,2024-04-02,1,Damaged Product,32929.62,Completed
7413,41435,124690,4890,525,2023-11-16,1,Size/Fit Issue,64720.45,Completed
7414,41442,124711,5780,952,2023-07-04,1,Damaged Product,69658.09,Completed
7415,41444,124718,4601,534,2025-01-13,2,Product Not as Expected,7925.3,Completed
7416,41451,124738,9226,862,2025-04-16,2,Late Delivery,115465.7,Completed
7417,41454,124746,1678,641,2023-12-22,1,Product Not as Expected,12415.84,Completed
7418,41459,124759,5749,276,2023-06-17,1,Damaged Product,39861.23,Completed
7419,41468,124787,1072,257,2024-05-06,1,Quality Issue,53480.09,Completed
7420,41475,124810,8210,825,2023-09-02,2,Damaged Product,87961.28,Completed
7421,41482,124823,2385,773,2023-12-03,2,Changed Mind,21323.66,Completed
7422,41482,124824,2385,119,2023-12-03,1,Changed Mind,62460.8,Completed
7423,41482,124825,2385,63,2023-12-03,4,Changed Mind,78984.92,Completed
7424,41501,124879,76,716,2024-08-24,2,Product Not as Expected,75815.0,Completed
7425,41504,124890,3602,554,2024-01-06,1,Late Delivery,25698.87,Completed
7426,41506,124895,4651,994,2023-01-24,1,Product Not as Expected,55468.6,Completed
7427,41508,124904,8528,934,2025-10-15,1,Wrong Product,13975.94,Completed
7428,41520,124946,5902,966,2023-10-03,2,Damaged Product,90406.84,Completed
7429,41526,124963,3166,517,2024-12-20,1,Wrong Product,27837.58,Completed
7430,41527,124967,9206,410,2023-03-13,1,Product Not as Expected,18525.02,Completed
7431,41530,124977,6128,278,2023-04-26,1,Late Delivery,32103.08,Completed
7432,41531,124979,490,871,2024-10-12,1,Late Delivery,12164.93,Completed
7433,41543,125015,316,888,2023-03-09,1,Size/Fit Issue,28122.2,Completed
7434,41545,125021,9721,581,2023-12-07,1,Quality Issue,43359.64,Completed
7435,41550,125034,5036,75,2023-02-26,1,Damaged Product,9316.09,Completed
7436,41550,125036,5036,306,2023-02-26,1,Changed Mind,43852.88,Completed
7437,41556,125052,8768,382,2024-12-27,3,Product Not as Expected,191253.81,Completed
7438,41556,125055,8768,748,2024-12-27,1,Changed Mind,71129.37,Completed
7439,41562,125072,8928,717,2023-05-09,1,Changed Mind,79658.52,Completed
7440,41567,125088,8685,909,2025-12-28,1,Changed Mind,56420.47,Completed
7441,41571,125102,2016,251,2024-06-24,1,Late Delivery,27200.0,Completed
7442,41576,125120,1243,350,2023-12-29,3,Late Delivery,107102.19,Completed
7443,41577,125123,7301,439,2025-10-30,1,Damaged Product,45327.89,Completed
7444,41580,125131,8719,518,2025-12-22,1,Wrong Product,6573.06,Completed
7445,41583,125140,3625,975,2023-01-05,1,Product Not as Expected,52812.93,Completed
7446,41591,125162,9959,22,2024-07-03,3,Product Not as Expected,55131.84,Completed
7447,41601,125186,5960,509,2023-01-09,4,Product Not as Expected,76992.64,Completed
7448,41606,125200,5913,79,2023-05-10,1,Damaged Product,21745.39,Completed
7449,41630,125264,2389,1000,2023-01-03,1,Quality Issue,35293.76,Completed
7450,41630,125265,2389,953,2023-01-03,1,Damaged Product,12070.59,Completed
7451,41645,125313,9842,941,2024-02-11,1,Wrong Product,2586.27,Completed
7452,41652,125329,3003,833,2024-07-22,1,Late Delivery,49984.05,Completed
7453,41657,125342,8055,554,2023-03-12,1,Changed Mind,25698.87,Completed
7454,41664,125367,9716,441,2024-09-27,1,Wrong Product,7558.87,Completed
7455,41666,125373,8585,928,2025-12-13,1,Late Delivery,87525.69,Completed
7456,41670,125390,1983,819,2025-03-02,2,Damaged Product,92995.16,Completed
7457,41671,125398,7881,113,2024-07-21,1,Wrong Product,61014.62,Completed
7458,41675,125407,9742,461,2023-11-18,1,Quality Issue,57237.0,Completed
7459,41690,125452,2110,659,2023-10-05,1,Quality Issue,41906.8,Completed
7460,41695,125463,7515,160,2024-07-19,1,Damaged Product,59526.76,Completed
7461,41713,125514,1192,846,2024-08-24,1,Late Delivery,21886.79,Completed
7462,41717,125525,2588,898,2025-08-08,3,Product Not as Expected,94971.0,Completed
7463,41719,125531,1654,652,2023-12-25,1,Changed Mind,44850.32,Completed
7464,41720,125532,1168,394,2025-06-05,1,Late Delivery,42580.81,Completed
7465,41723,125543,6410,227,2025-05-31,2,Damaged Product,31710.22,Completed
7466,41723,125545,6410,502,2025-05-31,3,Wrong Product,149793.06,Completed
7467,41725,125548,307,468,2023-05-06,1,Product Not as Expected,31010.39,Completed
7468,41730,125565,5447,528,2023-11-15,2,Quality Issue,97373.26,Completed
7469,41746,125609,1068,838,2024-09-23,1,Product Not as Expected,67576.45,Completed
7470,41752,125627,2929,959,2025-04-28,1,Changed Mind,70639.35,Completed
7471,41756,125637,4373,812,2025-12-04,1,Changed Mind,27440.22,Completed
7472,41759,125649,5716,483,2023-06-04,3,Wrong Product,244335.18,Completed
7473,41761,125652,7740,106,2025-03-26,1,Quality Issue,46627.58,Completed
7474,41764,125658,1839,581,2023-03-14,2,Changed Mind,86719.28,Completed
7475,41768,125669,9856,197,2023-09-15,2,Size/Fit Issue,36354.38,Completed
7476,41773,125681,7613,227,2025-12-15,2,Quality Issue,31710.22,Completed
7477,41787,125727,5732,27,2025-06-09,1,Quality Issue,29873.78,Completed
7478,41788,125731,3966,429,2023-08-24,2,Product Not as Expected,26986.84,Completed
7479,41794,125753,39,778,2025-07-26,1,Product Not as Expected,84709.59,Completed
7480,41807,125797,6636,483,2024-07-29,1,Product Not as Expected,81445.06,Completed
7481,41811,125806,9277,204,2023-04-01,1,Quality Issue,56156.15,Completed
7482,41824,125839,6625,396,2023-03-16,1,Changed Mind,49585.04,Completed
7483,41840,125882,2438,528,2025-12-05,1,Quality Issue,48686.63,Completed
7484,41853,125919,7721,819,2025-03-31,1,Size/Fit Issue,46497.58,Completed
7485,41854,125925,2759,580,2024-04-07,3,Damaged Product,8310.75,Completed
7486,41855,125933,4332,451,2025-05-14,1,Changed Mind,17488.8,Completed
7487,41858,125941,407,923,2025-07-09,1,Damaged Product,3340.47,Completed
7488,41870,125976,8178,616,2024-07-22,1,Size/Fit Issue,61297.48,Completed
7489,41870,125979,8178,248,2024-07-22,1,Damaged Product,1372.21,Completed
7490,41877,125989,8620,984,2025-08-17,1,Changed Mind,37563.24,Completed
7491,41884,126011,1243,244,2023-10-12,3,Wrong Product,86592.51,Completed
7492,41903,126069,7791,984,2024-10-26,1,Quality Issue,37563.24,Completed
7493,41907,126079,723,901,2025-09-08,1,Product Not as Expected,49064.78,Completed
7494,41907,126081,723,442,2025-09-08,1,Wrong Product,63464.4,Completed
7495,41911,126092,7238,824,2025-02-05,1,Changed Mind,26487.37,Completed
7496,41914,126107,2257,842,2024-06-21,1,Late Delivery,9424.2,Completed
7497,41915,126111,2378,419,2023-05-01,2,Product Not as Expected,110094.68,Completed
7498,41919,126119,5840,968,2023-05-26,2,Changed Mind,167614.32,Completed
7499,41924,126131,4058,498,2023-03-18,2,Damaged Product,119170.78,Completed
7500,41931,126150,4846,678,2023-05-24,2,Product Not as Expected,98774.64,Completed
7501,41938,126172,359,237,2025-08-18,1,Quality Issue,17431.72,Completed
7502,41941,126177,5742,910,2025-02-11,1,Wrong Product,46134.06,Completed
7503,41954,126218,9225,869,2023-12-22,2,Damaged Product,55199.48,Completed
7504,41956,126226,8777,427,2023-08-09,1,Size/Fit Issue,43138.66,Completed
7505,41959,126234,5897,310,2025-01-16,2,Size/Fit Issue,112617.68,Completed
7506,41960,126240,6543,811,2025-03-21,1,Damaged Product,29935.48,Completed
7507,41963,126252,8737,716,2023-08-01,1,Product Not as Expected,37907.5,Completed
7508,41966,126262,8815,661,2023-06-12,2,Quality Issue,13602.34,Completed
7509,41967,126266,320,903,2023-01-03,1,Wrong Product,74769.84,Completed
7510,41970,126275,1751,551,2024-03-18,1,Late Delivery,40569.11,Completed
7511,41971,126278,2297,163,2025-05-03,1,Size/Fit Issue,20117.54,Completed
7512,41978,126302,3566,438,2023-04-12,1,Size/Fit Issue,62279.76,Completed
7513,41982,126316,2593,698,2024-03-06,1,Quality Issue,36376.6,Completed
7514,41993,126343,4011,64,2023-05-15,1,Late Delivery,12866.2,Completed
7515,41996,126350,7841,520,2025-06-10,2,Late Delivery,98447.72,Completed
7516,42000,126359,8504,40,2025-09-11,1,Damaged Product,25898.95,Completed
7517,42012,126390,132,981,2023-07-01,2,Product Not as Expected,96931.36,Completed
7518,42015,126401,5416,888,2023-05-10,1,Wrong Product,28122.2,Completed
7519,42021,126415,6864,607,2023-09-26,1,Product Not as Expected,4401.63,Completed
7520,42025,126427,2938,242,2025-11-02,1,Size/Fit Issue,14079.1,Completed
7521,42031,126443,3595,773,2024-12-06,1,Size/Fit Issue,10661.83,Completed
7522,42035,126457,8526,544,2023-10-14,2,Quality Issue,121033.08,Completed
7523,42037,126461,4827,833,2023-07-07,1,Damaged Product,49984.05,Completed
7524,42042,126475,4114,262,2023-05-19,1,Late Delivery,24152.91,Completed
7525,42043,126479,4960,942,2023-03-07,2,Damaged Product,35608.28,Completed
7526,42044,126485,4919,250,2025-07-05,1,Changed Mind,38589.27,Completed
7527,42055,126513,1031,193,2025-04-18,2,Product Not as Expected,175970.1,Completed
7528,42057,126519,4505,473,2023-04-06,1,Product Not as Expected,21534.86,Completed
7529,42065,126545,5044,818,2024-04-22,1,Changed Mind,2517.2,Completed
7530,42067,126552,2096,385,2025-07-23,1,Damaged Product,51195.51,Completed
7531,42070,126561,7538,868,2023-12-14,2,Changed Mind,61122.42,Completed
7532,42085,126606,5711,672,2025-12-17,1,Changed Mind,6215.74,Completed
7533,42085,126608,5711,610,2025-12-17,1,Changed Mind,49221.69,Completed
7534,42087,126615,7112,268,2023-08-31,1,Changed Mind,76721.52,Completed
7535,42092,126629,4046,507,2025-09-02,3,Product Not as Expected,181872.6,Completed
7536,42093,126630,5363,718,2023-07-02,1,Changed Mind,74041.38,Completed
7537,42104,126676,6826,319,2025-04-06,2,Wrong Product,2539.38,Completed
7538,42105,126678,7691,370,2024-12-03,1,Changed Mind,42652.44,Completed
7539,42106,126683,2892,116,2025-03-13,1,Quality Issue,84644.25,Completed
7540,42111,126695,3047,563,2024-09-17,1,Quality Issue,39906.77,Completed
7541,42120,126719,5092,303,2023-02-28,1,Quality Issue,30281.73,Completed
7542,42143,126789,305,783,2023-06-22,2,Size/Fit Issue,74473.56,Completed
7543,42144,126794,7179,535,2023-09-12,1,Size/Fit Issue,41797.84,Completed
7544,42145,126796,7465,496,2024-12-10,1,Product Not as Expected,3172.96,Completed
7545,42158,126837,4194,283,2023-08-13,1,Product Not as Expected,68428.94,Completed
7546,42161,126845,9676,186,2025-12-16,1,Quality Issue,63029.09,Completed
7547,42163,126853,248,991,2023-02-17,1,Quality Issue,16315.12,Completed
7548,42165,126859,1220,573,2024-04-11,1,Size/Fit Issue,17211.31,Completed
7549,42166,126863,2424,308,2023-03-29,2,Changed Mind,23596.52,Completed
7550,42174,126890,7101,811,2023-12-26,3,Changed Mind,89806.44,Completed
7551,42175,126894,2505,377,2025-06-12,1,Damaged Product,38654.29,Completed
7552,42181,126912,8371,385,2025-03-03,2,Damaged Product,102391.02,Completed
7553,42203,126978,1976,607,2023-07-12,2,Size/Fit Issue,8803.26,Completed
7554,42203,126980,1976,778,2023-07-12,1,Size/Fit Issue,84709.59,Completed
7555,42203,126982,1976,706,2023-07-12,2,Late Delivery,78246.38,Completed
7556,42211,127000,7498,370,2025-12-07,1,Changed Mind,42652.44,Completed
7557,42217,127014,8644,774,2024-10-11,1,Damaged Product,43979.66,Completed
7558,42218,127017,1547,232,2023-12-01,1,Wrong Product,5776.45,Completed
7559,42219,127020,3753,733,2024-09-18,1,Damaged Product,2797.99,Completed
7560,42221,127023,7172,877,2023-02-12,1,Quality Issue,30569.83,Completed
7561,42227,127045,5614,390,2024-05-07,1,Late Delivery,58992.99,Completed
7562,42245,127098,1262,187,2024-01-22,1,Size/Fit Issue,11139.84,Completed
7563,42246,127101,7225,936,2024-06-16,1,Late Delivery,23282.26,Completed
7564,42246,127104,7225,835,2024-06-16,1,Size/Fit Issue,33595.66,Completed
7565,42259,127139,8425,147,2023-07-26,1,Product Not as Expected,18186.11,Completed
7566,42266,127154,6515,777,2024-11-24,2,Late Delivery,71900.14,Completed
7567,42275,127183,61,635,2025-09-16,1,Changed Mind,61072.54,Completed
7568,42280,127195,9175,528,2024-01-13,1,Size/Fit Issue,48686.63,Completed
7569,42283,127205,797,121,2024-01-10,1,Wrong Product,23334.81,Completed
7570,42295,127235,4707,188,2024-02-26,1,Quality Issue,51035.63,Completed
7571,42295,127236,4707,799,2024-02-26,1,Product Not as Expected,8251.88,Completed
7572,42302,127262,6115,831,2025-03-28,2,Size/Fit Issue,144852.72,Completed
7573,42310,127286,1606,825,2023-12-16,2,Size/Fit Issue,87961.28,Completed
7574,42317,127310,5146,461,2023-01-08,2,Changed Mind,114474.0,Completed
7575,42323,127328,7701,936,2023-06-02,1,Damaged Product,23282.26,Completed
7576,42323,127329,7701,803,2023-06-02,2,Size/Fit Issue,82677.14,Completed
7577,42329,127348,1436,87,2024-02-08,1,Wrong Product,17689.24,Completed
7578,42331,127354,4871,472,2023-04-29,2,Product Not as Expected,36622.66,Completed
7579,42344,127384,9116,836,2023-05-04,1,Wrong Product,41004.0,Completed
7580,42348,127398,9617,808,2025-03-14,2,Damaged Product,29243.26,Completed
7581,42377,127492,1894,335,2025-05-20,1,Size/Fit Issue,53401.61,Completed
7582,42396,127547,6314,537,2025-12-19,3,Quality Issue,159583.98,Completed
7583,42406,127573,236,370,2024-11-30,1,Product Not as Expected,42652.44,Completed
7584,42415,127604,8751,628,2025-09-14,1,Size/Fit Issue,71460.85,Completed
7585,42416,127605,4741,871,2025-03-10,2,Changed Mind,24329.86,Completed
7586,42417,127608,8898,2,2025-07-13,4,Damaged Product,305579.72,Completed
7587,42418,127611,4820,229,2025-02-19,1,Changed Mind,63465.56,Completed
7588,42438,127682,7027,595,2023-03-04,1,Changed Mind,3346.77,Completed
7589,42441,127688,2515,806,2025-03-28,1,Product Not as Expected,56644.92,Completed
7590,42444,127694,1938,676,2025-04-15,1,Late Delivery,9536.35,Completed
7591,42452,127725,4358,973,2025-03-05,2,Size/Fit Issue,97769.8,Completed
7592,42454,127731,8305,370,2023-11-18,1,Wrong Product,42652.44,Completed
7593,42456,127735,7209,362,2024-02-14,1,Size/Fit Issue,32081.22,Completed
7594,42463,127761,1829,890,2023-03-16,3,Wrong Product,114960.12,Completed
7595,42490,127840,6657,501,2025-08-03,1,Quality Issue,7509.52,Completed
7596,42494,127854,4688,56,2025-11-24,1,Late Delivery,9324.88,Completed
7597,42497,127865,2595,918,2023-10-30,1,Changed Mind,12904.52,Completed
7598,42498,127867,8227,376,2025-01-01,1,Damaged Product,63521.81,Completed
7599,42498,127868,8227,14,2025-01-01,2,Product Not as Expected,50372.34,Completed
7600,42502,127883,696,303,2025-12-31,1,Damaged Product,30281.73,Completed
7601,42505,127895,1478,160,2025-02-16,1,Changed Mind,59526.76,Completed
7602,42511,127916,1409,14,2025-02-23,1,Size/Fit Issue,25186.17,Completed
7603,42513,127925,9097,776,2024-02-10,3,Wrong Product,78723.33,Completed
7604,42513,127926,9097,258,2024-02-10,1,Changed Mind,30912.25,Completed
7605,42514,127928,269,603,2025-05-17,3,Quality Issue,9596.76,Completed
7606,42534,127978,5327,943,2024-12-10,1,Product Not as Expected,81517.89,Completed
7607,42536,127985,7462,833,2023-04-09,2,Quality Issue,99968.1,Completed
7608,42545,128016,3060,313,2025-11-04,1,Product Not as Expected,14796.08,Completed
7609,42546,128019,6963,390,2025-01-05,1,Quality Issue,58992.99,Completed
7610,42546,128020,6963,558,2025-01-05,1,Size/Fit Issue,75889.41,Completed
7611,42552,128040,2667,747,2025-10-15,1,Product Not as Expected,29958.97,Completed
7612,42559,128057,6846,158,2024-06-01,2,Wrong Product,69086.08,Completed
7613,42568,128087,3644,746,2023-08-05,1,Size/Fit Issue,43489.71,Completed
7614,42572,128095,7332,77,2025-10-19,1,Wrong Product,55961.89,Completed
7615,42577,128115,4966,248,2023-09-16,1,Quality Issue,1372.21,Completed
7616,42578,128117,7441,38,2023-11-24,1,Product Not as Expected,76521.62,Completed
7617,42580,128122,9780,217,2024-12-03,1,Late Delivery,33435.22,Completed
7618,42590,128151,3205,5,2025-06-30,1,Late Delivery,25962.08,Completed
7619,42598,128177,7839,822,2025-08-02,1,Wrong Product,12880.11,Completed
7620,42599,128180,5385,577,2023-09-06,1,Product Not as Expected,28640.16,Completed
7621,42604,128199,5839,190,2025-01-06,1,Damaged Product,31464.71,Completed
7622,42606,128205,6350,724,2025-05-09,1,Quality Issue,32467.48,Completed
7623,42612,128231,9285,147,2023-08-17,3,Damaged Product,54558.33,Completed
7624,42614,128235,1445,541,2025-08-20,1,Damaged Product,38960.03,Completed
7625,42617,128242,5238,69,2023-11-19,1,Damaged Product,32929.62,Completed
7626,42623,128266,3964,783,2025-09-25,1,Size/Fit Issue,37236.78,Completed
7627,42625,128273,4613,798,2023-08-13,1,Size/Fit Issue,52611.13,Completed
7628,42636,128311,5515,566,2025-12-12,1,Wrong Product,53985.24,Completed
7629,42642,128331,6116,811,2024-03-04,1,Size/Fit Issue,29935.48,Completed
7630,42642,128332,6116,147,2024-03-04,1,Product Not as Expected,18186.11,Completed
7631,42647,128346,6667,458,2025-05-06,1,Quality Issue,35705.95,Completed
7632,42650,128353,5902,539,2025-03-03,1,Damaged Product,59193.59,Completed
7633,42654,128365,9328,541,2024-11-07,1,Quality Issue,38960.03,Completed
7634,42668,128405,5835,655,2023-10-12,1,Size/Fit Issue,43388.81,Completed
7635,42669,128407,2854,442,2025-12-12,2,Late Delivery,126928.8,Completed
7636,42672,128414,620,100,2024-03-21,1,Quality Issue,30150.66,Completed
7637,42673,128418,5396,51,2023-04-20,1,Product Not as Expected,6891.96,Completed
7638,42676,128424,4622,779,2025-09-01,2,Changed Mind,104001.32,Completed
7639,42684,128450,9086,990,2025-01-28,1,Size/Fit Issue,16191.64,Completed
7640,42687,128458,1741,918,2023-04-12,1,Product Not as Expected,12904.52,Completed
7641,42689,128466,803,762,2025-02-09,1,Late Delivery,4852.55,Completed
7642,42690,128468,5287,662,2024-02-20,1,Size/Fit Issue,43228.98,Completed
7643,42692,128472,5819,982,2023-05-15,1,Late Delivery,39666.28,Completed
7644,42702,128510,3313,294,2024-04-28,1,Late Delivery,41899.87,Completed
7645,42707,128521,1790,794,2025-01-08,1,Quality Issue,1021.46,Completed
7646,42708,128525,5844,176,2025-01-12,1,Late Delivery,4905.76,Completed
7647,42719,128551,6622,357,2025-11-06,1,Damaged Product,38950.15,Completed
7648,42725,128567,4799,791,2023-02-12,1,Quality Issue,64416.91,Completed
7649,42739,128615,724,920,2025-05-11,1,Changed Mind,34221.06,Completed
7650,42739,128616,724,35,2025-05-11,1,Quality Issue,27954.63,Completed
7651,42740,128619,1018,907,2025-10-27,1,Product Not as Expected,22748.66,Completed
7652,42746,128640,1023,577,2024-09-20,1,Late Delivery,28640.16,Completed
7653,42765,128685,6569,258,2024-07-28,1,Changed Mind,30912.25,Completed
7654,42773,128715,9389,603,2023-03-04,1,Late Delivery,3198.92,Completed
7655,42777,128729,3387,67,2025-11-01,1,Damaged Product,27469.03,Completed
7656,42778,128730,4057,479,2023-02-10,2,Product Not as Expected,2864.14,Completed
7657,42779,128737,8737,550,2024-04-05,1,Product Not as Expected,8198.61,Completed
7658,42781,128739,5026,658,2024-10-07,1,Wrong Product,17062.2,Completed
7659,42781,128740,5026,78,2024-10-07,1,Late Delivery,40031.47,Completed
7660,42795,128778,6404,174,2024-01-15,2,Late Delivery,55714.46,Completed
7661,42800,128789,1123,837,2025-11-05,1,Changed Mind,66968.24,Completed
7662,42811,128818,869,815,2023-04-20,1,Changed Mind,36440.07,Completed
7663,42812,128821,8795,928,2025-02-10,1,Size/Fit Issue,87525.69,Completed
7664,42814,128830,1541,14,2023-09-26,2,Quality Issue,50372.34,Completed
7665,42818,128843,4565,520,2024-06-23,1,Product Not as Expected,49223.86,Completed
7666,42820,128848,3566,577,2023-01-09,1,Wrong Product,28640.16,Completed
7667,42826,128864,6319,63,2023-11-26,2,Changed Mind,39492.46,Completed
7668,42829,128877,4703,813,2023-11-23,1,Late Delivery,22845.95,Completed
7669,42834,128896,1955,314,2023-06-07,2,Wrong Product,37327.68,Completed
7670,42838,128906,8447,916,2024-03-11,1,Wrong Product,48367.88,Completed
7671,42838,128907,8447,665,2024-03-11,1,Late Delivery,10591.49,Completed
7672,42840,128913,6323,716,2025-04-07,1,Product Not as Expected,37907.5,Completed
7673,42848,128929,4887,542,2025-11-04,1,Damaged Product,71946.34,Completed
7674,42849,128932,9175,350,2025-09-01,1,Wrong Product,35700.73,Completed
7675,42851,128935,1186,239,2025-08-07,1,Damaged Product,2561.84,Completed
7676,42856,128953,6388,728,2023-05-08,1,Size/Fit Issue,72056.51,Completed
7677,42862,128970,3805,662,2023-09-02,1,Damaged Product,43228.98,Completed
7678,42867,128984,5512,505,2025-12-29,1,Product Not as Expected,19424.05,Completed
7679,42870,128992,7823,836,2024-12-12,1,Changed Mind,41004.0,Completed
7680,42872,128997,766,982,2025-10-13,1,Product Not as Expected,39666.28,Completed
7681,42872,128999,766,27,2025-10-13,1,Quality Issue,29873.78,Completed
7682,42876,129013,3121,903,2025-12-21,1,Size/Fit Issue,74769.84,Completed
7683,42878,129016,2280,888,2024-08-04,1,Late Delivery,28122.2,Completed
7684,42878,129017,2280,671,2024-08-04,3,Quality Issue,195408.84,Completed
7685,42879,129021,7974,508,2025-10-05,1,Changed Mind,66003.7,Completed
7686,42889,129046,3841,905,2023-07-11,1,Wrong Product,34121.05,Completed
7687,42899,129073,1727,998,2025-11-17,1,Damaged Product,15593.9,Completed
7688,42905,129089,7704,591,2023-12-16,1,Wrong Product,23915.96,Completed
7689,42906,129092,2045,426,2025-12-28,1,Changed Mind,13381.73,Completed
7690,42908,129098,4681,684,2025-06-23,2,Wrong Product,49622.76,Completed
7691,42913,129110,6895,802,2023-06-24,1,Changed Mind,14817.63,Completed
7692,42918,129128,2733,918,2025-09-27,1,Wrong Product,12904.52,Completed
7693,42918,129130,2733,566,2025-09-27,1,Late Delivery,53985.24,Completed
7694,42923,129146,7575,886,2025-07-23,1,Quality Issue,49335.18,Completed
7695,42926,129158,8809,627,2023-09-21,2,Wrong Product,77425.1,Completed
7696,42927,129160,9645,581,2024-05-02,1,Damaged Product,43359.64,Completed
7697,42928,129161,6132,544,2025-02-17,1,Wrong Product,60516.54,Completed
7698,42938,129194,7427,184,2023-11-26,2,Late Delivery,60017.04,Completed
7699,42949,129222,5854,395,2023-07-06,1,Product Not as Expected,32399.17,Completed
7700,42950,129225,6308,981,2025-08-14,1,Size/Fit Issue,48465.68,Completed
7701,42950,129226,6308,202,2025-08-14,1,Changed Mind,32355.55,Completed
7702,42953,129237,2857,418,2023-03-13,1,Changed Mind,6259.15,Completed
7703,42957,129253,6246,844,2024-06-01,1,Damaged Product,31509.16,Completed
7704,42960,129266,1380,462,2025-12-22,2,Quality Issue,85216.9,Completed
7705,42961,129267,2110,239,2023-06-22,1,Changed Mind,2561.84,Completed
7706,42968,129281,5724,977,2023-09-20,1,Damaged Product,24474.24,Completed
7707,42969,129285,9135,121,2023-08-22,1,Late Delivery,23334.81,Completed
7708,42976,129307,8724,78,2025-06-24,1,Late Delivery,40031.47,Completed
7709,42977,129310,445,5,2024-04-30,1,Damaged Product,25962.08,Completed
7710,42988,129343,590,442,2024-02-29,1,Changed Mind,63464.4,Completed
7711,42989,129347,2321,517,2023-05-04,1,Changed Mind,27837.58,Completed
7712,42993,129360,5189,523,2023-07-31,1,Damaged Product,19573.08,Completed
7713,42994,129367,984,468,2023-06-28,1,Size/Fit Issue,31010.39,Completed
7714,43000,129382,403,390,2024-09-28,1,Damaged Product,58992.99,Completed
7715,43006,129401,2308,757,2024-08-17,1,Product Not as Expected,24510.12,Completed
7716,43009,129418,7035,177,2024-09-03,1,Size/Fit Issue,55232.52,Completed
7717,43011,129420,3015,680,2024-11-19,1,Changed Mind,66428.17,Completed
7718,43017,129432,3039,180,2023-03-04,1,Quality Issue,20525.8,Completed
7719,43018,129439,9478,887,2023-11-03,1,Wrong Product,31901.21,Completed
7720,43025,129459,3607,231,2023-10-12,1,Quality Issue,21715.73,Completed
7721,43033,129488,9568,74,2024-11-06,1,Late Delivery,25500.32,Completed
7722,43034,129490,2984,728,2025-12-22,1,Size/Fit Issue,72056.51,Completed
7723,43045,129517,6983,344,2024-11-22,2,Product Not as Expected,8164.02,Completed
7724,43052,129537,8208,933,2025-07-26,1,Damaged Product,33858.42,Completed
7725,43058,129555,2178,127,2025-02-09,2,Wrong Product,45921.42,Completed
7726,43076,129608,7337,391,2025-08-06,1,Product Not as Expected,15629.89,Completed
7727,43078,129615,1765,684,2025-02-03,1,Size/Fit Issue,24811.38,Completed
7728,43081,129623,3673,591,2023-01-24,1,Wrong Product,23915.96,Completed
7729,43084,129636,1127,385,2024-08-04,1,Size/Fit Issue,51195.51,Completed
7730,43094,129658,402,600,2024-06-16,3,Damaged Product,31693.56,Completed
7731,43095,129663,4268,576,2025-05-17,1,Quality Issue,62418.64,Completed
7732,43096,129668,2914,806,2025-06-10,1,Damaged Product,56644.92,Completed
7733,43105,129694,7836,788,2025-10-19,1,Wrong Product,33404.53,Completed
7734,43117,129739,5802,490,2023-07-03,1,Damaged Product,17741.71,Completed
7735,43117,129740,5802,694,2023-07-03,1,Damaged Product,75656.77,Completed
7736,43117,129741,5802,50,2023-07-03,1,Quality Issue,31672.75,Completed
7737,43129,129772,2115,676,2024-10-30,1,Wrong Product,9536.35,Completed
7738,43142,129804,7616,28,2023-10-25,1,Changed Mind,16204.3,Completed
7739,43150,129827,8295,824,2025-01-16,2,Late Delivery,52974.74,Completed
7740,43180,129907,5864,737,2024-04-29,2,Product Not as Expected,132903.74,Completed
7741,43190,129936,9090,74,2024-09-09,1,Late Delivery,25500.32,Completed
7742,43193,129945,9123,875,2025-05-28,2,Size/Fit Issue,84808.62,Completed
7743,43195,129947,2246,604,2023-03-29,1,Size/Fit Issue,36921.48,Completed
7744,43195,129949,2246,716,2023-03-29,1,Late Delivery,37907.5,Completed
7745,43196,129953,884,914,2023-09-15,1,Damaged Product,22155.25,Completed
7746,43210,130001,8284,798,2024-02-25,1,Size/Fit Issue,52611.13,Completed
7747,43214,130008,6548,566,2025-06-24,1,Changed Mind,53985.24,Completed
7748,43218,130017,3431,384,2025-02-12,1,Damaged Product,63602.85,Completed
7749,43219,130021,5618,445,2023-11-11,1,Wrong Product,56192.08,Completed
7750,43222,130030,8504,190,2025-07-06,1,Wrong Product,31464.71,Completed
7751,43240,130096,2715,247,2025-07-31,1,Damaged Product,54589.55,Completed
7752,43243,130102,1964,506,2024-11-08,1,Product Not as Expected,48220.73,Completed
7753,43244,130103,5203,871,2023-11-29,2,Changed Mind,24329.86,Completed
7754,43246,130115,5078,766,2024-04-09,1,Size/Fit Issue,48070.39,Completed
7755,43249,130122,9326,541,2023-04-10,1,Late Delivery,38960.03,Completed
7756,43251,130128,4082,35,2024-06-07,1,Wrong Product,27954.63,Completed
7757,43254,130137,7178,518,2023-07-11,2,Quality Issue,13146.12,Completed
7758,43256,130144,1401,177,2023-05-02,2,Wrong Product,110465.04,Completed
7759,43256,130145,1401,270,2023-05-02,3,Quality Issue,20491.29,Completed
7760,43280,130214,8194,106,2024-05-03,1,Size/Fit Issue,46627.58,Completed
7761,43282,130221,115,956,2024-02-29,2,Changed Mind,78652.28,Completed
7762,43284,130228,9292,274,2025-03-17,1,Changed Mind,45493.53,Completed
7763,43292,130252,1170,479,2025-02-24,1,Late Delivery,1432.07,Completed
7764,43308,130305,7822,888,2023-07-27,2,Size/Fit Issue,56244.4,Completed
7765,43320,130337,889,404,2024-08-26,1,Late Delivery,5281.85,Completed
7766,43321,130345,9144,827,2025-07-02,1,Changed Mind,29873.51,Completed
7767,43323,130352,1473,107,2023-12-24,1,Size/Fit Issue,63426.1,Completed
7768,43324,130357,8685,216,2024-09-14,1,Size/Fit Issue,2917.11,Completed
7769,43326,130363,8893,395,2023-02-07,1,Quality Issue,32399.17,Completed
7770,43332,130383,5839,390,2023-07-27,1,Product Not as Expected,58992.99,Completed
7771,43332,130387,5839,990,2023-07-27,2,Damaged Product,32383.28,Completed
7772,43347,130425,7643,815,2023-02-22,1,Size/Fit Issue,36440.07,Completed
7773,43353,130444,6147,54,2023-07-10,1,Wrong Product,83257.08,Completed
7774,43364,130478,4193,410,2025-05-26,1,Damaged Product,18525.02,Completed
7775,43365,130479,3268,924,2025-09-01,1,Size/Fit Issue,35999.57,Completed
7776,43366,130483,2028,369,2025-07-03,2,Late Delivery,5642.54,Completed
7777,43369,130494,9042,462,2025-02-07,3,Wrong Product,127825.35,Completed
7778,43371,130502,9892,190,2023-11-07,1,Wrong Product,31464.71,Completed
7779,43377,130521,8609,442,2025-04-13,2,Wrong Product,126928.8,Completed
7780,43379,130529,971,962,2024-02-16,1,Damaged Product,27001.15,Completed
7781,43380,130530,7218,518,2023-04-03,2,Wrong Product,13146.12,Completed
7782,43381,130536,9617,934,2025-02-15,1,Product Not as Expected,13975.94,Completed
7783,43385,130545,7318,589,2024-08-25,4,Late Delivery,241844.56,Completed
7784,43403,130602,5197,492,2024-08-21,2,Wrong Product,47183.8,Completed
7785,43406,130611,1904,554,2024-07-27,1,Size/Fit Issue,25698.87,Completed
7786,43407,130615,4154,728,2024-01-18,1,Product Not as Expected,72056.51,Completed
7787,43408,130619,164,201,2023-11-12,1,Quality Issue,26322.63,Completed
7788,43408,130620,164,593,2023-11-12,1,Damaged Product,78324.42,Completed
7789,43416,130647,2301,526,2024-12-13,1,Quality Issue,9515.72,Completed
7790,43419,130657,3024,102,2024-12-27,1,Wrong Product,41669.88,Completed
7791,43424,130671,1055,760,2025-08-11,1,Late Delivery,14723.11,Completed
7792,43435,130698,7294,453,2023-11-14,3,Late Delivery,49096.02,Completed
7793,43453,130745,7127,97,2024-01-15,5,Product Not as Expected,34499.9,Completed
7794,43462,130773,4933,945,2024-12-17,1,Wrong Product,51605.76,Completed
7795,43472,130806,4896,173,2024-07-10,3,Product Not as Expected,249309.09,Completed
7796,43472,130808,4896,915,2024-07-10,1,Quality Issue,30636.05,Completed
7797,43475,130814,2573,552,2023-07-18,1,Wrong Product,36436.81,Completed
7798,43480,130829,3577,376,2023-06-24,1,Late Delivery,63521.81,Completed
7799,43482,130834,8325,501,2025-02-20,1,Product Not as Expected,7509.52,Completed
7800,43486,130846,2762,239,2024-05-30,1,Quality Issue,2561.84,Completed
7801,43489,130859,8729,68,2023-11-05,1,Changed Mind,60685.6,Completed
7802,43492,130869,1768,63,2024-10-31,1,Changed Mind,19746.23,Completed
7803,43495,130879,6237,964,2025-04-27,2,Late Delivery,76124.52,Completed
7804,43499,130894,7650,641,2025-12-26,2,Quality Issue,24831.68,Completed
7805,43499,130896,7650,283,2025-12-26,1,Wrong Product,68428.94,Completed
7806,43500,130898,1938,680,2023-02-27,1,Damaged Product,66428.17,Completed
7807,43502,130907,5198,629,2025-02-21,1,Product Not as Expected,20816.5,Completed
7808,43512,130934,8394,49,2023-08-05,3,Quality Issue,156957.63,Completed
7809,43515,130946,9544,226,2025-09-08,1,Damaged Product,3033.14,Completed
7810,43519,130955,5549,350,2025-01-31,3,Changed Mind,107102.19,Completed
7811,43519,130957,5549,841,2025-01-31,1,Damaged Product,64497.16,Completed
7812,43523,130966,53,270,2023-11-10,1,Size/Fit Issue,6830.43,Completed
7813,43544,131016,7363,280,2023-07-21,1,Size/Fit Issue,18409.59,Completed
7814,43547,131024,6241,449,2023-10-03,2,Wrong Product,103306.32,Completed
7815,43548,131028,7369,157,2023-12-28,1,Late Delivery,13213.71,Completed
7816,43552,131043,5332,909,2024-03-03,1,Late Delivery,56420.47,Completed
7817,43553,131047,9082,732,2024-09-14,2,Product Not as Expected,122306.94,Completed
7818,43554,131049,4186,545,2025-01-03,2,Quality Issue,12212.34,Completed
7819,43562,131070,9668,923,2024-10-16,3,Size/Fit Issue,10021.41,Completed
7820,43563,131071,298,380,2023-06-11,2,Product Not as Expected,38187.94,Completed
7821,43566,131081,6915,302,2023-10-04,2,Quality Issue,25164.6,Completed
7822,43573,131099,3157,587,2023-09-14,1,Wrong Product,38685.73,Completed
7823,43576,131107,9771,74,2025-06-19,1,Size/Fit Issue,25500.32,Completed
7824,43577,131110,8399,688,2024-06-28,1,Product Not as Expected,57528.79,Completed
7825,43587,131132,1603,456,2025-10-12,3,Wrong Product,118411.29,Completed
7826,43588,131137,6578,453,2024-12-01,1,Damaged Product,16365.34,Completed
7827,43591,131146,5011,591,2024-07-08,2,Wrong Product,47831.92,Completed
7828,43595,131164,4632,649,2024-02-02,1,Late Delivery,52465.73,Completed
7829,43595,131166,4632,915,2024-02-02,1,Quality Issue,30636.05,Completed
7830,43598,131170,9379,918,2023-08-19,1,Wrong Product,12904.52,Completed
7831,43604,131191,6407,434,2024-06-04,4,Size/Fit Issue,37835.84,Completed
7832,43607,131195,608,156,2025-10-08,1,Late Delivery,25532.83,Completed
7833,43629,131257,918,818,2024-10-13,1,Late Delivery,2517.2,Completed
7834,43630,131261,5111,88,2024-02-25,1,Changed Mind,47049.95,Completed
7835,43631,131265,9824,878,2023-08-16,1,Changed Mind,81467.72,Completed
7836,43637,131282,9515,993,2025-06-26,1,Damaged Product,55124.43,Completed
7837,43650,131326,8837,304,2024-07-15,3,Size/Fit Issue,167990.58,Completed
7838,43655,131342,856,900,2023-05-18,1,Quality Issue,10764.09,Completed
7839,43670,131387,9795,212,2023-01-16,1,Wrong Product,14959.55,Completed
7840,43673,131399,8331,446,2023-03-13,4,Wrong Product,142699.32,Completed
7841,43675,131402,1386,403,2023-02-06,1,Quality Issue,13616.52,Completed
7842,43677,131411,9105,647,2023-10-13,1,Size/Fit Issue,9473.74,Completed
7843,43682,131425,7485,982,2024-03-19,1,Late Delivery,39666.28,Completed
7844,43683,131430,5008,878,2025-12-14,1,Changed Mind,81467.72,Completed
7845,43683,131432,5008,19,2025-12-14,2,Wrong Product,104180.38,Completed
7846,43692,131455,9505,78,2023-07-22,1,Changed Mind,40031.47,Completed
7847,43692,131456,9505,988,2023-07-22,1,Damaged Product,39079.27,Completed
7848,43704,131487,198,526,2025-08-05,1,Quality Issue,9515.72,Completed
7849,43722,131549,885,643,2023-12-12,1,Changed Mind,15747.23,Completed
7850,43724,131556,7442,166,2023-09-22,1,Quality Issue,33798.55,Completed
7851,43733,131581,3872,846,2024-02-01,1,Size/Fit Issue,21886.79,Completed
7852,43734,131585,5817,847,2025-05-20,1,Product Not as Expected,86269.16,Completed
7853,43737,131596,924,836,2023-04-30,3,Product Not as Expected,123012.0,Completed
7854,43740,131605,8547,19,2025-12-11,1,Wrong Product,52090.19,Completed
7855,43763,131672,7643,966,2024-06-29,2,Wrong Product,90406.84,Completed
7856,43766,131681,7669,274,2023-10-19,1,Quality Issue,45493.53,Completed
7857,43768,131687,1781,909,2023-10-05,1,Late Delivery,56420.47,Completed
7858,43774,131701,4599,227,2025-05-21,2,Damaged Product,31710.22,Completed
7859,43784,131730,8746,154,2025-08-06,1,Wrong Product,8484.39,Completed
7860,43786,131735,2823,138,2024-05-20,1,Wrong Product,30140.42,Completed
7861,43793,131750,7077,996,2023-01-02,2,Quality Issue,86015.56,Completed
7862,43816,131812,6462,62,2025-09-01,1,Late Delivery,64455.04,Completed
7863,43833,131861,4599,712,2024-09-17,2,Changed Mind,14077.4,Completed
7864,43834,131863,7434,799,2023-10-21,1,Damaged Product,8251.88,Completed
7865,43838,131872,1307,742,2025-10-12,1,Quality Issue,47022.51,Completed
7866,43842,131885,4903,144,2025-12-30,1,Changed Mind,40469.54,Completed
7867,43846,131903,4983,10,2025-11-12,1,Late Delivery,2841.22,Completed
7868,43854,131930,826,689,2023-02-09,1,Size/Fit Issue,25507.31,Completed
7869,43863,131965,1100,185,2024-01-23,1,Late Delivery,48632.58,Completed
7870,43869,131984,8957,869,2024-10-11,1,Size/Fit Issue,27599.74,Completed
7871,43885,132025,9884,467,2024-05-23,1,Quality Issue,57617.62,Completed
7872,43894,132050,425,641,2023-07-05,2,Quality Issue,24831.68,Completed
7873,43899,132063,3358,907,2025-08-22,2,Wrong Product,45497.32,Completed
7874,43902,132068,305,660,2024-09-18,1,Size/Fit Issue,24698.97,Completed
7875,43902,132069,305,678,2024-09-18,3,Size/Fit Issue,148161.96,Completed
7876,43904,132072,7419,133,2025-11-15,1,Product Not as Expected,12468.39,Completed
7877,43910,132094,2629,381,2025-04-23,1,Damaged Product,8616.27,Completed
7878,43911,132097,9559,86,2024-04-12,1,Product Not as Expected,55528.31,Completed
7879,43926,132138,7888,325,2023-11-30,1,Quality Issue,13778.84,Completed
7880,43927,132144,1981,148,2025-06-04,1,Product Not as Expected,66194.71,Completed
7881,43931,132156,5083,529,2024-09-13,1,Late Delivery,8667.74,Completed
7882,43934,132170,1410,537,2025-03-09,1,Product Not as Expected,53194.66,Completed
7883,43936,132175,47,89,2025-02-28,1,Size/Fit Issue,61030.45,Completed
7884,43945,132199,5638,688,2025-05-24,4,Changed Mind,230115.16,Completed
7885,43950,132218,4508,14,2024-07-06,2,Wrong Product,50372.34,Completed
7886,43950,132219,4508,669,2024-07-06,1,Wrong Product,52366.39,Completed
7887,43957,132238,1744,76,2025-05-28,1,Size/Fit Issue,24691.22,Completed
7888,43959,132246,1982,603,2024-03-19,1,Late Delivery,3198.92,Completed
7889,43959,132247,1982,314,2024-03-19,1,Wrong Product,18663.84,Completed
7890,43962,132254,5967,302,2025-05-14,3,Changed Mind,37746.9,Completed
7891,43965,132264,1682,396,2023-09-19,2,Quality Issue,99170.08,Completed
7892,43968,132273,848,559,2024-04-22,2,Size/Fit Issue,92643.6,Completed
7893,43972,132289,1872,86,2024-03-21,3,Changed Mind,166584.93,Completed
7894,43979,132308,1015,409,2025-07-15,1,Damaged Product,61954.7,Completed
7895,43981,132310,9367,812,2025-09-14,2,Size/Fit Issue,54880.44,Completed
7896,43990,132332,6453,609,2025-03-21,1,Late Delivery,2458.31,Completed
7897,43992,132341,9271,138,2024-05-18,1,Changed Mind,30140.42,Completed
7898,43997,132357,2749,558,2023-10-18,1,Damaged Product,75889.41,Completed
7899,43998,132361,6487,783,2025-02-19,1,Size/Fit Issue,37236.78,Completed
7900,44007,132389,7040,203,2023-03-23,2,Product Not as Expected,41250.06,Completed
7901,44013,132400,8474,64,2023-07-11,1,Late Delivery,12866.2,Completed
7902,44016,132410,7201,573,2023-09-30,1,Damaged Product,17211.31,Completed
7903,44028,132450,372,996,2025-09-25,2,Size/Fit Issue,86015.56,Completed
7904,44031,132462,9187,819,2023-09-03,1,Damaged Product,46497.58,Completed
7905,44045,132502,9152,572,2025-09-09,1,Changed Mind,16804.56,Completed
7906,44045,132504,9152,927,2025-09-09,1,Size/Fit Issue,3086.03,Completed
7907,44054,132529,5863,923,2024-10-24,1,Wrong Product,3340.47,Completed
7908,44059,132543,7987,345,2023-09-11,1,Damaged Product,34708.25,Completed
7909,44064,132559,134,813,2023-02-20,1,Wrong Product,22845.95,Completed
7910,44088,132633,5980,934,2025-01-01,1,Changed Mind,13975.94,Completed
7911,44088,132634,5980,62,2025-01-01,1,Product Not as Expected,64455.04,Completed
7912,44090,132639,7818,509,2024-11-24,2,Quality Issue,38496.32,Completed
7913,44092,132645,9827,154,2023-10-06,1,Size/Fit Issue,8484.39,Completed
7914,44098,132658,5513,883,2024-11-30,2,Product Not as Expected,141825.48,Completed
7915,44105,132673,1932,498,2025-04-12,1,Changed Mind,59585.39,Completed
7916,44107,132681,478,462,2024-04-08,1,Changed Mind,42608.45,Completed
7917,44107,132682,478,76,2024-04-08,1,Size/Fit Issue,24691.22,Completed
7918,44112,132696,803,344,2023-07-01,1,Damaged Product,4082.01,Completed
7919,44120,132714,509,135,2024-05-23,2,Damaged Product,108892.86,Completed
7920,44121,132715,1793,895,2025-10-05,1,Late Delivery,50367.0,Completed
7921,44129,132743,8055,293,2024-02-01,2,Late Delivery,28027.22,Completed
7922,44138,132774,317,369,2025-11-16,1,Product Not as Expected,2821.27,Completed
7923,44146,132800,9047,388,2024-01-22,1,Product Not as Expected,31725.59,Completed
7924,44148,132804,5742,202,2025-03-16,1,Changed Mind,32355.55,Completed
7925,44157,132827,9622,399,2024-09-29,1,Changed Mind,37387.51,Completed
7926,44165,132855,6126,862,2023-08-09,1,Wrong Product,57732.85,Completed
7927,44169,132861,9822,147,2024-11-16,1,Quality Issue,18186.11,Completed
7928,44176,132884,3423,271,2025-12-12,1,Wrong Product,28391.33,Completed
7929,44183,132909,5733,115,2023-05-13,1,Wrong Product,15951.35,Completed
7930,44186,132915,1836,517,2024-09-14,3,Wrong Product,83512.74,Completed
7931,44186,132916,1836,152,2024-09-14,1,Late Delivery,86230.84,Completed
7932,44189,132925,8919,438,2024-02-21,1,Size/Fit Issue,62279.76,Completed
7933,44209,132985,638,879,2024-04-29,1,Product Not as Expected,2467.19,Completed
7934,44219,133019,7756,525,2023-04-09,1,Wrong Product,64720.45,Completed
7935,44224,133031,6910,895,2023-01-17,1,Product Not as Expected,50367.0,Completed
7936,44225,133036,9764,122,2025-02-24,1,Product Not as Expected,61466.27,Completed
7937,44235,133072,4671,160,2024-03-19,1,Product Not as Expected,59526.76,Completed
7938,44242,133095,595,555,2025-08-07,2,Quality Issue,79179.38,Completed
7939,44246,133108,9968,592,2025-12-11,3,Late Delivery,24621.69,Completed
7940,44249,133116,8159,794,2023-06-13,1,Size/Fit Issue,1021.46,Completed
7941,44257,133135,9355,208,2024-08-25,1,Damaged Product,53391.84,Completed
7942,44264,133151,2028,211,2025-05-21,1,Size/Fit Issue,7779.82,Completed
7943,44265,133154,7366,470,2024-07-17,3,Late Delivery,108151.83,Completed
7944,44272,133173,8786,468,2024-05-18,1,Quality Issue,31010.39,Completed
7945,44289,133225,5072,649,2025-08-28,1,Wrong Product,52465.73,Completed
7946,44302,133258,6223,351,2024-06-21,2,Size/Fit Issue,84401.92,Completed
7947,44310,133280,1059,201,2024-03-08,1,Late Delivery,26322.63,Completed
7948,44316,133295,1156,385,2023-05-15,2,Size/Fit Issue,102391.02,Completed
7949,44319,133304,5249,789,2024-09-05,2,Wrong Product,27183.56,Completed
7950,44335,133347,2411,727,2025-09-09,1,Damaged Product,45186.84,Completed
7951,44336,133351,7569,806,2023-03-17,2,Wrong Product,113289.84,Completed
7952,44336,133353,7569,444,2023-03-17,2,Quality Issue,24046.02,Completed
7953,44342,133378,9137,578,2025-10-24,1,Changed Mind,39704.69,Completed
7954,44342,133380,9137,179,2025-10-24,1,Quality Issue,61354.94,Completed
7955,44343,133382,6411,988,2023-07-19,1,Wrong Product,39079.27,Completed
7956,44346,133395,4080,568,2025-06-23,1,Changed Mind,56955.44,Completed
7957,44380,133494,1737,14,2024-03-23,1,Damaged Product,25186.17,Completed
7958,44397,133538,9304,933,2024-06-30,1,Changed Mind,33858.42,Completed
7959,44410,133582,9567,930,2024-05-03,1,Damaged Product,39320.83,Completed
7960,44418,133608,5646,260,2024-03-10,1,Product Not as Expected,2939.69,Completed
7961,44426,133634,1695,314,2024-01-01,1,Wrong Product,18663.84,Completed
7962,44429,133642,3927,540,2023-03-16,5,Size/Fit Issue,154190.95,Completed
7963,44431,133649,1080,950,2024-09-09,1,Late Delivery,4878.32,Completed
7964,44431,133650,1080,10,2024-09-09,1,Damaged Product,2841.22,Completed
7965,44436,133662,9600,988,2023-08-28,1,Wrong Product,39079.27,Completed
7966,44450,133702,2381,462,2024-02-19,1,Late Delivery,42608.45,Completed
7967,44453,133714,9129,227,2025-05-30,3,Product Not as Expected,47565.33,Completed
7968,44471,133765,6981,9,2023-10-25,1,Product Not as Expected,61804.18,Completed
7969,44475,133774,429,78,2025-02-16,2,Quality Issue,80062.94,Completed
7970,44477,133782,7789,351,2023-08-13,2,Changed Mind,84401.92,Completed
7971,44494,133836,7826,379,2023-11-08,1,Damaged Product,23839.94,Completed
7972,44498,133843,7509,862,2025-01-17,1,Late Delivery,57732.85,Completed
7973,44499,133845,4622,216,2024-05-03,1,Quality Issue,2917.11,Completed
7974,44502,133854,5612,40,2025-09-29,3,Wrong Product,77696.85,Completed
7975,44503,133858,8369,438,2024-06-15,1,Wrong Product,62279.76,Completed
7976,44503,133859,8369,996,2024-06-15,1,Changed Mind,43007.78,Completed
7977,44505,133862,5373,124,2024-09-07,2,Wrong Product,64506.2,Completed
7978,44507,133865,2334,869,2024-09-21,1,Changed Mind,27599.74,Completed
7979,44530,133932,964,650,2023-05-18,1,Wrong Product,42833.78,Completed
7980,44531,133936,2275,564,2023-08-22,3,Size/Fit Issue,227103.54,Completed
7981,44531,133937,2275,589,2023-08-22,1,Size/Fit Issue,60461.14,Completed
7982,44533,133940,3390,468,2025-10-02,1,Damaged Product,31010.39,Completed
7983,44533,133942,3390,69,2025-10-02,1,Product Not as Expected,32929.62,Completed
7984,44554,134002,7924,708,2025-09-14,1,Damaged Product,27271.15,Completed
7985,44558,134016,807,307,2024-05-24,1,Changed Mind,59012.04,Completed
7986,44561,134029,5652,150,2023-01-07,1,Size/Fit Issue,22962.33,Completed
7987,44571,134063,9450,154,2024-12-24,1,Wrong Product,8484.39,Completed
7988,44581,134087,1786,53,2025-11-05,1,Damaged Product,69627.87,Completed
7989,44585,134098,9892,651,2023-11-30,1,Quality Issue,58787.12,Completed
7990,44590,134111,5485,815,2025-11-19,1,Late Delivery,36440.07,Completed
7991,44593,134127,8436,223,2025-08-23,1,Quality Issue,8494.22,Completed
7992,44599,134143,8507,800,2023-04-02,1,Product Not as Expected,11619.45,Completed
7993,44616,134184,2916,638,2024-03-05,3,Changed Mind,146508.33,Completed
7994,44636,134250,8372,126,2024-08-19,1,Quality Issue,60903.13,Completed
7995,44636,134251,8372,928,2024-08-19,1,Quality Issue,87525.69,Completed
7996,44650,134290,4558,933,2024-09-22,1,Quality Issue,33858.42,Completed
7997,44659,134319,129,978,2024-05-12,1,Damaged Product,70358.3,Completed
7998,44662,134328,5939,231,2025-06-04,3,Wrong Product,65147.19,Completed
7999,44665,134339,1621,938,2023-12-01,1,Product Not as Expected,41472.77,Completed
8000,44667,134344,6119,938,2023-10-29,1,Damaged Product,41472.77,Completed
8001,44669,134348,940,460,2024-10-18,1,Size/Fit Issue,19125.51,Completed
8002,44683,134397,2317,72,2025-05-15,1,Late Delivery,13728.33,Completed
8003,44685,134402,6650,65,2023-01-22,4,Damaged Product,127977.72,Completed
8004,44689,134413,624,855,2025-03-22,2,Damaged Product,100185.38,Completed
8005,44690,134417,2139,314,2024-06-01,1,Damaged Product,18663.84,Completed
8006,44693,134425,6653,777,2023-08-07,2,Wrong Product,71900.14,Completed
8007,44696,134436,2026,638,2024-11-01,2,Damaged Product,97672.22,Completed
8008,44699,134447,761,886,2024-05-05,1,Size/Fit Issue,49335.18,Completed
8009,44700,134452,5679,982,2024-06-02,2,Damaged Product,79332.56,Completed
8010,44713,134487,8740,296,2025-07-23,1,Changed Mind,34627.87,Completed
8011,44714,134493,8533,798,2024-03-05,1,Quality Issue,52611.13,Completed
8012,44728,134530,1578,144,2023-03-07,1,Product Not as Expected,40469.54,Completed
8013,44733,134548,8815,884,2025-04-29,3,Product Not as Expected,40978.23,Completed
8014,44736,134556,7925,407,2025-01-18,2,Late Delivery,41603.12,Completed
8015,44749,134597,7889,51,2025-12-08,1,Damaged Product,6891.96,Completed
8016,44750,134601,7822,933,2025-04-11,2,Changed Mind,67716.84,Completed
8017,44753,134609,2399,773,2025-10-04,1,Quality Issue,10661.83,Completed
8018,44757,134618,7838,732,2025-09-05,1,Quality Issue,61153.47,Completed
8019,44767,134640,6792,657,2025-06-16,1,Late Delivery,35285.91,Completed
8020,44767,134641,6792,76,2025-06-16,1,Size/Fit Issue,24691.22,Completed
8021,44773,134659,6364,909,2023-03-29,1,Quality Issue,56420.47,Completed
8022,44776,134670,6462,493,2025-08-25,1,Product Not as Expected,14869.71,Completed
8023,44778,134677,7713,966,2023-07-25,1,Late Delivery,45203.42,Completed
8024,44784,134692,7633,281,2023-02-15,2,Size/Fit Issue,9417.12,Completed
8025,44786,134697,1425,145,2024-07-11,1,Changed Mind,1006.29,Completed
8026,44789,134704,2434,418,2025-07-15,1,Damaged Product,6259.15,Completed
8027,44801,134742,4824,924,2024-04-14,3,Late Delivery,107998.71,Completed
8028,44803,134748,7265,652,2024-12-08,1,Damaged Product,44850.32,Completed
8029,44808,134757,6008,99,2025-02-13,1,Size/Fit Issue,32394.39,Completed
8030,44821,134798,1462,343,2025-01-01,1,Product Not as Expected,2521.22,Completed
8031,44829,134822,6880,187,2025-03-12,1,Wrong Product,11139.84,Completed
8032,44839,134848,3527,671,2023-12-16,1,Quality Issue,65136.28,Completed
8033,44854,134885,3114,322,2024-07-19,1,Size/Fit Issue,33585.16,Completed
8034,44854,134888,3114,680,2024-07-19,2,Wrong Product,132856.34,Completed
8035,44870,134932,9815,900,2023-05-26,3,Damaged Product,32292.27,Completed
8036,44872,134941,5314,601,2023-08-17,1,Damaged Product,24592.61,Completed
8037,44873,134945,1874,440,2023-01-20,1,Quality Issue,53089.24,Completed
8038,44873,134946,1874,641,2023-01-20,1,Quality Issue,12415.84,Completed
8039,44876,134957,8705,133,2024-03-19,3,Quality Issue,37405.17,Completed
8040,44880,134971,9428,520,2025-08-04,2,Quality Issue,98447.72,Completed
8041,44910,135052,3639,829,2025-06-02,1,Late Delivery,37550.24,Completed
8042,44919,135079,982,779,2023-03-24,1,Wrong Product,52000.66,Completed
8043,44922,135086,7715,122,2025-03-26,1,Late Delivery,61466.27,Completed
8044,44923,135093,6184,285,2025-01-29,1,Damaged Product,1335.75,Completed
8045,44925,135101,3449,900,2024-01-17,1,Changed Mind,10764.09,Completed
8046,44926,135103,9833,268,2025-10-28,3,Damaged Product,230164.56,Completed
8047,44945,135158,3445,459,2024-07-09,1,Product Not as Expected,17613.31,Completed
8048,44945,135159,3445,928,2024-07-09,1,Size/Fit Issue,87525.69,Completed
8049,44948,135167,4764,144,2023-10-24,1,Late Delivery,40469.54,Completed
8050,44951,135177,4938,431,2025-08-20,4,Late Delivery,33159.08,Completed
8051,44961,135198,2664,709,2024-05-31,1,Product Not as Expected,1203.2,Completed
8052,44963,135201,81,824,2024-05-13,1,Wrong Product,26487.37,Completed
8053,44969,135221,4982,31,2024-12-29,2,Late Delivery,10556.4,Completed
8054,44973,135236,6237,830,2023-12-09,1,Product Not as Expected,2181.3,Completed
8055,44981,135263,4563,549,2024-02-24,1,Wrong Product,51380.02,Completed
8056,44989,135284,6373,390,2023-03-01,2,Size/Fit Issue,117985.98,Completed
8057,44992,135293,2051,953,2025-05-31,1,Quality Issue,12070.59,Completed
8058,45006,135339,5038,466,2024-11-17,1,Late Delivery,39504.07,Completed
8059,45010,135355,6901,924,2023-04-18,1,Size/Fit Issue,35999.57,Completed
8060,45010,135356,6901,577,2023-04-18,1,Changed Mind,28640.16,Completed
8061,45013,135361,9056,920,2023-03-25,1,Damaged Product,34221.06,Completed
8062,45016,135371,79,216,2023-02-12,1,Wrong Product,2917.11,Completed
8063,45019,135382,9459,41,2023-10-03,1,Quality Issue,47175.64,Completed
8064,45021,135386,7963,122,2023-11-04,1,Changed Mind,61466.27,Completed
8065,45026,135404,9075,718,2023-08-10,1,Damaged Product,74041.38,Completed
8066,45034,135431,9827,573,2023-07-13,1,Wrong Product,17211.31,Completed
8067,45042,135455,6191,869,2025-06-12,1,Product Not as Expected,27599.74,Completed
8068,45043,135459,3043,462,2023-05-29,1,Size/Fit Issue,42608.45,Completed
8069,45045,135466,8861,975,2025-07-21,1,Late Delivery,52812.93,Completed
8070,45045,135467,8861,956,2025-07-21,1,Product Not as Expected,39326.14,Completed
8071,45046,135469,5282,762,2023-03-08,1,Wrong Product,4852.55,Completed
8072,45049,135479,5568,302,2023-08-19,2,Wrong Product,25164.6,Completed
8073,45051,135485,6079,847,2024-11-25,1,Size/Fit Issue,86269.16,Completed
8074,45052,135489,4997,353,2023-08-08,4,Wrong Product,178433.08,Completed
8075,45080,135562,73,441,2025-02-16,1,Wrong Product,7558.87,Completed
8076,45082,135567,7278,559,2024-04-20,1,Wrong Product,46321.8,Completed
8077,45092,135600,186,707,2024-02-01,1,Wrong Product,30507.5,Completed
8078,45126,135697,3835,63,2023-04-28,1,Late Delivery,19746.23,Completed
8079,45127,135700,9271,368,2023-01-22,4,Quality Issue,218272.04,Completed
8080,45128,135705,2928,79,2023-06-08,3,Damaged Product,65236.17,Completed
8081,45130,135711,2836,293,2023-05-25,1,Product Not as Expected,14013.61,Completed
8082,45134,135719,8382,853,2023-03-08,1,Late Delivery,36149.24,Completed
8083,45137,135727,8196,525,2024-01-24,1,Quality Issue,64720.45,Completed
8084,45147,135760,4403,907,2025-01-24,1,Changed Mind,22748.66,Completed
8085,45149,135765,9115,433,2025-08-03,1,Damaged Product,47430.05,Completed
8086,45156,135789,2035,63,2025-02-08,1,Size/Fit Issue,19746.23,Completed
8087,45178,135852,1836,862,2024-07-22,1,Wrong Product,57732.85,Completed
8088,45214,135964,6298,990,2024-10-03,1,Late Delivery,16191.64,Completed
8089,45215,135966,2628,453,2025-04-13,1,Size/Fit Issue,16365.34,Completed
8090,45221,135984,5089,937,2024-10-20,2,Damaged Product,150574.96,Completed
8091,45222,135985,310,907,2025-11-18,3,Late Delivery,68245.98,Completed
8092,45225,135998,6381,219,2025-06-07,1,Quality Issue,53676.7,Completed
8093,45232,136014,2619,604,2023-11-30,1,Damaged Product,36921.48,Completed
8094,45241,136037,4654,680,2024-08-07,3,Changed Mind,199284.51,Completed
8095,45243,136045,2091,917,2025-01-30,1,Quality Issue,9256.66,Completed
8096,45266,136124,6480,752,2023-02-24,3,Size/Fit Issue,124002.96,Completed
8097,45267,136126,7873,886,2023-06-02,1,Damaged Product,49335.18,Completed
8098,45268,136128,6817,451,2025-07-26,1,Wrong Product,17488.8,Completed
8099,45268,136129,6817,885,2025-07-26,1,Late Delivery,57502.27,Completed
8100,45269,136133,103,125,2025-06-11,1,Changed Mind,70030.43,Completed
8101,45269,136135,103,377,2025-06-11,2,Quality Issue,77308.58,Completed
8102,45273,136146,6513,190,2023-10-07,2,Wrong Product,62929.42,Completed
8103,45278,136167,8849,216,2024-06-15,2,Damaged Product,5834.22,Completed
8104,45282,136173,1122,805,2024-07-15,1,Product Not as Expected,29663.21,Completed
8105,45285,136184,4795,466,2024-02-27,1,Late Delivery,39504.07,Completed
8106,45287,136187,8339,214,2023-03-30,1,Late Delivery,17174.56,Completed
8107,45287,136190,8339,891,2023-03-30,3,Quality Issue,95364.15,Completed
8108,45288,136192,6147,978,2025-06-20,1,Wrong Product,70358.3,Completed
8109,45296,136216,1614,815,2023-02-17,2,Late Delivery,72880.14,Completed
8110,45311,136261,6525,991,2024-05-20,2,Quality Issue,32630.24,Completed
8111,45321,136291,1879,716,2024-04-29,2,Wrong Product,75815.0,Completed
8112,45324,136301,8830,276,2025-02-15,1,Damaged Product,39861.23,Completed
8113,45325,136304,5180,836,2025-07-08,1,Product Not as Expected,41004.0,Completed
8114,45334,136320,3297,78,2025-07-03,1,Changed Mind,40031.47,Completed
8115,45337,136331,5799,20,2025-03-30,1,Changed Mind,4130.41,Completed
8116,45341,136343,5256,397,2023-10-31,1,Wrong Product,1130.09,Completed
8117,45342,136348,9186,67,2025-05-26,2,Quality Issue,54938.06,Completed
8118,45349,136370,4274,390,2025-03-18,1,Size/Fit Issue,58992.99,Completed
8119,45352,136379,8635,403,2025-10-28,1,Changed Mind,13616.52,Completed
8120,45354,136391,9657,160,2023-02-19,1,Changed Mind,59526.76,Completed
8121,45361,136407,8677,160,2025-07-30,1,Wrong Product,59526.76,Completed
8122,45362,136410,2148,478,2023-06-08,1,Late Delivery,61269.06,Completed
8123,45373,136438,468,678,2023-07-29,1,Late Delivery,49387.32,Completed
8124,45374,136440,4564,909,2023-06-08,1,Quality Issue,56420.47,Completed
8125,45377,136450,7658,383,2024-12-28,2,Size/Fit Issue,75143.48,Completed
8126,45399,136532,5273,199,2025-01-19,3,Wrong Product,164605.62,Completed
8127,45405,136546,5880,777,2024-03-18,1,Changed Mind,35950.07,Completed
8128,45412,136565,7599,764,2025-10-29,1,Product Not as Expected,48726.1,Completed
8129,45412,136568,7599,292,2025-10-29,1,Changed Mind,55597.58,Completed
8130,45420,136587,8426,947,2024-05-23,2,Wrong Product,19373.4,Completed
8131,45426,136605,1264,256,2024-08-17,1,Damaged Product,8390.62,Completed
8132,45426,136607,1264,882,2024-08-17,1,Product Not as Expected,8514.18,Completed
8133,45430,136617,6896,193,2024-08-13,1,Wrong Product,87985.05,Completed
8134,45433,136627,9233,261,2025-12-27,1,Late Delivery,56424.61,Completed
8135,45441,136654,6005,88,2024-06-21,1,Changed Mind,47049.95,Completed
8136,45448,136672,2969,233,2025-06-03,1,Quality Issue,11531.39,Completed
8137,45459,136709,4591,350,2024-10-03,1,Product Not as Expected,35700.73,Completed
8138,45462,136716,1839,442,2024-07-19,1,Wrong Product,63464.4,Completed
8139,45471,136753,7841,390,2025-04-06,1,Changed Mind,58992.99,Completed
8140,45473,136756,3614,368,2025-01-02,1,Late Delivery,54568.01,Completed
8141,45480,136780,1870,219,2025-12-31,1,Late Delivery,53676.7,Completed
8142,45482,136791,6024,901,2024-08-23,1,Size/Fit Issue,49064.78,Completed
8143,45492,136810,5530,986,2023-05-30,1,Damaged Product,12731.58,Completed
8144,45492,136812,5530,955,2023-05-30,2,Size/Fit Issue,138875.4,Completed
8145,45494,136818,1173,89,2023-05-05,1,Wrong Product,61030.45,Completed
8146,45499,136839,8295,966,2023-02-07,1,Product Not as Expected,45203.42,Completed
8147,45500,136843,4526,716,2024-06-20,1,Wrong Product,37907.5,Completed
8148,45506,136859,5460,910,2023-11-03,4,Size/Fit Issue,184536.24,Completed
8149,45516,136884,5887,571,2024-03-09,2,Product Not as Expected,15339.06,Completed
8150,45518,136893,4317,901,2023-06-10,1,Changed Mind,49064.78,Completed
8151,45527,136923,1796,776,2025-12-20,5,Product Not as Expected,131205.55,Completed
8152,45535,136938,5282,682,2024-10-14,1,Wrong Product,88961.65,Completed
8153,45538,136948,8455,97,2023-10-11,1,Quality Issue,6899.98,Completed
8154,45562,137014,8034,948,2024-07-09,1,Damaged Product,22542.75,Completed
8155,45565,137021,709,317,2025-03-15,1,Quality Issue,50741.29,Completed
8156,45576,137052,1510,662,2024-04-02,3,Size/Fit Issue,129686.94,Completed
8157,45582,137071,2483,684,2025-04-02,1,Changed Mind,24811.38,Completed
8158,45586,137085,7592,523,2024-02-03,1,Damaged Product,19573.08,Completed
8159,45589,137096,8424,506,2024-10-29,1,Changed Mind,48220.73,Completed
8160,45592,137101,6181,144,2023-12-15,1,Changed Mind,40469.54,Completed
8161,45593,137103,8212,370,2023-11-15,2,Changed Mind,85304.88,Completed
8162,45596,137110,8830,638,2024-07-30,1,Changed Mind,48836.11,Completed
8163,45613,137156,8180,143,2024-10-01,1,Wrong Product,57065.25,Completed
8164,45621,137171,2759,439,2023-06-20,1,Changed Mind,45327.89,Completed
8165,45623,137177,8042,990,2023-09-22,3,Quality Issue,48574.92,Completed
8166,45634,137207,8544,877,2024-07-14,1,Size/Fit Issue,30569.83,Completed
8167,45636,137215,9354,185,2024-09-30,1,Size/Fit Issue,48632.58,Completed
8168,45645,137243,2746,278,2023-11-05,1,Changed Mind,32103.08,Completed
8169,45650,137261,3181,351,2024-04-24,1,Damaged Product,42200.96,Completed
8170,45651,137262,4377,215,2023-03-07,1,Late Delivery,15687.88,Completed
8171,45663,137303,2442,920,2024-10-16,1,Late Delivery,34221.06,Completed
8172,45666,137308,9102,651,2024-08-23,1,Late Delivery,58787.12,Completed
8173,45667,137315,8904,370,2024-07-15,1,Damaged Product,42652.44,Completed
8174,45671,137329,8954,27,2025-12-09,2,Changed Mind,59747.56,Completed
8175,45677,137339,3834,840,2025-07-02,3,Changed Mind,227807.88,Completed
8176,45679,137346,6616,897,2025-02-10,1,Changed Mind,53721.31,Completed
8177,45706,137426,27,672,2023-11-12,1,Late Delivery,6215.74,Completed
8178,45717,137465,3535,798,2024-01-06,1,Size/Fit Issue,52611.13,Completed
8179,45727,137489,252,120,2025-11-29,1,Product Not as Expected,21190.89,Completed
8180,45728,137493,2704,227,2025-09-09,2,Wrong Product,31710.22,Completed
8181,45732,137509,4382,133,2023-01-12,1,Damaged Product,12468.39,Completed
8182,45740,137532,8548,230,2025-04-27,1,Quality Issue,15424.93,Completed
8183,45750,137563,2954,506,2025-09-01,2,Product Not as Expected,96441.46,Completed
8184,45753,137574,4855,695,2024-05-01,4,Product Not as Expected,145358.76,Completed
8185,45754,137576,9136,387,2025-10-11,1,Damaged Product,52394.46,Completed
8186,45756,137585,4105,167,2025-10-11,1,Product Not as Expected,43711.63,Completed
8187,45764,137610,1029,399,2024-11-04,1,Damaged Product,37387.51,Completed
8188,45781,137662,2681,451,2023-10-10,2,Quality Issue,34977.6,Completed
8189,45783,137668,2718,667,2023-05-11,1,Quality Issue,78766.25,Completed
8190,45794,137700,2178,695,2024-11-01,1,Late Delivery,36339.69,Completed
8191,45803,137724,8934,89,2023-11-06,3,Quality Issue,183091.35,Completed
8192,45814,137762,2528,438,2024-03-26,1,Changed Mind,62279.76,Completed
8193,45818,137771,1200,477,2023-12-27,3,Quality Issue,107584.77,Completed
8194,45819,137780,1900,966,2025-12-04,1,Late Delivery,45203.42,Completed
8195,45824,137795,3970,233,2024-01-18,3,Late Delivery,34594.17,Completed
8196,45831,137815,5937,808,2024-03-19,1,Product Not as Expected,14621.63,Completed
8197,45841,137843,6216,513,2025-03-01,1,Late Delivery,282.11,Completed
8198,45850,137866,5087,573,2025-08-03,1,Changed Mind,17211.31,Completed
8199,45861,137905,3180,541,2023-08-23,1,Damaged Product,38960.03,Completed
8200,45862,137910,9995,603,2025-12-17,2,Quality Issue,6397.84,Completed
8201,45864,137916,8094,462,2025-02-24,2,Quality Issue,85216.9,Completed
8202,45872,137941,5883,118,2025-05-28,1,Late Delivery,40481.81,Completed
8203,45882,137971,2568,237,2025-05-17,4,Wrong Product,69726.88,Completed
8204,45885,137982,2137,660,2024-08-10,1,Damaged Product,24698.97,Completed
8205,45888,137993,2016,541,2024-09-03,1,Product Not as Expected,38960.03,Completed
8206,45890,137996,2216,445,2025-02-26,1,Wrong Product,56192.08,Completed
8207,45902,138027,412,661,2023-02-09,1,Late Delivery,6801.17,Completed
8208,45906,138044,9891,868,2023-10-29,1,Wrong Product,30561.21,Completed
8209,45909,138052,4342,314,2025-06-09,1,Product Not as Expected,18663.84,Completed
8210,45911,138058,1575,186,2023-07-20,1,Product Not as Expected,63029.09,Completed
8211,45913,138065,1560,910,2023-10-05,2,Wrong Product,92268.12,Completed
8212,45922,138089,7883,198,2023-12-16,3,Wrong Product,63498.09,Completed
8213,45927,138097,7982,479,2023-02-19,1,Product Not as Expected,1432.07,Completed
8214,45929,138103,123,573,2024-05-02,1,Quality Issue,17211.31,Completed
8215,45941,138135,926,713,2023-09-25,1,Changed Mind,39163.32,Completed
8216,45948,138152,7377,520,2023-08-25,1,Late Delivery,49223.86,Completed
8217,45950,138160,7010,99,2025-07-07,1,Damaged Product,32394.39,Completed
8218,45954,138177,1717,506,2025-08-20,1,Quality Issue,48220.73,Completed
8219,45955,138179,3154,91,2025-10-07,1,Size/Fit Issue,35131.7,Completed
8220,45956,138185,3179,665,2024-07-21,1,Size/Fit Issue,10591.49,Completed
8221,45962,138205,9317,996,2023-03-31,1,Quality Issue,43007.78,Completed
8222,45966,138219,3421,777,2023-08-19,1,Size/Fit Issue,35950.07,Completed
8223,45981,138259,1861,564,2023-10-19,1,Size/Fit Issue,75701.18,Completed
8224,45987,138275,7217,732,2025-01-11,1,Late Delivery,61153.47,Completed
8225,46005,138324,2575,754,2024-06-14,1,Size/Fit Issue,10158.79,Completed
8226,46008,138332,6157,383,2023-09-22,1,Size/Fit Issue,37571.74,Completed
8227,46009,138337,5261,224,2023-12-16,1,Changed Mind,29142.1,Completed
8228,46013,138348,2513,234,2023-11-25,1,Quality Issue,34633.37,Completed
8229,46014,138352,2799,641,2023-12-05,1,Quality Issue,12415.84,Completed
8230,46016,138362,6746,777,2023-08-09,3,Quality Issue,107850.21,Completed
8231,46025,138392,2401,827,2023-06-03,3,Changed Mind,89620.53,Completed
8232,46030,138403,3544,726,2025-12-16,1,Quality Issue,49127.83,Completed
8233,46031,138408,7570,823,2023-10-09,2,Quality Issue,30138.18,Completed
8234,46032,138412,5612,271,2025-07-22,1,Late Delivery,28391.33,Completed
8235,46036,138427,4768,207,2024-02-09,2,Wrong Product,167966.96,Completed
8236,46039,138435,7873,288,2024-05-10,2,Damaged Product,37713.7,Completed
8237,46039,138436,7873,846,2024-05-10,1,Late Delivery,21886.79,Completed
8238,46046,138455,3105,116,2025-02-20,1,Late Delivery,84644.25,Completed
8239,46050,138469,4083,603,2023-11-29,1,Size/Fit Issue,3198.92,Completed
8240,46051,138471,628,526,2024-04-22,1,Size/Fit Issue,9515.72,Completed
8241,46052,138475,6006,728,2024-09-16,1,Quality Issue,72056.51,Completed
8242,46054,138481,3019,578,2024-02-20,3,Changed Mind,119114.07,Completed
8243,46061,138507,992,923,2024-05-28,4,Wrong Product,13361.88,Completed
8244,46078,138553,3240,694,2025-01-28,2,Late Delivery,151313.54,Completed
8245,46078,138554,3240,328,2025-01-28,1,Changed Mind,71127.26,Completed
8246,46082,138558,4953,636,2025-06-03,1,Quality Issue,27784.14,Completed
8247,46086,138568,2448,537,2024-09-30,1,Late Delivery,53194.66,Completed
8248,46090,138576,9228,319,2024-07-07,1,Changed Mind,1269.69,Completed
8249,46092,138580,2450,566,2024-11-27,2,Wrong Product,107970.48,Completed
8250,46098,138610,9761,160,2023-11-16,1,Product Not as Expected,59526.76,Completed
8251,46108,138643,4667,726,2024-12-01,1,Damaged Product,49127.83,Completed
8252,46109,138645,7983,188,2025-10-11,1,Size/Fit Issue,51035.63,Completed
8253,46113,138662,8904,225,2025-12-29,1,Changed Mind,42762.46,Completed
8254,46122,138693,6781,734,2025-05-28,1,Damaged Product,4017.31,Completed
8255,46129,138718,5659,113,2024-09-09,1,Wrong Product,61014.62,Completed
8256,46135,138736,3003,636,2023-12-11,1,Size/Fit Issue,27784.14,Completed
8257,46150,138775,3923,534,2025-09-06,3,Wrong Product,11887.95,Completed
8258,46152,138788,4653,978,2023-04-17,2,Quality Issue,140716.6,Completed
8259,46153,138791,1661,233,2023-03-04,1,Damaged Product,11531.39,Completed
8260,46164,138824,7018,509,2024-12-18,2,Size/Fit Issue,38496.32,Completed
8261,46168,138838,6900,526,2025-10-05,1,Late Delivery,9515.72,Completed
8262,46202,138933,748,819,2024-02-25,1,Damaged Product,46497.58,Completed
8263,46217,138977,3326,636,2024-06-04,4,Changed Mind,111136.56,Completed
8264,46219,138981,6080,760,2024-10-30,1,Damaged Product,14723.11,Completed
8265,46227,139004,7834,815,2025-09-21,1,Wrong Product,36440.07,Completed
8266,46235,139032,8365,996,2024-12-15,3,Changed Mind,129023.34,Completed
8267,46236,139034,8209,862,2023-05-18,3,Product Not as Expected,173198.55,Completed
8268,46254,139088,8925,846,2024-12-06,1,Size/Fit Issue,21886.79,Completed
8269,46260,139102,8544,520,2024-01-06,1,Size/Fit Issue,49223.86,Completed
8270,46275,139147,4277,197,2024-11-15,1,Size/Fit Issue,18177.19,Completed
8271,46276,139152,1263,14,2025-02-20,1,Damaged Product,25186.17,Completed
8272,46280,139165,1362,324,2023-11-01,1,Quality Issue,65084.11,Completed
8273,46287,139180,8540,942,2023-03-11,1,Quality Issue,17804.14,Completed
8274,46293,139197,1720,418,2024-04-24,2,Product Not as Expected,12518.3,Completed
8275,46296,139207,7710,303,2024-08-12,1,Damaged Product,30281.73,Completed
8276,46296,139209,7710,581,2024-08-12,1,Wrong Product,43359.64,Completed
8277,46303,139235,3025,529,2025-10-03,1,Wrong Product,8667.74,Completed
8278,46304,139240,1355,176,2024-07-06,1,Damaged Product,4905.76,Completed
8279,46307,139251,9049,474,2024-12-26,1,Quality Issue,3842.82,Completed
8280,46312,139261,1089,113,2024-07-19,2,Wrong Product,122029.24,Completed
8281,46313,139265,9601,698,2024-08-22,2,Wrong Product,72753.2,Completed
8282,46317,139276,4768,991,2024-09-26,1,Size/Fit Issue,16315.12,Completed
8283,46318,139278,574,818,2024-03-14,1,Product Not as Expected,2517.2,Completed
8284,46320,139289,2701,996,2025-11-23,2,Product Not as Expected,86015.56,Completed
8285,46335,139327,960,887,2024-04-13,2,Late Delivery,63802.42,Completed
8286,46337,139339,6381,74,2024-06-11,2,Quality Issue,51000.64,Completed
8287,46341,139353,4506,698,2023-10-08,1,Changed Mind,36376.6,Completed
8288,46348,139372,8170,383,2025-08-07,2,Wrong Product,75143.48,Completed
8289,46349,139376,8346,948,2024-04-18,2,Quality Issue,45085.5,Completed
8290,46356,139401,2346,290,2025-07-03,1,Size/Fit Issue,25930.02,Completed
8291,46357,139403,4177,804,2023-10-26,1,Damaged Product,65569.03,Completed
8292,46360,139418,8403,879,2024-12-26,1,Damaged Product,2467.19,Completed
8293,46373,139453,7791,41,2023-07-24,1,Wrong Product,47175.64,Completed
8294,46384,139492,2797,836,2025-05-04,1,Damaged Product,41004.0,Completed
8295,46387,139502,355,22,2025-10-29,1,Wrong Product,18377.28,Completed
8296,46388,139507,9658,251,2024-07-02,1,Wrong Product,27200.0,Completed
8297,46389,139509,5352,68,2025-04-08,1,Damaged Product,60685.6,Completed
8298,46389,139512,5352,297,2025-04-08,1,Late Delivery,9484.23,Completed
8299,46397,139533,5310,35,2024-12-08,3,Late Delivery,83863.89,Completed
8300,46402,139553,5282,572,2024-06-14,1,Changed Mind,16804.56,Completed
8301,46407,139567,5747,160,2024-11-23,1,Size/Fit Issue,59526.76,Completed
8302,46410,139584,996,308,2024-09-15,1,Damaged Product,11798.26,Completed
8303,46414,139593,8495,307,2025-05-19,1,Size/Fit Issue,59012.04,Completed
8304,46426,139627,8568,250,2024-11-28,1,Late Delivery,38589.27,Completed
8305,46433,139646,1461,214,2024-07-03,1,Size/Fit Issue,17174.56,Completed
8306,46435,139651,3213,292,2024-08-14,1,Quality Issue,55597.58,Completed
8307,46440,139673,478,427,2025-09-14,2,Damaged Product,86277.32,Completed
8308,46443,139682,3202,280,2025-02-14,1,Changed Mind,18409.59,Completed
8309,46448,139697,5865,208,2024-11-13,1,Changed Mind,53391.84,Completed
8310,46450,139700,1176,932,2024-11-28,1,Changed Mind,53678.69,Completed
8311,46451,139708,8282,310,2024-06-10,1,Changed Mind,56308.84,Completed
8312,46459,139731,2140,518,2025-12-24,1,Quality Issue,6573.06,Completed
8313,46461,139734,8109,344,2023-07-12,1,Product Not as Expected,4082.01,Completed
8314,46480,139788,4429,632,2023-11-21,1,Wrong Product,43423.57,Completed
8315,46485,139803,7342,921,2023-06-19,1,Wrong Product,24481.64,Completed
8316,46496,139826,2379,617,2025-02-08,1,Quality Issue,37738.08,Completed
8317,46500,139840,9422,181,2025-08-08,3,Quality Issue,39816.81,Completed
8318,46519,139888,9230,248,2024-04-19,1,Wrong Product,1372.21,Completed
8319,46528,139911,903,328,2023-06-16,1,Damaged Product,71127.26,Completed
8320,46536,139932,5476,928,2024-06-07,1,Changed Mind,87525.69,Completed
8321,46537,139936,3048,878,2024-06-17,1,Size/Fit Issue,81467.72,Completed
8322,46556,139991,269,745,2025-10-27,1,Quality Issue,79442.72,Completed
8323,46572,140039,4586,186,2023-01-04,2,Late Delivery,126058.18,Completed
8324,46574,140046,9599,124,2024-12-03,1,Changed Mind,32253.1,Completed
8325,46578,140061,5086,410,2024-09-01,2,Late Delivery,37050.04,Completed
8326,46582,140073,4647,382,2025-02-15,2,Damaged Product,127502.54,Completed
8327,46590,140088,3272,498,2024-06-24,1,Changed Mind,59585.39,Completed
8328,46591,140095,3075,766,2023-03-07,2,Product Not as Expected,96140.78,Completed
8329,46608,140149,4214,479,2023-06-21,1,Late Delivery,1432.07,Completed
8330,46610,140155,9770,605,2024-11-16,2,Size/Fit Issue,56603.5,Completed
8331,46611,140159,9720,220,2023-07-01,2,Product Not as Expected,44084.54,Completed
8332,46623,140200,1130,28,2025-06-14,1,Size/Fit Issue,16204.3,Completed
8333,46627,140211,2159,773,2024-05-13,3,Product Not as Expected,31985.49,Completed
8334,46629,140221,2277,505,2023-04-26,1,Late Delivery,19424.05,Completed
8335,46652,140278,7662,456,2025-06-05,1,Late Delivery,39470.43,Completed
8336,46661,140305,532,27,2024-10-25,1,Late Delivery,29873.78,Completed
8337,46671,140338,7401,456,2024-06-06,1,Product Not as Expected,39470.43,Completed
8338,46674,140350,559,566,2025-03-03,1,Wrong Product,53985.24,Completed
8339,46678,140363,5338,804,2023-10-01,1,Product Not as Expected,65569.03,Completed
8340,46684,140380,2821,644,2024-05-25,1,Size/Fit Issue,76270.54,Completed
8341,46684,140382,2821,384,2024-05-25,1,Damaged Product,63602.85,Completed
8342,46685,140383,3950,928,2024-05-04,1,Late Delivery,87525.69,Completed
8343,46690,140399,753,251,2023-06-06,1,Size/Fit Issue,27200.0,Completed
8344,46693,140409,3154,964,2024-08-07,1,Late Delivery,38062.26,Completed
8345,46695,140417,441,70,2025-01-16,2,Late Delivery,69735.86,Completed
8346,46695,140418,441,97,2025-01-16,1,Wrong Product,6899.98,Completed
8347,46716,140483,8346,730,2024-08-17,1,Late Delivery,6687.12,Completed
8348,46723,140512,8754,671,2024-05-13,1,Damaged Product,65136.28,Completed
8349,46727,140521,9628,2,2023-12-05,2,Wrong Product,152789.86,Completed
8350,46731,140539,856,558,2024-04-27,1,Changed Mind,75889.41,Completed
8351,46741,140569,1043,403,2025-02-04,1,Product Not as Expected,13616.52,Completed
8352,46743,140576,2091,934,2023-05-23,2,Product Not as Expected,27951.88,Completed
8353,46757,140615,9983,156,2025-10-11,1,Quality Issue,25532.83,Completed
8354,46757,140616,9983,442,2025-10-11,1,Wrong Product,63464.4,Completed
8355,46758,140621,4340,669,2024-12-12,2,Wrong Product,104732.78,Completed
8356,46767,140645,4898,878,2024-05-03,2,Quality Issue,162935.44,Completed
8357,46774,140668,1956,32,2023-01-15,1,Wrong Product,9567.55,Completed
8358,46780,140685,6509,542,2023-10-04,4,Late Delivery,287785.36,Completed
8359,46785,140703,844,708,2023-07-23,1,Size/Fit Issue,27271.15,Completed
8360,46785,140707,844,227,2023-07-23,1,Quality Issue,15855.11,Completed
8361,46802,140756,6545,406,2025-04-11,1,Size/Fit Issue,55516.84,Completed
8362,46808,140774,6013,2,2025-02-04,1,Product Not as Expected,76394.93,Completed
8363,46812,140786,464,551,2024-03-09,1,Late Delivery,40569.11,Completed
8364,46816,140797,8669,750,2023-07-11,1,Wrong Product,32361.89,Completed
8365,46818,140806,1564,105,2023-01-30,1,Damaged Product,13824.31,Completed
8366,46830,140839,9809,895,2024-09-12,1,Quality Issue,50367.0,Completed
8367,46853,140894,7261,836,2023-04-19,1,Product Not as Expected,41004.0,Completed
8368,46859,140915,4988,14,2025-01-03,2,Late Delivery,50372.34,Completed
8369,46871,140950,6066,503,2024-07-21,1,Late Delivery,59379.17,Completed
8370,46881,140973,4324,525,2025-05-01,3,Wrong Product,194161.35,Completed
8371,46882,140976,6791,824,2025-03-30,1,Late Delivery,26487.37,Completed
8372,46883,140978,948,807,2024-07-30,1,Late Delivery,39777.89,Completed
8373,46886,140991,9331,390,2023-10-08,2,Damaged Product,117985.98,Completed
8374,46898,141023,5158,640,2025-09-30,1,Changed Mind,21322.1,Completed
8375,46901,141030,2247,489,2024-01-26,1,Product Not as Expected,36153.44,Completed
8376,46925,141084,744,302,2024-06-21,1,Late Delivery,12582.3,Completed
8377,46926,141086,1401,554,2024-10-18,1,Changed Mind,25698.87,Completed
8378,46929,141097,2600,250,2024-12-07,1,Wrong Product,38589.27,Completed
8379,46935,141111,9371,47,2023-11-08,1,Product Not as Expected,33493.63,Completed
8380,46941,141121,5051,815,2023-10-11,2,Product Not as Expected,72880.14,Completed
8381,46944,141133,3010,906,2023-09-05,1,Size/Fit Issue,21734.52,Completed
8382,46957,141172,1220,845,2025-03-29,1,Changed Mind,16357.94,Completed
8383,46978,141221,3956,657,2025-06-17,2,Size/Fit Issue,70571.82,Completed
8384,46986,141246,9698,535,2023-11-25,1,Quality Issue,41797.84,Completed
8385,46993,141268,9796,445,2025-01-10,1,Changed Mind,56192.08,Completed
8386,47001,141293,4951,762,2025-09-13,2,Late Delivery,9705.1,Completed
8387,47004,141303,2751,395,2025-03-23,1,Product Not as Expected,32399.17,Completed
8388,47007,141316,4025,3,2023-06-23,1,Wrong Product,43470.0,Completed
8389,47009,141322,3417,67,2025-01-19,1,Product Not as Expected,27469.03,Completed
8390,47013,141336,8451,736,2024-10-19,1,Quality Issue,77186.9,Completed
8391,47015,141342,6156,410,2024-06-11,1,Damaged Product,18525.02,Completed
8392,47016,141345,1049,724,2024-03-05,1,Product Not as Expected,32467.48,Completed
8393,47018,141354,6762,853,2025-08-17,2,Changed Mind,72298.48,Completed
8394,47021,141362,7732,891,2023-05-05,1,Quality Issue,31788.05,Completed
8395,47027,141380,7383,276,2025-08-11,2,Wrong Product,79722.46,Completed
8396,47032,141394,1119,283,2023-03-20,1,Changed Mind,68428.94,Completed
8397,47043,141425,7250,410,2025-01-17,1,Wrong Product,18525.02,Completed
8398,47057,141460,2193,116,2023-01-31,1,Changed Mind,84644.25,Completed
8399,47069,141494,6841,582,2025-02-10,2,Quality Issue,107359.66,Completed
8400,47074,141510,8130,602,2023-07-31,1,Product Not as Expected,30146.2,Completed
8401,47086,141546,3341,591,2023-02-24,1,Late Delivery,23915.96,Completed
8402,47086,141550,3341,266,2023-02-24,1,Damaged Product,9890.24,Completed
8403,47087,141552,6878,518,2024-10-15,1,Product Not as Expected,6573.06,Completed
8404,47091,141568,4185,777,2025-09-06,1,Damaged Product,35950.07,Completed
8405,47099,141599,8689,385,2024-05-27,1,Size/Fit Issue,51195.51,Completed
8406,47100,141602,2220,116,2023-04-10,1,Quality Issue,84644.25,Completed
8407,47101,141606,1131,829,2024-02-16,1,Product Not as Expected,37550.24,Completed
8408,47104,141616,6908,701,2025-03-17,1,Product Not as Expected,51982.43,Completed
8409,47106,141622,2545,994,2025-11-17,1,Product Not as Expected,55468.6,Completed
8410,47106,141623,2545,465,2025-11-17,3,Late Delivery,163422.42,Completed
8411,47116,141655,8989,641,2024-09-17,2,Product Not as Expected,24831.68,Completed
8412,47131,141706,3947,302,2025-12-05,3,Product Not as Expected,37746.9,Completed
8413,47136,141718,8829,190,2025-03-27,1,Changed Mind,31464.71,Completed
8414,47141,141730,5174,56,2023-09-16,1,Product Not as Expected,9324.88,Completed
8415,47145,141743,1880,74,2023-02-11,1,Damaged Product,25500.32,Completed
8416,47153,141764,7896,403,2025-03-30,1,Wrong Product,13616.52,Completed
8417,47154,141767,7900,454,2023-12-22,1,Changed Mind,12684.45,Completed
8418,47157,141775,4390,422,2023-09-25,1,Product Not as Expected,36577.78,Completed
8419,47161,141786,7216,887,2024-03-05,1,Wrong Product,31901.21,Completed
8420,47163,141790,9729,518,2024-10-04,2,Damaged Product,13146.12,Completed
8421,47171,141807,3780,366,2025-05-16,1,Size/Fit Issue,16256.65,Completed
8422,47172,141811,9731,853,2024-01-03,1,Changed Mind,36149.24,Completed
8423,47172,141813,9731,176,2024-01-03,1,Size/Fit Issue,4905.76,Completed
8424,47179,141835,9027,381,2024-11-28,3,Changed Mind,25848.81,Completed
8425,47179,141836,9027,822,2024-11-28,1,Size/Fit Issue,12880.11,Completed
8426,47180,141839,1533,463,2025-11-11,1,Late Delivery,16046.16,Completed
8427,47185,141852,2645,49,2023-11-28,1,Late Delivery,52319.21,Completed
8428,47193,141876,4007,755,2025-09-07,1,Late Delivery,18693.1,Completed
8429,47198,141889,126,702,2025-03-25,1,Quality Issue,47715.26,Completed
8430,47204,141906,4108,716,2025-12-25,1,Quality Issue,37907.5,Completed
8431,47209,141918,4689,319,2025-11-04,1,Quality Issue,1269.69,Completed
8432,47212,141931,3263,605,2024-01-18,1,Product Not as Expected,28301.75,Completed
8433,47213,141935,510,671,2023-05-13,2,Wrong Product,130272.56,Completed
8434,47220,141956,7369,792,2023-06-23,2,Changed Mind,82266.78,Completed
8435,47227,141977,8079,793,2024-11-10,1,Product Not as Expected,15883.19,Completed
8436,47232,141992,2919,383,2023-06-07,1,Quality Issue,37571.74,Completed
8437,47240,142019,4862,56,2025-06-16,1,Product Not as Expected,9324.88,Completed
8438,47241,142025,1826,871,2023-12-14,1,Damaged Product,12164.93,Completed
8439,47255,142063,5393,409,2023-08-02,1,Wrong Product,61954.7,Completed
8440,47257,142066,5913,523,2025-06-09,1,Quality Issue,19573.08,Completed
8441,47290,142169,3625,250,2024-08-07,1,Size/Fit Issue,38589.27,Completed
8442,47296,142185,4565,530,2025-10-22,2,Quality Issue,129011.0,Completed
8443,47327,142275,8447,305,2024-01-17,1,Quality Issue,26940.99,Completed
8444,47329,142281,7946,947,2023-07-10,1,Size/Fit Issue,9686.7,Completed
8445,47334,142293,2948,909,2025-10-31,2,Quality Issue,112840.94,Completed
8446,47334,142294,2948,91,2025-10-31,1,Wrong Product,35131.7,Completed
8447,47346,142327,4428,925,2023-08-16,1,Damaged Product,33314.72,Completed
8448,47347,142329,6955,442,2023-10-02,1,Changed Mind,63464.4,Completed
8449,47349,142336,2999,43,2025-01-02,1,Wrong Product,44927.43,Completed
8450,47350,142340,8815,557,2025-04-09,1,Changed Mind,66632.37,Completed
8451,47351,142342,7743,544,2025-01-13,1,Quality Issue,60516.54,Completed
8452,47360,142371,1540,534,2024-09-27,2,Quality Issue,7925.3,Completed
8453,47360,142372,1540,131,2024-09-27,2,Product Not as Expected,145533.72,Completed
8454,47362,142378,8015,549,2023-12-26,1,Changed Mind,51380.02,Completed
8455,47364,142383,7147,773,2025-11-14,1,Changed Mind,10661.83,Completed
8456,47379,142421,9533,818,2024-05-06,1,Size/Fit Issue,2517.2,Completed
8457,47391,142453,1720,286,2025-04-06,1,Wrong Product,70118.16,Completed
8458,47394,142460,5567,580,2024-03-24,1,Damaged Product,2770.25,Completed
8459,47394,142461,5567,314,2024-03-24,1,Quality Issue,18663.84,Completed
8460,47396,142469,5083,294,2024-02-27,1,Size/Fit Issue,41899.87,Completed
8461,47404,142497,4862,641,2023-05-11,1,Product Not as Expected,12415.84,Completed
8462,47414,142528,8378,218,2024-03-10,2,Late Delivery,124428.86,Completed
8463,47417,142535,1080,57,2023-07-13,1,Late Delivery,54715.65,Completed
8464,47428,142575,8833,390,2024-12-29,2,Quality Issue,117985.98,Completed
8465,47435,142593,5472,508,2023-12-13,1,Size/Fit Issue,66003.7,Completed
8466,47436,142599,217,150,2023-08-11,2,Quality Issue,45924.66,Completed
8467,47448,142630,8882,431,2023-07-23,1,Size/Fit Issue,8289.77,Completed
8468,47457,142662,9744,996,2025-08-21,2,Changed Mind,86015.56,Completed
8469,47469,142691,9968,344,2024-07-21,1,Damaged Product,4082.01,Completed
8470,47469,142694,9968,330,2024-07-21,1,Late Delivery,8572.48,Completed
8471,47481,142730,8603,875,2023-03-13,1,Quality Issue,42404.31,Completed
8472,47488,142746,2424,456,2023-10-30,3,Damaged Product,118411.29,Completed
8473,47490,142752,6505,972,2025-07-20,1,Size/Fit Issue,30308.67,Completed
8474,47494,142766,9522,215,2025-02-17,3,Wrong Product,47063.64,Completed
8475,47502,142791,8249,545,2023-02-27,1,Quality Issue,6106.17,Completed
8476,47514,142827,9096,394,2024-05-09,2,Size/Fit Issue,85161.62,Completed
8477,47514,142829,9096,506,2024-05-09,1,Product Not as Expected,48220.73,Completed
8478,47521,142851,5384,942,2024-09-20,2,Product Not as Expected,35608.28,Completed
8479,47544,142907,6544,359,2024-09-29,1,Product Not as Expected,33738.98,Completed
8480,47546,142915,6905,801,2025-01-08,1,Product Not as Expected,72373.34,Completed
8481,47555,142940,4888,799,2023-08-04,1,Product Not as Expected,8251.88,Completed
8482,47570,142994,4786,788,2025-02-21,1,Size/Fit Issue,33404.53,Completed
8483,47575,143012,7958,269,2023-04-07,1,Late Delivery,21191.04,Completed
8484,47576,143018,23,383,2025-05-22,1,Quality Issue,37571.74,Completed
8485,47577,143025,5735,43,2024-05-22,1,Quality Issue,44927.43,Completed
8486,47599,143084,3410,678,2023-03-07,1,Damaged Product,49387.32,Completed
8487,47601,143090,1790,248,2023-09-19,1,Wrong Product,1372.21,Completed
8488,47602,143094,1607,790,2025-04-10,1,Quality Issue,60122.61,Completed
8489,47604,143103,1079,123,2023-08-31,3,Quality Issue,38211.75,Completed
8490,47605,143108,8787,112,2025-12-25,1,Wrong Product,32609.05,Completed
8491,47607,143114,7659,97,2025-03-12,1,Damaged Product,6899.98,Completed
8492,47627,143169,4942,147,2025-06-26,1,Wrong Product,18186.11,Completed
8493,47634,143188,876,736,2025-05-31,3,Damaged Product,231560.7,Completed
8494,47637,143196,8165,728,2024-07-09,1,Product Not as Expected,72056.51,Completed
8495,47644,143213,8712,150,2023-11-09,1,Late Delivery,22962.33,Completed
8496,47644,143214,8712,441,2023-11-09,3,Quality Issue,22676.61,Completed
8497,47646,143219,4782,635,2024-05-07,1,Changed Mind,61072.54,Completed
8498,47646,143220,4782,582,2024-05-07,1,Changed Mind,53679.83,Completed
8499,47652,143240,6067,939,2024-02-17,1,Late Delivery,52812.53,Completed
8500,47655,143246,8526,740,2023-05-07,1,Size/Fit Issue,38333.46,Completed
8501,47658,143255,9310,451,2025-01-14,1,Size/Fit Issue,17488.8,Completed
8502,47659,143257,9060,883,2024-10-13,1,Late Delivery,70912.74,Completed
8503,47660,143263,2818,882,2023-12-10,1,Size/Fit Issue,8514.18,Completed
8504,47676,143310,639,573,2024-06-11,1,Wrong Product,17211.31,Completed
8505,47684,143325,1901,894,2025-02-01,3,Damaged Product,1511.16,Completed
8506,47687,143335,9443,684,2023-05-16,1,Product Not as Expected,24811.38,Completed
8507,47704,143390,4019,115,2024-08-18,1,Damaged Product,15951.35,Completed
8508,47708,143398,3372,218,2023-03-18,1,Damaged Product,62214.43,Completed
8509,47709,143401,4255,698,2023-04-17,2,Late Delivery,72753.2,Completed
8510,47715,143417,2582,702,2023-12-09,1,Size/Fit Issue,47715.26,Completed
8511,47721,143437,6850,716,2025-05-12,1,Product Not as Expected,37907.5,Completed
8512,47723,143445,1804,86,2025-11-08,1,Changed Mind,55528.31,Completed
8513,47729,143460,5263,682,2023-10-22,2,Quality Issue,177923.3,Completed
8514,47735,143474,4232,651,2025-11-30,2,Quality Issue,117574.24,Completed
8515,47739,143488,191,192,2024-02-09,1,Changed Mind,52336.65,Completed
8516,47741,143493,4134,844,2023-04-11,1,Quality Issue,31509.16,Completed
8517,47752,143524,7590,821,2023-10-25,1,Damaged Product,38888.0,Completed
8518,47757,143538,3742,923,2024-05-28,2,Damaged Product,6680.94,Completed
8519,47760,143543,3614,290,2024-05-04,1,Product Not as Expected,25930.02,Completed
8520,47761,143547,4908,271,2024-06-16,2,Quality Issue,56782.66,Completed
8521,47761,143550,4908,467,2024-06-16,1,Size/Fit Issue,57617.62,Completed
8522,47761,143551,4908,371,2024-06-16,1,Late Delivery,58976.75,Completed
8523,47768,143576,1426,578,2025-03-16,1,Changed Mind,39704.69,Completed
8524,47772,143593,7806,626,2023-07-07,1,Changed Mind,59305.86,Completed
8525,47785,143636,398,116,2024-12-06,1,Late Delivery,84644.25,Completed
8526,47791,143657,3803,933,2025-04-10,1,Damaged Product,33858.42,Completed
8527,47791,143661,3803,262,2025-04-10,1,Changed Mind,24152.91,Completed
8528,47795,143675,991,31,2023-02-27,3,Changed Mind,15834.6,Completed
8529,47804,143701,3810,897,2023-11-24,1,Product Not as Expected,53721.31,Completed
8530,47806,143709,8664,554,2023-07-22,1,Damaged Product,25698.87,Completed
8531,47807,143712,1709,116,2024-02-21,2,Late Delivery,169288.5,Completed
8532,47808,143717,5238,766,2025-12-27,1,Quality Issue,48070.39,Completed
8533,47809,143719,8569,776,2024-05-25,1,Changed Mind,26241.11,Completed
8534,47809,143721,8569,292,2024-05-25,1,Changed Mind,55597.58,Completed
8535,47812,143729,1297,851,2023-04-02,2,Changed Mind,19680.56,Completed
8536,47817,143744,5586,69,2024-07-25,1,Product Not as Expected,32929.62,Completed
8537,47818,143748,1097,37,2024-01-28,2,Wrong Product,86992.4,Completed
8538,47820,143755,24,237,2025-09-08,1,Quality Issue,17431.72,Completed
8539,47823,143761,6470,678,2023-07-10,2,Late Delivery,98774.64,Completed
8540,47834,143792,2290,69,2025-04-15,1,Wrong Product,32929.62,Completed
8541,47841,143816,1680,637,2024-05-31,1,Size/Fit Issue,16823.49,Completed
8542,47843,143819,5167,426,2025-11-19,1,Changed Mind,13381.73,Completed
8543,47907,143996,8564,754,2025-02-11,1,Quality Issue,10158.79,Completed
8544,47915,144022,4799,76,2024-08-21,1,Size/Fit Issue,24691.22,Completed
8545,47933,144064,9553,607,2024-05-20,1,Quality Issue,4401.63,Completed
8546,47941,144084,8474,712,2025-08-24,2,Quality Issue,14077.4,Completed
8547,47947,144103,6198,222,2025-10-21,1,Late Delivery,5223.93,Completed
8548,47957,144132,5498,2,2024-04-13,1,Quality Issue,76394.93,Completed
8549,47963,144154,1866,187,2025-08-06,1,Wrong Product,11139.84,Completed
8550,47980,144202,8632,412,2025-01-03,1,Quality Issue,30381.43,Completed
8551,48007,144274,973,10,2024-06-25,2,Product Not as Expected,5682.44,Completed
8552,48007,144275,973,798,2024-06-25,1,Quality Issue,52611.13,Completed
8553,48010,144283,4192,66,2024-07-01,3,Changed Mind,51879.96,Completed
8554,48011,144287,1544,723,2024-04-02,2,Wrong Product,35496.4,Completed
8555,48016,144303,8219,726,2024-08-30,1,Wrong Product,49127.83,Completed
8556,48021,144319,4354,403,2023-04-21,2,Quality Issue,27233.04,Completed
8557,48024,144327,1837,266,2023-10-06,1,Size/Fit Issue,9890.24,Completed
8558,48026,144336,3629,780,2023-09-14,1,Late Delivery,39870.93,Completed
8559,48032,144352,1110,144,2023-06-25,1,Damaged Product,40469.54,Completed
8560,48033,144357,8072,427,2025-06-18,1,Product Not as Expected,43138.66,Completed
8561,48049,144405,9701,31,2023-12-14,1,Product Not as Expected,5278.2,Completed
8562,48050,144408,1740,792,2025-03-11,1,Damaged Product,41133.39,Completed
8563,48057,144427,7633,422,2024-10-11,2,Size/Fit Issue,73155.56,Completed
8564,48060,144439,8788,678,2025-11-13,1,Changed Mind,49387.32,Completed
8565,48062,144446,4845,891,2025-08-19,2,Late Delivery,63576.1,Completed
8566,48067,144455,6033,173,2025-09-19,1,Quality Issue,83103.03,Completed
8567,48070,144467,3445,860,2024-09-26,1,Product Not as Expected,80879.76,Completed
8568,48070,144468,3445,590,2024-09-26,1,Damaged Product,32485.63,Completed
8569,48075,144484,7832,367,2025-10-08,2,Quality Issue,116323.38,Completed
8570,48078,144494,9421,883,2023-01-07,1,Quality Issue,70912.74,Completed
8571,48079,144499,716,227,2024-08-24,1,Product Not as Expected,15855.11,Completed
8572,48079,144500,716,220,2024-08-24,2,Changed Mind,44084.54,Completed
8573,48082,144504,2703,641,2025-10-13,1,Quality Issue,12415.84,Completed
8574,48083,144510,437,71,2025-04-16,1,Late Delivery,14353.02,Completed
8575,48098,144552,9752,728,2024-03-24,1,Size/Fit Issue,72056.51,Completed
8576,48120,144626,764,966,2025-04-04,1,Changed Mind,45203.42,Completed
8577,48123,144634,9515,530,2025-02-18,1,Product Not as Expected,64505.5,Completed
8578,48123,144636,9515,490,2025-02-18,1,Wrong Product,17741.71,Completed
8579,48126,144643,1354,684,2024-10-09,2,Damaged Product,49622.76,Completed
8580,48128,144647,7601,227,2025-07-05,1,Damaged Product,15855.11,Completed
8581,48129,144650,5811,762,2023-04-06,3,Size/Fit Issue,14557.65,Completed
8582,48141,144684,9621,706,2025-06-19,2,Product Not as Expected,78246.38,Completed
8583,48146,144701,3993,449,2024-07-26,3,Product Not as Expected,154959.48,Completed
8584,48150,144709,8744,467,2025-08-07,2,Size/Fit Issue,115235.24,Completed
8585,48150,144711,8744,361,2025-08-07,1,Wrong Product,39557.35,Completed
8586,48162,144741,1345,990,2025-06-22,2,Late Delivery,32383.28,Completed
8587,48163,144745,9456,34,2023-01-28,4,Product Not as Expected,219553.28,Completed
8588,48167,144755,9921,773,2023-05-26,1,Damaged Product,10661.83,Completed
8589,48169,144762,6512,958,2023-02-06,2,Wrong Product,23492.02,Completed
8590,48176,144781,2842,980,2025-09-05,2,Damaged Product,59592.3,Completed
8591,48184,144795,1603,247,2024-10-01,1,Late Delivery,54589.55,Completed
8592,48195,144836,9732,838,2023-06-03,1,Product Not as Expected,67576.45,Completed
8593,48213,144888,7605,575,2023-06-22,1,Wrong Product,47126.35,Completed
8594,48233,144946,7980,512,2024-11-27,1,Changed Mind,8128.02,Completed
8595,48238,144964,4762,63,2025-09-11,1,Wrong Product,19746.23,Completed
8596,48239,144966,9956,115,2025-08-24,1,Late Delivery,15951.35,Completed
8597,48248,144986,983,819,2025-10-24,2,Changed Mind,92995.16,Completed
8598,48253,145000,5168,56,2023-03-22,1,Late Delivery,9324.88,Completed
8599,48262,145024,9270,385,2024-12-14,1,Late Delivery,51195.51,Completed
8600,48265,145032,9401,547,2025-11-18,1,Wrong Product,12707.2,Completed
8601,48273,145062,4124,607,2023-09-28,1,Late Delivery,4401.63,Completed
8602,48290,145110,9305,552,2025-12-30,1,Wrong Product,36436.81,Completed
8603,48298,145138,3727,966,2023-03-03,1,Damaged Product,45203.42,Completed
8604,48299,145140,2167,385,2023-01-26,1,Quality Issue,51195.51,Completed
8605,48300,145141,7859,509,2023-01-13,1,Product Not as Expected,19248.16,Completed
8606,48300,145142,7859,552,2023-01-13,1,Wrong Product,36436.81,Completed
8607,48303,145153,6276,910,2023-07-23,1,Size/Fit Issue,46134.06,Completed
8608,48314,145195,1431,205,2024-11-16,1,Changed Mind,43935.78,Completed
8609,48315,145200,8503,705,2025-07-30,1,Wrong Product,48444.42,Completed
8610,48332,145252,6320,60,2023-08-09,1,Size/Fit Issue,71063.14,Completed
8611,48338,145272,769,865,2023-10-25,1,Product Not as Expected,68180.76,Completed
8612,48340,145279,6816,231,2023-09-08,1,Late Delivery,21715.73,Completed
8613,48344,145293,9785,35,2025-10-09,1,Late Delivery,27954.63,Completed
8614,48350,145307,9834,732,2025-12-14,1,Late Delivery,61153.47,Completed
8615,48352,145319,3724,367,2025-02-19,1,Damaged Product,58161.69,Completed
8616,48354,145324,6592,324,2023-09-24,1,Quality Issue,65084.11,Completed
8617,48364,145356,6737,695,2023-11-15,1,Wrong Product,36339.69,Completed
8618,48368,145371,960,327,2023-05-11,2,Changed Mind,127116.22,Completed
8619,48370,145375,582,39,2023-06-04,1,Size/Fit Issue,34579.22,Completed
8620,48373,145384,732,344,2024-02-08,1,Late Delivery,4082.01,Completed
8621,48373,145385,732,513,2024-02-08,1,Changed Mind,282.11,Completed
8622,48374,145387,6881,591,2024-05-02,2,Size/Fit Issue,47831.92,Completed
8623,48386,145428,6584,791,2024-04-18,2,Wrong Product,128833.82,Completed
8624,48393,145446,7095,811,2023-07-15,1,Changed Mind,29935.48,Completed
8625,48394,145448,5485,819,2025-11-25,1,Size/Fit Issue,46497.58,Completed
8626,48399,145465,6401,792,2024-03-17,1,Late Delivery,41133.39,Completed
8627,48404,145477,9526,27,2024-01-26,1,Quality Issue,29873.78,Completed
8628,48408,145488,9760,137,2024-01-18,1,Quality Issue,55784.74,Completed
8629,48410,145493,9149,730,2024-07-16,1,Size/Fit Issue,6687.12,Completed
8630,48418,145516,9711,116,2025-12-05,1,Product Not as Expected,84644.25,Completed
8631,48419,145522,9006,509,2025-04-02,2,Quality Issue,38496.32,Completed
8632,48424,145535,3866,63,2024-09-21,2,Quality Issue,39492.46,Completed
8633,48425,145538,4269,382,2024-02-27,3,Wrong Product,191253.81,Completed
8634,48434,145564,4129,345,2025-06-24,1,Changed Mind,34708.25,Completed
8635,48435,145568,4322,250,2024-01-22,1,Wrong Product,38589.27,Completed
8636,48445,145604,8424,438,2025-11-10,2,Size/Fit Issue,124559.52,Completed
8637,48452,145624,4618,626,2023-01-13,1,Product Not as Expected,59305.86,Completed
8638,48463,145659,6401,21,2024-03-17,1,Changed Mind,16665.28,Completed
8639,48468,145679,2890,537,2025-10-23,1,Damaged Product,53194.66,Completed
8640,48492,145764,2998,266,2025-11-07,1,Quality Issue,9890.24,Completed
8641,48497,145777,9662,651,2023-09-18,1,Product Not as Expected,58787.12,Completed
8642,48505,145798,4948,520,2023-03-17,1,Changed Mind,49223.86,Completed
8643,48507,145805,7351,53,2024-09-14,1,Quality Issue,69627.87,Completed
8644,48508,145811,7267,56,2025-06-04,1,Quality Issue,9324.88,Completed
8645,48514,145826,9610,206,2024-01-29,2,Damaged Product,19722.2,Completed
8646,48526,145867,5469,401,2024-01-02,1,Damaged Product,84199.98,Completed
8647,48527,145870,6598,327,2025-07-25,3,Damaged Product,190674.33,Completed
8648,48530,145879,9760,517,2024-12-24,1,Changed Mind,27837.58,Completed
8649,48532,145888,4725,601,2023-12-31,2,Wrong Product,49185.22,Completed
8650,48534,145896,6600,357,2025-08-16,1,Changed Mind,38950.15,Completed
8651,48535,145898,7992,870,2024-08-06,1,Late Delivery,11548.78,Completed
8652,48535,145900,7992,949,2024-08-06,3,Wrong Product,65340.27,Completed
8653,48535,145901,7992,91,2024-08-06,1,Changed Mind,35131.7,Completed
8654,48537,145906,6710,712,2024-07-01,2,Wrong Product,14077.4,Completed
8655,48541,145910,9995,34,2024-09-15,2,Size/Fit Issue,109776.64,Completed
8656,48544,145921,4673,818,2025-02-04,1,Changed Mind,2517.2,Completed
8657,48544,145923,4673,581,2025-02-04,1,Product Not as Expected,43359.64,Completed
8658,48548,145938,9463,766,2024-06-09,1,Wrong Product,48070.39,Completed
8659,48556,145968,356,655,2024-03-21,2,Wrong Product,86777.62,Completed
8660,48574,146027,6096,818,2024-09-28,1,Quality Issue,2517.2,Completed
8661,48578,146041,5048,898,2024-11-01,2,Size/Fit Issue,63314.0,Completed
8662,48584,146059,2553,227,2023-04-28,1,Product Not as Expected,15855.11,Completed
8663,48600,146096,6150,776,2025-08-10,1,Late Delivery,26241.11,Completed
8664,48603,146110,1689,106,2023-10-12,1,Wrong Product,46627.58,Completed
8665,48605,146120,1064,819,2023-07-25,1,Size/Fit Issue,46497.58,Completed
8666,48610,146133,6743,131,2024-01-15,1,Damaged Product,72766.86,Completed
8667,48619,146163,6909,928,2023-09-01,1,Changed Mind,87525.69,Completed
8668,48622,146177,7207,344,2023-09-21,1,Product Not as Expected,4082.01,Completed
8669,48625,146186,830,184,2024-10-05,2,Damaged Product,60017.04,Completed
8670,48626,146189,9184,312,2023-02-03,1,Quality Issue,17328.1,Completed
8671,48630,146197,596,853,2023-01-05,3,Quality Issue,108447.72,Completed
8672,48634,146208,4359,190,2024-01-01,2,Product Not as Expected,62929.42,Completed
8673,48647,146247,2603,319,2023-05-29,1,Changed Mind,1269.69,Completed
8674,48652,146256,3287,462,2025-06-09,1,Changed Mind,42608.45,Completed
8675,48655,146265,1926,482,2024-01-23,2,Wrong Product,111505.54,Completed
8676,48656,146271,4935,699,2024-10-15,1,Changed Mind,76492.85,Completed
8677,48660,146284,9876,922,2023-05-21,1,Quality Issue,12986.88,Completed
8678,48670,146310,5805,566,2024-07-11,2,Changed Mind,107970.48,Completed
8679,48671,146312,8664,62,2025-03-07,3,Late Delivery,193365.12,Completed
8680,48682,146339,7723,552,2025-02-28,1,Size/Fit Issue,36436.81,Completed
8681,48692,146365,8864,226,2025-09-23,1,Late Delivery,3033.14,Completed
8682,48698,146376,8893,385,2024-06-09,1,Size/Fit Issue,51195.51,Completed
8683,48710,146420,8105,678,2025-10-19,1,Changed Mind,49387.32,Completed
8684,48711,146424,7875,422,2025-10-10,1,Changed Mind,36577.78,Completed
8685,48718,146437,6024,532,2025-08-08,1,Product Not as Expected,60027.29,Completed
8686,48722,146449,1727,648,2023-10-15,1,Product Not as Expected,7799.17,Completed
8687,48724,146451,6479,214,2024-01-01,3,Quality Issue,51523.68,Completed
8688,48738,146496,773,422,2024-02-28,2,Changed Mind,73155.56,Completed
8689,48741,146505,6562,273,2023-03-27,2,Changed Mind,117467.9,Completed
8690,48749,146526,4515,449,2024-04-06,2,Changed Mind,103306.32,Completed
8691,48758,146553,3009,814,2025-09-15,1,Quality Issue,29179.36,Completed
8692,48764,146566,6637,728,2023-05-15,1,Size/Fit Issue,72056.51,Completed
8693,48770,146577,206,227,2024-12-14,1,Late Delivery,15855.11,Completed
8694,48786,146632,1458,998,2023-04-25,1,Changed Mind,15593.9,Completed
8695,48786,146633,1458,655,2023-04-25,1,Wrong Product,43388.81,Completed
8696,48805,146700,4788,67,2023-03-31,2,Damaged Product,54938.06,Completed
8697,48814,146732,1933,248,2023-09-08,1,Quality Issue,1372.21,Completed
8698,48825,146755,829,995,2025-02-26,1,Quality Issue,22086.79,Completed
8699,48839,146790,6322,694,2023-05-09,1,Wrong Product,75656.77,Completed
8700,48840,146792,9855,14,2024-04-14,1,Size/Fit Issue,25186.17,Completed
8701,48841,146798,2375,327,2024-07-30,1,Wrong Product,63558.11,Completed
8702,48847,146812,1978,877,2025-11-11,1,Late Delivery,30569.83,Completed
8703,48850,146821,1383,186,2025-02-09,2,Wrong Product,126058.18,Completed
8704,48857,146844,195,45,2025-08-04,1,Wrong Product,40526.23,Completed
8705,48864,146861,3560,842,2024-02-25,1,Product Not as Expected,9424.2,Completed
8706,48873,146890,9212,556,2023-06-30,1,Product Not as Expected,69103.21,Completed
8707,48881,146914,5386,532,2025-10-04,2,Changed Mind,120054.58,Completed
8708,48882,146918,4140,176,2024-07-23,3,Product Not as Expected,14717.28,Completed
8709,48885,146932,8086,207,2025-03-27,1,Size/Fit Issue,83983.48,Completed
8710,48889,146944,5914,762,2025-09-08,1,Changed Mind,4852.55,Completed
8711,48892,146952,8557,605,2023-11-26,1,Product Not as Expected,28301.75,Completed
8712,48894,146960,1985,587,2024-12-27,1,Size/Fit Issue,38685.73,Completed
8713,48897,146969,2219,409,2025-07-28,2,Damaged Product,123909.4,Completed
8714,48912,147017,8534,465,2023-11-14,1,Product Not as Expected,54474.14,Completed
8715,48918,147027,1442,988,2024-06-20,1,Size/Fit Issue,39079.27,Completed
8716,48920,147035,5032,53,2023-03-07,4,Quality Issue,278511.48,Completed
8717,48930,147068,8572,508,2024-12-20,1,Quality Issue,66003.7,Completed
8718,48935,147085,9124,840,2023-08-05,1,Late Delivery,75935.96,Completed
8719,48938,147097,5133,843,2024-09-28,1,Product Not as Expected,11862.94,Completed
8720,48941,147103,8226,798,2023-10-27,1,Size/Fit Issue,52611.13,Completed
8721,48961,147156,9021,14,2023-02-04,1,Damaged Product,25186.17,Completed
8722,48970,147186,4704,604,2023-06-15,4,Quality Issue,147685.92,Completed
8723,48983,147223,7194,405,2024-05-31,2,Changed Mind,97746.68,Completed
8724,48987,147241,600,7,2025-06-19,1,Product Not as Expected,35843.35,Completed
8725,48998,147270,3861,135,2025-07-21,1,Late Delivery,54446.43,Completed
8726,49002,147287,7466,479,2025-06-19,1,Wrong Product,1432.07,Completed
8727,49006,147299,1534,190,2023-02-10,1,Damaged Product,31464.71,Completed
8728,49027,147363,621,273,2023-01-26,1,Wrong Product,58733.95,Completed
8729,49027,147364,621,532,2023-01-26,1,Damaged Product,60027.29,Completed
8730,49029,147371,6263,395,2023-02-23,3,Changed Mind,97197.51,Completed
8731,49033,147389,843,74,2023-08-02,1,Quality Issue,25500.32,Completed
8732,49040,147407,4125,773,2025-01-16,1,Damaged Product,10661.83,Completed
8733,49041,147412,9528,851,2023-12-10,2,Damaged Product,19680.56,Completed
8734,49044,147422,9782,881,2025-10-15,1,Wrong Product,55162.54,Completed
8735,49046,147429,8416,68,2023-07-06,1,Damaged Product,60685.6,Completed
8736,49047,147433,782,403,2025-07-02,1,Damaged Product,13616.52,Completed
8737,49066,147489,6227,95,2023-08-17,1,Product Not as Expected,10076.89,Completed
8738,49068,147494,469,869,2023-04-10,1,Size/Fit Issue,27599.74,Completed
8739,49077,147519,3536,438,2023-08-27,1,Late Delivery,62279.76,Completed
8740,49084,147544,5216,662,2024-09-23,1,Damaged Product,43228.98,Completed
8741,49085,147546,64,736,2024-09-12,1,Late Delivery,77186.9,Completed
8742,49090,147562,5822,900,2025-03-18,2,Product Not as Expected,21528.18,Completed
8743,49091,147564,5917,63,2025-01-11,1,Damaged Product,19746.23,Completed
8744,49103,147596,339,356,2025-03-12,1,Product Not as Expected,27519.26,Completed
8745,49109,147614,2497,977,2025-06-19,1,Late Delivery,24474.24,Completed
8746,49111,147618,4819,419,2025-08-19,1,Product Not as Expected,55047.34,Completed
8747,49120,147647,565,815,2025-01-07,1,Changed Mind,36440.07,Completed
8748,49122,147651,9987,224,2025-10-21,1,Product Not as Expected,29142.1,Completed
8749,49122,147653,9987,578,2025-10-21,1,Damaged Product,39704.69,Completed
8750,49126,147660,3540,110,2025-12-25,1,Size/Fit Issue,61600.35,Completed
8751,49133,147682,8521,701,2023-06-24,1,Late Delivery,51982.43,Completed
8752,49133,147683,8521,102,2023-06-24,1,Quality Issue,41669.88,Completed
8753,49134,147687,8416,461,2023-12-30,1,Product Not as Expected,57237.0,Completed
8754,49137,147699,7549,357,2023-10-17,3,Changed Mind,116850.45,Completed
8755,49140,147709,422,990,2023-01-18,1,Wrong Product,16191.64,Completed
8756,49153,147751,9944,248,2025-04-29,1,Late Delivery,1372.21,Completed
8757,49158,147764,9970,790,2025-04-27,1,Quality Issue,60122.61,Completed
8758,49158,147766,9970,649,2025-04-27,1,Size/Fit Issue,52465.73,Completed
8759,49162,147779,3957,440,2024-07-29,1,Wrong Product,53089.24,Completed
8760,49164,147782,4514,539,2023-10-21,1,Product Not as Expected,59193.59,Completed
8761,49182,147841,7324,886,2023-01-24,1,Quality Issue,49335.18,Completed
8762,49187,147855,313,929,2023-08-16,3,Size/Fit Issue,114149.85,Completed
8763,49188,147858,6213,449,2023-08-14,1,Size/Fit Issue,51653.16,Completed
8764,49199,147886,9618,319,2023-06-09,2,Size/Fit Issue,2539.38,Completed
8765,49201,147894,2521,905,2023-03-07,3,Wrong Product,102363.15,Completed
8766,49203,147904,3636,658,2024-07-19,1,Damaged Product,17062.2,Completed
8767,49205,147910,9517,862,2023-02-17,1,Late Delivery,57732.85,Completed
8768,49209,147920,5038,266,2023-10-07,1,Late Delivery,9890.24,Completed
8769,49213,147931,2144,767,2025-01-08,1,Changed Mind,50379.24,Completed
8770,49220,147951,868,239,2023-09-15,1,Wrong Product,2561.84,Completed
8771,49224,147958,6246,671,2024-09-30,1,Product Not as Expected,65136.28,Completed
8772,49236,147992,5717,508,2025-12-29,1,Changed Mind,66003.7,Completed
8773,49239,148001,3866,678,2025-01-28,1,Late Delivery,49387.32,Completed
8774,49242,148013,4126,367,2023-10-21,1,Wrong Product,58161.69,Completed
8775,49246,148027,5874,281,2023-02-14,2,Wrong Product,9417.12,Completed
8776,49253,148054,9847,14,2023-11-02,1,Product Not as Expected,25186.17,Completed
8777,49255,148062,3438,695,2023-06-25,1,Size/Fit Issue,36339.69,Completed
8778,49261,148076,6108,47,2023-01-19,1,Wrong Product,33493.63,Completed
8779,49276,148127,7614,473,2023-05-29,1,Wrong Product,21534.86,Completed
8780,49277,148129,9958,972,2025-08-16,2,Wrong Product,60617.34,Completed
8781,49285,148154,4039,456,2024-02-16,1,Damaged Product,39470.43,Completed
8782,49287,148161,32,861,2024-08-16,1,Late Delivery,71207.64,Completed
8783,49297,148196,3236,379,2023-05-16,1,Size/Fit Issue,23839.94,Completed
8784,49300,148207,6744,651,2023-09-01,1,Late Delivery,58787.12,Completed
8785,49300,148208,6744,137,2023-09-01,1,Late Delivery,55784.74,Completed
8786,49315,148257,8618,388,2023-04-20,1,Damaged Product,31725.59,Completed
8787,49328,148289,6240,962,2024-08-03,2,Wrong Product,54002.3,Completed
8788,49331,148301,6923,648,2023-11-08,1,Wrong Product,7799.17,Completed
8789,49332,148306,1588,483,2024-11-12,1,Changed Mind,81445.06,Completed
8790,49333,148311,5618,185,2024-01-04,1,Quality Issue,48632.58,Completed
8791,49335,148313,8186,30,2023-06-11,1,Size/Fit Issue,71072.0,Completed
8792,49342,148337,5567,106,2024-10-24,1,Late Delivery,46627.58,Completed
8793,49343,148339,6169,671,2024-04-08,1,Late Delivery,65136.28,Completed
8794,49351,148365,5578,657,2023-09-30,1,Wrong Product,35285.91,Completed
8795,49353,148375,4802,733,2024-05-04,1,Damaged Product,2797.99,Completed
8796,49361,148394,6538,91,2025-11-23,1,Quality Issue,35131.7,Completed
8797,49362,148399,2647,276,2024-12-02,1,Product Not as Expected,39861.23,Completed
8798,49363,148400,3947,357,2023-08-08,1,Size/Fit Issue,38950.15,Completed
8799,49363,148401,3947,620,2023-08-08,1,Size/Fit Issue,62278.71,Completed
8800,49365,148409,7068,48,2023-01-21,2,Changed Mind,48431.98,Completed
8801,49374,148433,3697,122,2023-11-26,1,Size/Fit Issue,61466.27,Completed
8802,49374,148435,3697,947,2023-11-26,2,Late Delivery,19373.4,Completed
8803,49375,148437,2098,923,2024-12-19,1,Quality Issue,3340.47,Completed
8804,49407,148516,825,902,2025-10-17,2,Wrong Product,65930.18,Completed
8805,49411,148526,7071,934,2023-06-24,1,Size/Fit Issue,13975.94,Completed
8806,49411,148527,7071,328,2023-06-24,2,Late Delivery,142254.52,Completed
8807,49412,148530,6104,227,2023-06-27,1,Wrong Product,15855.11,Completed
8808,49433,148589,7091,418,2025-07-10,1,Wrong Product,6259.15,Completed
8809,49441,148603,8739,266,2024-07-06,1,Product Not as Expected,9890.24,Completed
8810,49444,148611,5746,276,2025-04-21,1,Changed Mind,39861.23,Completed
8811,49444,148612,5746,910,2025-04-21,3,Size/Fit Issue,138402.18,Completed
8812,49448,148624,4610,173,2025-01-07,1,Quality Issue,83103.03,Completed
8813,49461,148660,833,805,2024-07-08,1,Size/Fit Issue,29663.21,Completed
8814,49468,148677,4723,824,2023-10-08,1,Product Not as Expected,26487.37,Completed
8815,49471,148683,8172,354,2023-02-28,1,Damaged Product,24299.68,Completed
8816,49481,148714,7030,121,2024-02-13,1,Late Delivery,23334.81,Completed
8817,49481,148715,7030,496,2024-02-13,1,Late Delivery,3172.96,Completed
8818,49483,148722,1095,148,2024-08-17,1,Product Not as Expected,66194.71,Completed
8819,49497,148762,2436,801,2024-04-16,1,Quality Issue,72373.34,Completed
8820,49499,148766,1254,22,2024-12-13,1,Late Delivery,18377.28,Completed
8821,49507,148800,7500,68,2023-01-22,1,Late Delivery,60685.6,Completed
8822,49515,148820,85,292,2023-05-06,1,Damaged Product,55597.58,Completed
8823,49519,148829,4697,70,2025-09-10,2,Late Delivery,69735.86,Completed
8824,49529,148856,9376,615,2023-04-14,1,Damaged Product,29983.07,Completed
8825,49536,148881,572,716,2025-12-14,2,Size/Fit Issue,75815.0,Completed
8826,49544,148907,1068,818,2025-04-25,1,Damaged Product,2517.2,Completed
8827,49552,148932,6821,566,2025-09-22,4,Changed Mind,215940.96,Completed
8828,49558,148956,5629,9,2025-01-22,1,Wrong Product,61804.18,Completed
8829,49566,148980,3795,651,2024-08-03,1,Product Not as Expected,58787.12,Completed
8830,49579,149018,9600,577,2023-12-15,1,Product Not as Expected,28640.16,Completed
8831,49582,149023,6302,431,2024-12-15,1,Size/Fit Issue,8289.77,Completed
8832,49602,149078,9345,171,2024-12-20,1,Changed Mind,30953.01,Completed
8833,49605,149084,8108,278,2025-06-07,2,Size/Fit Issue,64206.16,Completed
8834,49605,149086,8108,743,2025-06-07,1,Changed Mind,22075.79,Completed
8835,49607,149091,9284,661,2024-07-08,1,Product Not as Expected,6801.17,Completed
8836,49608,149096,5318,938,2025-11-06,2,Late Delivery,82945.54,Completed
8837,49618,149124,5839,106,2023-09-14,1,Changed Mind,46627.58,Completed
8838,49624,149145,8727,556,2025-11-22,1,Wrong Product,69103.21,Completed
8839,49627,149153,5829,671,2024-03-05,3,Quality Issue,195408.84,Completed
8840,49630,149160,8303,653,2024-06-23,1,Damaged Product,36919.84,Completed
8841,49647,149206,7411,791,2023-03-16,2,Product Not as Expected,128833.82,Completed
8842,49651,149218,592,395,2023-11-05,2,Size/Fit Issue,64798.34,Completed
8843,49652,149222,9853,933,2025-11-09,1,Quality Issue,33858.42,Completed
8844,49663,149253,9504,116,2025-04-29,3,Quality Issue,253932.75,Completed
8845,49668,149266,7685,135,2025-10-04,1,Damaged Product,54446.43,Completed
8846,49674,149285,9766,882,2023-10-21,1,Size/Fit Issue,8514.18,Completed
8847,49676,149292,2138,433,2025-04-26,1,Late Delivery,47430.05,Completed
8848,49680,149302,9493,439,2023-02-17,1,Wrong Product,45327.89,Completed
8849,49686,149322,6264,501,2025-12-06,2,Damaged Product,15019.04,Completed
8850,49687,149325,6918,307,2024-08-13,1,Size/Fit Issue,59012.04,Completed
8851,49691,149334,8748,231,2023-04-06,1,Size/Fit Issue,21715.73,Completed
8852,49706,149372,8786,818,2025-12-01,1,Damaged Product,2517.2,Completed
8853,49709,149378,5675,64,2023-09-12,1,Wrong Product,12866.2,Completed
8854,49719,149409,3820,274,2025-06-12,2,Product Not as Expected,90987.06,Completed
8855,49736,149459,2775,541,2025-01-01,1,Late Delivery,38960.03,Completed
8856,49759,149523,6635,248,2023-04-16,1,Product Not as Expected,1372.21,Completed
8857,49765,149546,5328,227,2023-10-25,1,Product Not as Expected,15855.11,Completed
8858,49766,149548,917,214,2023-01-28,1,Size/Fit Issue,17174.56,Completed
8859,49772,149567,664,717,2024-02-15,1,Late Delivery,79658.52,Completed
8860,49773,149569,2942,387,2025-08-21,3,Wrong Product,157183.38,Completed
8861,49775,149577,872,179,2025-05-19,1,Late Delivery,61354.94,Completed
8862,49777,149584,7274,924,2025-03-24,1,Quality Issue,35999.57,Completed
8863,49788,149621,696,518,2024-04-22,1,Damaged Product,6573.06,Completed
8864,49794,149636,1162,328,2025-08-06,1,Late Delivery,71127.26,Completed
8865,49807,149679,6375,60,2023-09-11,1,Quality Issue,71063.14,Completed
8866,49809,149685,8360,603,2025-02-09,1,Late Delivery,3198.92,Completed
8867,49819,149714,6195,934,2023-05-05,1,Changed Mind,13975.94,Completed
8868,49824,149731,1331,53,2025-11-06,1,Wrong Product,69627.87,Completed
8869,49825,149734,3552,160,2023-03-13,1,Quality Issue,59526.76,Completed
8870,49841,149788,6472,438,2023-01-15,1,Product Not as Expected,62279.76,Completed
8871,49842,149793,9735,403,2023-07-24,1,Damaged Product,13616.52,Completed
8872,49843,149798,5262,836,2025-04-11,1,Size/Fit Issue,41004.0,Completed
8873,49847,149807,5093,69,2024-02-11,2,Quality Issue,65859.24,Completed
8874,49848,149812,6212,718,2023-03-17,2,Damaged Product,148082.76,Completed
8875,49850,149816,6087,368,2025-11-29,2,Damaged Product,109136.02,Completed
8876,49862,149852,3236,534,2023-07-01,1,Size/Fit Issue,3962.65,Completed
8877,49862,149853,3236,234,2023-07-01,1,Wrong Product,34633.37,Completed
8878,49862,149855,3236,219,2023-07-01,1,Damaged Product,53676.7,Completed
8879,49869,149879,6941,695,2025-08-08,1,Late Delivery,36339.69,Completed
8880,49883,149918,1950,617,2023-08-04,1,Quality Issue,37738.08,Completed
8881,49885,149925,4720,68,2023-01-13,2,Changed Mind,121371.2,Completed
8882,49890,149936,1181,802,2025-04-14,1,Product Not as Expected,14817.63,Completed
8883,49893,149943,4239,537,2024-03-16,1,Damaged Product,53194.66,Completed
8884,49915,149993,9344,506,2024-04-02,2,Product Not as Expected,96441.46,Completed
8885,49922,150014,5389,269,2023-04-14,1,Changed Mind,21191.04,Completed
8886,49930,150037,8496,170,2023-12-05,2,Size/Fit Issue,104664.48,Completed
8887,49941,150072,7781,693,2024-04-11,1,Wrong Product,19806.14,Completed
8888,49950,150102,2948,2,2024-06-29,1,Late Delivery,76394.93,Completed
8889,49963,150139,653,728,2024-09-02,1,Changed Mind,72056.51,Completed
8890,49974,150166,1423,634,2023-08-02,1,Late Delivery,39143.06,Completed
8891,49974,150167,1423,410,2023-08-02,1,Damaged Product,18525.02,Completed
8892,49978,150178,1399,577,2025-08-25,1,Product Not as Expected,28640.16,Completed
8893,49987,150211,9975,900,2025-01-08,1,Quality Issue,10764.09,Completed
8894,49995,150233,3982,923,2025-12-12,1,Changed Mind,3340.47,Completed
